trade_date,trade_time,open,high,low,close,volume,prev_daily_low,sma,std,upper_band,lower_band,distance_to_prev_daily_low_pct,signal,forward_1,forward_3,forward_6
1971-04-13,00:00:00,0.5378,0.5378,0.5378,0.5378,1,0.5381,0.5385899999999999,0.0002511028306871516,0.5390922056613742,0.5380877943386256,-0.055751719011350676,BB_DAILY_LOW_BULLISH,0.0743770918557209,-0.018594272963925063,0.0
1971-04-15,00:00:00,0.5379,0.5379,0.5379,0.5379,1,0.5382,0.538535,0.0003048295468481977,0.5391446590936964,0.5379253409063036,-0.05574136008918004,BB_DAILY_LOW_BULLISH,-0.037181632273673354,-0.09295408068415244,-0.11154489682097879
1971-04-16,00:00:00,0.5377,0.5377,0.5377,0.5377,1,0.5379,0.5384849999999999,0.0003543340677651554,0.5391936681355302,0.5377763318644696,-0.037181632273673354,BB_DAILY_LOW_BULLISH,-0.1859773107680865,0.018597731076806585,-0.03719546215361317
1972-04-19,00:00:00,0.612,0.612,0.612,0.612,1,0.6123,0.615935,0.0014708661966481304,0.6188767323932963,0.6129932676067037,-0.04899559039685889,BB_DAILY_LOW_BULLISH,0.3758169934640472,0.6209150326797428,0.5555555555555488
1972-08-17,00:00:00,0.6122,0.6128,0.6122,0.6126,81,0.6127,0.6152,0.0012026286997648494,0.6176052573995297,0.6127947426004703,-0.016321201240409495,BB_DAILY_LOW_BULLISH,-0.09794319294809745,0.11426705843942586,-0.048971596474057785
1972-08-18,00:00:00,0.6123,0.6123,0.6119,0.612,51,0.6122,0.61494,0.0013052122231242925,0.6175504244462486,0.6123295755537514,-0.03266906239790558,BB_DAILY_LOW_BULLISH,-0.09803921568626371,0.21241830065358952,0.11437908496732582
1972-08-21,00:00:00,0.6114,0.6114,0.6114,0.6114,1,0.6119,0.61468,0.0014652465213901248,0.6176104930427803,0.6117495069572197,-0.08171269815328402,BB_DAILY_LOW_BULLISH,0.31076218514882264,0.3598298985933889,0.26169447170427457
1972-09-29,00:00:00,0.6104,0.6104,0.6104,0.6104,1,0.6106,0.61246,0.0009864343017178916,0.6144328686034358,0.6104871313965642,-0.03275466754012086,BB_DAILY_LOW_BULLISH,-0.2785058977719585,-0.016382699868954784,0.08191349934468298
1972-10-03,00:00:00,0.6088,0.6088,0.6084,0.6088,81,0.6085,0.612035,0.0014833372757775602,0.6150016745515551,0.6090683254484449,0.04930156121609974,BB_DAILY_LOW_BULLISH,0.24638633377134458,0.44349540078844213,0.06570302233902035
1975-07-03,00:00:00,0.8192,0.8194,0.8187,0.8192,141,0.8188,0.833505,0.005774032158574726,0.8450530643171495,0.8219569356828506,0.048851978505137644,BB_DAILY_LOW_BULLISH,-0.6591796875000087,-0.5493164062500072,-2.148437500000007
1975-09-18,00:00:00,0.7431,0.7439,0.7427,0.7432,231,0.7432,0.755425,0.005316595170812966,0.7660581903416259,0.7447918096583741,0.0,BB_DAILY_LOW_BULLISH,-0.20182992465015417,-1.4666307857911762,-1.2917115177610257
1976-05-11,00:00:00,0.7683,0.7685,0.768,0.7681,81,0.7686,0.770855,0.000999197045937702,0.7728533940918754,0.7688566059081245,-0.06505334374186117,BB_DAILY_LOW_BULLISH,-0.20830621012889544,-0.6118994922536177,-0.976435359979163
1976-05-13,00:00:00,0.7659,0.7661,0.7659,0.7661,21,0.7665,0.7703249999999999,0.0016817519060351965,0.7736885038120703,0.7669614961879295,-0.05218525766470397,BB_DAILY_LOW_BULLISH,-0.3524344080407304,-1.0442500978984475,-1.1486751076882953
1978-05-17,00:00:00,0.9176,0.9176,0.9176,0.9176,1,0.9169,0.93651,0.009020088691347343,0.9545501773826947,0.9184698226173053,0.07634420329369863,BB_DAILY_LOW_BULLISH,1.1442894507410708,0.2942458587619917,0.44681778552746215
1979-04-03,00:00:00,1.0391,1.0394,1.0389,1.0391,101,1.0382,1.0497,0.004817184152348128,1.0593343683046963,1.0400656316953039,0.08668849932574657,BB_DAILY_LOW_BULLISH,-0.03849485131363257,-0.5774227697045526,-0.5870464825329608
1979-05-21,00:00:00,1.0184,1.0184,1.0184,1.0184,1,1.0183,1.028685,0.004365929695373445,1.037416859390747,1.0199531406092532,0.009820288716487184,BB_DAILY_LOW_BULLISH,0.12765121759623713,0.40259230164964577,0.019638648860956204
1980-09-23,00:00:00,1.0816,1.0836,1.0798,1.0817,751,1.0822,1.0946000000000002,0.00616774291225061,1.1069354858245015,1.082264514175499,-0.04620218074292597,BB_DAILY_LOW_BULLISH,0.5454377368956081,0.21262827031524162,-0.018489414810039753
1980-10-21,00:00:00,1.049,1.0504,1.0472,1.0489,631,1.0488,1.0768749999999998,0.011835489672565598,1.100545979345131,1.0532040206548685,0.009534706331043953,BB_DAILY_LOW_BULLISH,0.06673658118029793,-0.07627037849174487,-1.0105825150157253
1981-06-05,00:00:00,0.8097,0.8114,0.8085,0.8097,581,0.8101,0.8409800000000001,0.014257504025976057,0.8694950080519521,0.812464991948048,-0.0493766201703576,BB_DAILY_LOW_BULLISH,0.22230455724342643,1.6919846856860623,3.025812029146607
1985-02-06,00:00:00,0.6068,0.6068,0.6068,0.6068,1,0.6064,0.615375,0.003858534627283985,0.623092069254568,0.6076579307454321,0.06596306068600856,BB_DAILY_LOW_BULLISH,-0.4779169413315777,-1.4337508239947332,-2.0105471324983504
1985-02-12,00:00:00,0.5969,0.5969,0.5969,0.5969,1,0.5971,0.6119,0.007045565981256792,0.6259911319625135,0.5978088680374865,-0.033495226930158765,BB_DAILY_LOW_BULLISH,-0.7371418998157078,0.28480482492880466,-1.658569274585361
1985-09-10,00:00:00,0.6645,0.6649,0.6637,0.6645,241,0.6642,0.69588,0.015209851378110728,0.7262997027562215,0.6654602972437786,0.04516711833784507,BB_DAILY_LOW_BULLISH,-0.34612490594431433,1.3393528969149766,1.27915726109858
1986-03-26,00:00:00,0.8368,0.8392,0.8317,0.8369,1491,0.8361,0.8656900000000001,0.013016867599513498,0.891723735199027,0.8396562648009731,0.09568233464896818,BB_DAILY_LOW_BULLISH,0.5854940853148543,-0.43015891982314935,-2.1388457402318113
1987-07-21,00:00:00,1.0494,1.0516,1.0483,1.0494,661,1.0504,1.063505,0.006709025735179877,1.0769230514703596,1.0500869485296402,-0.09520182787508472,BB_DAILY_LOW_BULLISH,0.047646274061363146,0.5241090146750369,0.3335239184295632
1987-09-30,00:00:00,1.0618,1.0633,1.0615,1.0621,331,1.0617,1.078545,0.008193031377802132,1.0949310627556044,1.0621589372443958,0.03767542620325477,BB_DAILY_LOW_BULLISH,-0.20713680444402408,-0.08473778363620402,1.0356840222201202
1988-05-18,00:00:00,1.1466,1.1466,1.1466,1.1466,1,1.1473,1.1642949999999999,0.0068631337786867995,1.1780212675573734,1.1505687324426264,-0.06101281269065833,BB_DAILY_LOW_BULLISH,0.3314146171289051,0.20931449502877703,-0.02616431187859471
1989-05-18,00:00:00,0.9918,0.9944,0.9876,0.9919,1351,0.991,1.0288,0.017796274003856336,1.0643925480077125,0.9932074519922872,0.09081735620585388,BB_DAILY_LOW_BULLISH,0.12097993749369683,-1.7542090936586319,-0.4133481197701374
1991-01-08,00:00:00,1.2762,1.2787,1.2662,1.2682,1701,1.2683,1.3089549999999999,0.016362456224163057,1.341679912448326,1.2762300875516737,-0.007884569896711265,BB_DAILY_LOW_BULLISH,0.575618987541404,0.7412080113546818,-0.1892445986437437
1994-04-06,00:00:00,1.1409,1.1432,1.1389,1.1389,661,1.1384,1.159055,0.009525283529462211,1.1781055670589244,1.1400044329410755,0.043921293042862346,BB_DAILY_LOW_BULLISH,0.0790236192817544,0.22829045570286555,0.3863376942663938
1996-01-17,00:00:00,1.3337,1.3391,1.3282,1.331,1911,1.3323,1.353285,0.008681030438753758,1.3706470608775077,1.3359229391224925,-0.09757562110636334,BB_DAILY_LOW_BULLISH,-0.33057851239669117,-0.45830202854996205,-1.4124718256949609
1996-04-12,00:00:00,1.3018,1.3042,1.2982,1.2996,981,1.2998,1.31833,0.00842047004589425,1.3351709400917886,1.3014890599082114,-0.015386982612707953,BB_DAILY_LOW_BULLISH,-0.40781779008926455,-0.0846414281317406,-0.807940904893827
1997-11-27,00:00:00,1.1121,1.1122,1.1057,1.1084,931,1.1087,1.1303100000000001,0.010159304783555747,1.1506286095671117,1.1099913904328886,-0.027058717416791465,BB_DAILY_LOW_BULLISH,0.06315409599421895,-0.7037170696499484,-0.974377481053784
1998-06-15,00:00:00,1.0925,1.0945,1.086,1.0895,141,1.0898,1.1071300000000002,0.008409837597817518,1.1239496751956353,1.090310324804365,-0.027527986786583684,BB_DAILY_LOW_BULLISH,0.9453877925654152,1.4410279944928912,0.770995869665001
1999-02-12,00:00:00,1.1231,1.1237,1.1214,1.123,183,1.123,1.1311550000000001,0.0029946399486074095,1.137144279897215,1.1251657201027854,0.0,BB_DAILY_LOW_BULLISH,0.06233303650934309,0.19590382902938377,0.43633125556544117
1999-02-12,04:00:00,1.1226,1.1245,1.1226,1.1237,260,1.123,1.13071,0.003402151022468274,1.1375143020449368,1.1239056979550635,0.06233303650934309,BB_DAILY_LOW_BULLISH,0.0,0.4271602740945215,0.39156358458664964
1999-03-02,00:00:00,1.0888,1.09,1.0885,1.0888,146,1.0884,1.0995300000000001,0.005141482481286512,1.1098129649625732,1.089247035037427,0.0367511944138144,BB_DAILY_LOW_BULLISH,-0.027553269654662652,-0.03673769287288354,0.2755326965466673
1999-04-16,00:00:00,1.0706,1.0709,1.0689,1.0692,132,1.0693,1.0782349999999998,0.0036489760639672945,1.0855329521279344,1.0709370478720652,-0.009351912466098289,BB_DAILY_LOW_BULLISH,-0.44893378226710773,-0.12158623269733042,0.009352787130563879
1999-04-22,12:00:00,1.0645,1.0648,1.056,1.0579,1589,1.0575,1.06303,0.002503071796874605,1.068036143593749,1.0580238564062507,0.03782505910165068,BB_DAILY_LOW_BULLISH,0.2552226108327748,0.7562151432082433,0.5104452216655496
1999-04-30,12:00:00,1.061,1.0618,1.0555,1.057,1710,1.0578,1.06301,0.002812921313340415,1.0686358426266809,1.0573841573733191,-0.07562866326338948,BB_DAILY_LOW_BULLISH,0.11352885525071806,0.1608325449385085,0.13245033112583424
1999-05-20,16:00:00,1.0647,1.0659,1.0613,1.0621,1454,1.062,1.066545,0.0020132390762840533,1.0705714781525681,1.062518521847432,0.009416195856872787,BB_DAILY_LOW_BULLISH,0.028245927878727706,-0.15064494868656866,-0.4236889181809574
1999-07-08,00:00:00,1.0221,1.0221,1.0172,1.0187,271,1.0197,1.022785,0.00157355614634458,1.0259321122926892,1.019637887707311,-0.09806805923311875,BB_DAILY_LOW_BULLISH,-0.009816432708352705,-0.23559438500048668,0.2650436831255666
1999-09-20,20:00:00,1.039,1.04,1.0349,1.0357,727,1.0362,1.03998,0.0017536728371529628,1.043487345674306,1.036472654325694,-0.04825323296660345,BB_DAILY_LOW_BULLISH,0.11586366708505047,0.6951820025103672,1.3420874770686515
1999-11-04,16:00:00,1.0497,1.0541,1.0437,1.0447,1804,1.0456,1.0503550000000001,0.0024930376734009847,1.0553410753468022,1.045368924653198,-0.08607498087223822,BB_DAILY_LOW_BULLISH,-0.7179094476883375,-0.5264669283047823,-0.4881784244280542
1999-11-24,08:00:00,1.0274,1.0285,1.0236,1.026,1477,1.0257,1.0301099999999999,0.0019352410426772975,1.0339804820853544,1.0262395179146453,0.029248318221699033,BB_DAILY_LOW_BULLISH,-0.37037037037037285,-0.6822612085770094,-0.7407407407407457
1999-12-02,08:00:00,1.0075,1.0081,1.0024,1.0051,1430,1.0047,1.009185,0.001877365174436631,1.0129397303488732,1.0054302696511268,0.03981287946652513,BB_DAILY_LOW_BULLISH,0.15918814048351643,-0.32832553974729684,-0.24873146950553862
1999-12-10,12:00:00,1.0162,1.0174,1.0132,1.0146,1685,1.0152,1.022915,0.004074216101349558,1.031063432202699,1.014766567797301,-0.05910165484635106,BB_DAILY_LOW_BULLISH,0.1281293120441631,-0.10841711019119642,-0.25625862408830435
2000-01-24,00:00:00,1.0028,1.0045,1.0026,1.0043,143,1.005,1.0125449999999998,0.0032173010916113054,1.0189796021832225,1.0061103978167771,-0.06965174129352468,BB_DAILY_LOW_BULLISH,0.09957184108335278,-0.0597431046499984,0.13940057751668505
2000-01-28,00:00:00,0.9882,0.9895,0.987,0.987,456,0.9868,1.0003,0.005968425693709634,1.0122368513874191,0.9883631486125807,0.020267531414671462,BB_DAILY_LOW_BULLISH,0.06079027355623556,-0.24316109422491974,-0.7497467071935119
2000-02-14,16:00:00,0.9864,0.987,0.9776,0.9782,1459,0.9786,0.987655,0.0043034227501465815,0.9962618455002931,0.9790481544997068,-0.04087471898631381,BB_DAILY_LOW_BULLISH,0.17378859129012827,0.06133714986710744,0.5111429155591908
2000-03-06,00:00:00,0.9567,0.9586,0.9559,0.9569,299,0.9577,0.9668749999999999,0.004710332986103828,0.9762956659722076,0.9574543340277922,-0.08353346559465626,BB_DAILY_LOW_BULLISH,0.08360330233044444,0.7210784826000645,0.1567561918695848
2000-04-13,16:00:00,0.9549,0.9575,0.9517,0.9522,1436,0.9521,0.95867,0.0030131466325709236,0.9646962932651418,0.9526437067348582,0.010503098414042643,BB_DAILY_LOW_BULLISH,0.08401596303296702,0.021003990758241754,0.1995379122033083
2000-07-19,08:00:00,0.925,0.9263,0.9201,0.9227,1489,0.9228,0.93388,0.0051011453819818494,0.9440822907639638,0.9236777092360363,-0.010836584308624728,BB_DAILY_LOW_BULLISH,-0.08670207001191199,0.20591741627831503,-0.07586431126042299
2000-08-29,00:00:00,0.9002,0.9007,0.8986,0.8987,319,0.8986,0.901675,0.001316644458063417,0.9043082889161268,0.8990417110838732,0.011128421989772982,BB_DAILY_LOW_BULLISH,-0.022254367419616,-0.3115611438744881,-0.6231222877489762
2000-08-29,04:00:00,0.8986,0.9007,0.898,0.8985,749,0.8986,0.9015150000000001,0.001495704374639813,0.9045064087492797,0.8985235912507205,-0.011128421989760627,BB_DAILY_LOW_BULLISH,0.2671118530884885,-0.7234279354479634,-0.6566499721758504
2000-08-31,16:00:00,0.8914,0.8927,0.8841,0.8863,1391,0.8867,0.894575,0.004125259162189259,0.9028255183243785,0.8863244816756215,-0.04511108604940419,BB_DAILY_LOW_BULLISH,0.16924292000451954,0.2595058106735833,1.511903418706993
2000-10-06,00:00:00,0.8692,0.8696,0.867,0.8675,487,0.8678,0.874625,0.0028360229746909665,0.880297045949382,0.868952954050618,-0.034570177460240485,BB_DAILY_LOW_BULLISH,0.23054755043227684,0.403458213256478,0.19596541786742636
2001-02-07,00:00:00,0.9294,0.9318,0.9278,0.9285,1086,0.9281,0.93681,0.003838982869356751,0.9444879657387135,0.9291320342612865,0.04309880400818402,BB_DAILY_LOW_BULLISH,0.08616047388260883,0.5277329025309656,0.09693053311793344
2001-07-05,12:00:00,0.8414,0.8437,0.8391,0.8424,2001,0.8429,0.8460600000000001,0.001819311609925711,0.8496986232198516,0.8424213767801487,-0.059319017677060736,BB_DAILY_LOW_BULLISH,-0.7834757834757894,-0.7953466286799666,-0.18993352326686203
2001-07-06,00:00:00,0.8362,0.8405,0.8352,0.8357,1381,0.8354,0.8446199999999999,0.0041197342782611,0.8528594685565222,0.8363805314434777,0.03591094086664675,BB_DAILY_LOW_BULLISH,0.05983008256552064,0.6102668421682415,1.3401938494675107
2001-10-01,00:00:00,0.9103,0.9112,0.9059,0.9076,751,0.9078,0.9183999999999999,0.004964293557369234,0.9283285871147383,0.9084714128852615,-0.022031284423891715,BB_DAILY_LOW_BULLISH,0.20934332304980308,0.8153371529308145,0.8373732921992123
2002-01-16,04:00:00,0.8837,0.8843,0.8816,0.8823,1599,0.8828,0.891305,0.0037348254376768264,0.8987746508753537,0.8838353491246463,-0.05663797009515813,BB_DAILY_LOW_BULLISH,-0.13600816048962697,0.13600816048962697,0.022668026748269066
2002-03-27,16:00:00,0.8745,0.8758,0.8719,0.8727,1915,0.8731,0.8765700000000001,0.0016241921060005003,0.8798183842120011,0.873321615787999,-0.04581376703698957,BB_DAILY_LOW_BULLISH,0.022917382834877733,0.12604560559184025,-0.20625644551392502
2002-03-27,20:00:00,0.8729,0.8738,0.872,0.8729,1244,0.8731,0.8762400000000001,0.0016674594597243877,0.879574918919449,0.8729050810805513,-0.022906883518494785,BB_DAILY_LOW_BULLISH,0.011456065986938824,0.011456065986938824,-0.26348951769961837
2002-05-09,00:00:00,0.9043,0.9055,0.9039,0.9043,943,0.9036,0.91332,0.004411778492972053,0.9221435569859441,0.904496443014056,0.07746790615316887,BB_DAILY_LOW_BULLISH,0.16587415680637585,0.23222381952891635,0.6192635187437852
2002-09-09,00:00:00,0.9817,0.9827,0.9805,0.9811,880,0.9804,0.9918549999999999,0.00488461332821058,1.001624226656421,0.9820857733435788,0.0713994288045617,BB_DAILY_LOW_BULLISH,0.07134848639282784,-0.10192640913260634,-0.061155845479557026
2002-11-13,12:00:00,1.01,1.0101,1.0045,1.0063,1883,1.0065,1.0110249999999998,0.002026112429447536,1.0150772248588948,1.0069727751411048,-0.019870839542968505,BB_DAILY_LOW_BULLISH,-0.04968697207591623,0.059624366491099465,0.3478088045314577
2002-11-13,16:00:00,1.0065,1.0096,1.0053,1.0058,2086,1.0065,1.01084,0.002320254069101477,1.015480508138203,1.006199491861797,-0.06954793840038977,BB_DAILY_LOW_BULLISH,0.09942334460130142,0.04971167230065071,-0.21873135812288522
2002-11-14,16:00:00,1.0098,1.0102,1.0031,1.0036,2057,1.0045,1.009015,0.0026127773079546016,1.0142405546159092,1.0037894453840908,-0.08959681433548043,BB_DAILY_LOW_BULLISH,0.06974890394578745,0.01992825827022499,0.4384216819449939
2003-01-03,08:00:00,1.0381,1.0385,1.0341,1.0342,1679,1.0335,1.0451799999999998,0.005346577852676913,1.0558731557053536,1.034486844294646,0.06773101112723008,BB_DAILY_LOW_BULLISH,0.29007928833880214,0.8315606265712572,1.0926319860762026
2003-02-10,20:00:00,1.0744,1.0764,1.0728,1.0739,1558,1.0729,1.080425,0.002751243737516783,1.0859274874750335,1.0749225125249664,0.09320533134496337,BB_DAILY_LOW_BULLISH,-0.1303659558618184,-0.21417264177297407,-0.05587112394079113
2003-02-11,00:00:00,1.0738,1.0744,1.0707,1.0725,1293,1.0728,1.079855,0.00314600414863426,1.0861470082972686,1.0735629917027314,-0.02796420581655173,BB_DAILY_LOW_BULLISH,0.009324009324008297,-0.13986013986014514,0.18648018648018666
2003-03-21,16:00:00,1.0582,1.0585,1.052,1.0537,2267,1.053,1.060095,0.002787278430732253,1.0656695568614645,1.0545204431385355,0.06647673314341358,BB_DAILY_LOW_BULLISH,-0.07592293821772174,0.6263642402960936,1.0439404004934894
2003-03-21,20:00:00,1.0538,1.0548,1.0502,1.0529,2348,1.053,1.0598049999999999,0.0032097671661585904,1.0662245343323171,1.0533854656676827,-0.009496676163341785,BB_DAILY_LOW_BULLISH,0.4558837496438539,0.9972457023458975,0.9782505461107396
2003-06-05,00:00:00,1.1643,1.166,1.1632,1.1637,1540,1.1633,1.1720099999999998,0.0037621242597354666,1.1795342485194706,1.164485751480529,0.034384939396540526,BB_DAILY_LOW_BULLISH,0.12030592076996373,1.4436710492395075,1.7959955314943834
2003-07-14,00:00:00,1.1289,1.1292,1.1265,1.1267,877,1.1275,1.13284,0.0028617992128901317,1.1385635984257803,1.1271164015742199,-0.07095343680708754,BB_DAILY_LOW_BULLISH,0.00887547705689083,0.31951717404810925,0.09763024762579914
2003-07-16,00:00:00,1.1175,1.1187,1.1112,1.1149,1759,1.1155,1.1277650000000001,0.005517081131227404,1.138799162262455,1.1167308377375453,-0.05378753922007476,BB_DAILY_LOW_BULLISH,0.12557180016145553,0.017938828594490804,0.5830119293210109
2003-07-29,20:00:00,1.1483,1.149,1.1436,1.1443,1915,1.1452,1.14862,0.0020636197115528596,1.1527472394231058,1.1444927605768942,-0.0785888927698132,BB_DAILY_LOW_BULLISH,0.026216901162279725,-0.01747793410820589,-0.8651577383553279
2003-07-31,04:00:00,1.1358,1.1367,1.1322,1.1326,1499,1.1336,1.1450099999999999,0.005868192584486911,1.1567463851689737,1.133273614831026,-0.08821453775581245,BB_DAILY_LOW_BULLISH,0.03531696980398692,-0.7946318205898039,-0.8122903054917974
2003-08-11,00:00:00,1.1306,1.1307,1.1281,1.1284,638,1.1286,1.135345,0.0033893758155595444,1.1421237516311191,1.128566248368881,-0.017721070352647347,BB_DAILY_LOW_BULLISH,0.017724211272596414,0.30131159163415877,0.6203473945409336
2003-10-28,00:00:00,1.1747,1.1756,1.1712,1.1717,1305,1.1719,1.17833,0.0033126710479197963,1.1849553420958396,1.1717046579041606,-0.017066302585542963,BB_DAILY_LOW_BULLISH,-0.02560382350430716,-0.33284970555603094,-0.34991892122556906
2003-10-31,00:00:00,1.1638,1.1639,1.161,1.1612,1397,1.162,1.16891,0.0033684136510192283,1.1756468273020384,1.1621731726979614,-0.06884681583476007,BB_DAILY_LOW_BULLISH,0.06028246641404778,0.1033413709955296,-0.31002411298656973
2004-03-03,00:00:00,1.2217,1.2227,1.2165,1.2204,1535,1.2195,1.24163,0.009165501680241392,1.259961003360483,1.2232989966395171,0.07380073800737194,BB_DAILY_LOW_BULLISH,-0.20485086856767837,-0.40970173713535674,-0.3031792854801734
2004-03-25,00:00:00,1.2127,1.2142,1.2104,1.2126,1447,1.2117,1.2285499999999998,0.00718562160794473,1.2429212432158894,1.2141787567841102,0.0742758108442602,BB_DAILY_LOW_BULLISH,0.024740227610109602,0.06597394029359509,0.14844136566056604
2004-04-21,00:00:00,1.1869,1.1874,1.1821,1.1846,1283,1.1841,1.1974300000000002,0.005692571336293377,1.208815142672587,1.1860448573274134,0.042226163330813866,BB_DAILY_LOW_BULLISH,-0.07597501266251248,-0.07597501266251248,-0.11818335303056456
2004-04-21,04:00:00,1.1846,1.1848,1.1819,1.1837,1424,1.1841,1.196685,0.006455293625173701,1.2095955872503474,1.1837744127496526,-0.03378093066463609,BB_DAILY_LOW_BULLISH,-0.06758469206723933,0.23654642223537517,-0.06758469206723933
2004-05-10,00:00:00,1.1881,1.1898,1.1858,1.1872,1529,1.1875,1.20764,0.00940052630093639,1.2264410526018727,1.1888389473981273,-0.02526315789473406,BB_DAILY_LOW_BULLISH,-0.27796495956873996,-0.38746630727762277,-0.03369272237196394
2004-06-10,00:00:00,1.2046,1.2054,1.2022,1.2045,1816,1.2034,1.22532,0.009494796358666832,1.2443095927173335,1.2063304072826664,0.0914076782449625,BB_DAILY_LOW_BULLISH,0.07471980074720823,0.07471980074720823,0.27397260273973273
2004-06-24,04:00:00,1.2071,1.208,1.204,1.2057,1741,1.2063,1.210515,0.002334021827767286,1.2151830436555346,1.2058469563444654,-0.04973887092762447,BB_DAILY_LOW_BULLISH,0.49763622791739287,0.9869785187028299,0.7713361532719654
2004-06-29,16:00:00,1.2164,1.2169,1.2105,1.2117,2400,1.2122,1.2163650000000001,0.0021349904468914668,1.220634980893783,1.2120950191062172,-0.041247318924265385,BB_DAILY_LOW_BULLISH,-0.2805975076339085,-0.23933316827596784,0.4291491293224472
2004-08-04,12:00:00,1.2016,1.2031,1.1968,1.1984,2180,1.1994,1.2041499999999998,0.002795014357901685,1.209740028715803,1.1985599712841966,-0.08337502084376454,BB_DAILY_LOW_BULLISH,0.5173564753003992,0.5590787716956067,0.3755006675567566
2004-08-23,08:00:00,1.2294,1.2311,1.2263,1.2267,1789,1.2278,1.233305,0.002900176945236953,1.239105353890474,1.2275046461095263,-0.08959113862193362,BB_DAILY_LOW_BULLISH,-0.2201027146001406,-1.0026901442895557,-0.8967147631857748
2004-08-30,00:00:00,1.2012,1.2018,1.1997,1.2006,817,1.2004,1.207435,0.0030225947371648673,1.2134801894743297,1.2013898105256704,0.01666111296234405,BB_DAILY_LOW_BULLISH,-0.09995002498749525,0.14159586873230343,0.4914209561885738
2004-08-30,04:00:00,1.2005,1.2012,1.1991,1.1994,1229,1.2004,1.207005,0.003510356856634958,1.21402571371327,1.1999842862867303,-0.08330556481172026,BB_DAILY_LOW_BULLISH,0.33350008337502113,0.5502751375687793,0.7253626813406645
2005-01-20,12:00:00,1.2994,1.3003,1.2922,1.2955,1889,1.2963,1.304035,0.003926197436976401,1.311887394873953,1.2961826051260472,-0.0617141093882521,BB_DAILY_LOW_BULLISH,0.03859513701273214,-0.03859513701274928,0.04631416441527857
2005-03-21,04:00:00,1.3305,1.331,1.3249,1.3256,1366,1.3265,1.33562,0.004698107121449005,1.345016214242898,1.326223785757102,-0.06784771956276842,BB_DAILY_LOW_BULLISH,-0.3168376584188279,-0.7015691007845402,-0.7015691007845402
2005-05-02,00:00:00,1.2862,1.287,1.284,1.2843,1140,1.2853,1.292575,0.0035451783413356507,1.2996653566826712,1.2854846433173288,-0.07780284758423028,BB_DAILY_LOW_BULLISH,0.08564977030289658,0.11679514132212543,0.07007708479326488
2005-05-09,00:00:00,1.2816,1.2831,1.2812,1.2816,1173,1.281,1.2922850000000001,0.004953284396638462,1.302191568793277,1.2823784312067232,0.04683840749415737,BB_DAILY_LOW_BULLISH,-0.1326466916354584,-0.015605493133581304,0.1794631710362023
2005-05-09,04:00:00,1.2816,1.282,1.2789,1.2799,1773,1.281,1.291905,0.005590261739308969,1.303085523478618,1.280724476521382,-0.08587041373925675,BB_DAILY_LOW_BULLISH,0.1875146495819953,0.24220642237673887,0.414094851160236
2005-06-13,00:00:00,1.2109,1.2124,1.2108,1.2111,1278,1.2106,1.2235200000000002,0.006044971812072657,1.2356099436241454,1.2114300563758549,0.04130183380143458,BB_DAILY_LOW_BULLISH,-0.016513912971676818,-0.42110478077781394,0.2972504334902011
2005-07-04,00:00:00,1.1932,1.1949,1.1907,1.1941,869,1.1933,1.2054399999999998,0.004911254529228256,1.2152625090584563,1.1956174909415433,0.06704097879828308,BB_DAILY_LOW_BULLISH,-0.12561761996481324,-0.3182313039108974,-0.19261368394606557
2005-07-04,04:00:00,1.1928,1.1939,1.1901,1.1926,1419,1.1933,1.20481,0.005690055961090313,1.2161901119221805,1.1934298880778194,-0.05866085644849769,BB_DAILY_LOW_BULLISH,0.008385041086700401,-0.20962602716754725,-0.10900553412712383
2005-08-16,00:00:00,1.237,1.2376,1.2336,1.2336,1868,1.2344,1.241315,0.003732541817468366,1.2487800836349368,1.2338499163650631,-0.06480881399869669,BB_DAILY_LOW_BULLISH,0.07295719844357174,-0.23508430609598935,0.15402075226978054
2005-08-30,00:00:00,1.2233,1.2242,1.2215,1.2226,1857,1.2215,1.2290400000000001,0.0031045637032613596,1.235249127406523,1.2228308725934773,0.0900532132623724,BB_DAILY_LOW_BULLISH,-0.11451006052673367,-0.3271716015049897,-0.032717160150495334
2005-08-30,04:00:00,1.2223,1.2232,1.2203,1.2212,1981,1.2215,1.22873,0.003553959985295562,1.2358379199705911,1.221622080029409,-0.02455996725337429,BB_DAILY_LOW_BULLISH,0.01637733377006043,-0.11464133639044118,0.024566000655090642
2005-11-11,00:00:00,1.1687,1.1697,1.1671,1.1686,1418,1.1675,1.175205,0.0029446606449635092,1.181094321289927,1.1693156787100731,0.09421841541756752,BB_DAILY_LOW_BULLISH,0.10268697586854934,0.15403046380284305,0.32517542358377766
2006-02-06,16:00:00,1.1989,1.1993,1.1964,1.1973,1855,1.1967,1.2054300000000002,0.004050873849626886,1.213531747699254,1.1973282523007465,0.050137879167705686,BB_DAILY_LOW_BULLISH,-0.11692975862357537,-0.03340850246387338,0.0
2006-02-06,20:00:00,1.1972,1.1976,1.1944,1.1959,1567,1.1967,1.204685,0.004368942422710203,1.2134228848454205,1.1959471151545795,-0.06685050555695946,BB_DAILY_LOW_BULLISH,0.05853332218414123,0.23413328873652778,0.075257128522462
2006-02-13,00:00:00,1.1895,1.1906,1.1887,1.1891,635,1.1892,1.19591,0.0026910964304896097,1.2012921928609792,1.1905278071390208,-0.00840901446350395,BB_DAILY_LOW_BULLISH,0.05886805146748995,-0.025229164914638544,0.04204860819106424
2006-08-10,16:00:00,1.2838,1.2843,1.2746,1.2772,2071,1.2764,1.28431,0.0032058991674790804,1.2907217983349581,1.277898201665042,0.06267627702913757,BB_DAILY_LOW_BULLISH,0.17225180081429706,0.015659254619495775,-0.32101471969934176
2006-10-13,16:00:00,1.2525,1.2531,1.2483,1.2503,1398,1.2512,1.25379,0.0016597082807843513,1.2571094165615686,1.2504705834384313,-0.07193094629156993,BB_DAILY_LOW_BULLISH,0.07198272414621475,0.03199232184275422,0.11997120691034607
2006-10-16,00:00:00,1.2501,1.2507,1.2493,1.2494,511,1.2483,1.253465,0.0020011246833611025,1.2574672493667223,1.2494627506332778,0.08811984298646967,BB_DAILY_LOW_BULLISH,0.10404994397309564,0.22410757163437758,0.36817672482791236
2006-11-17,04:00:00,1.2793,1.2795,1.2772,1.2773,888,1.2783,1.281135,0.0015218669277078552,1.2841787338554156,1.2780912661445842,-0.07822889775482203,BB_DAILY_LOW_BULLISH,0.1252642292335257,0.3836217020277072,0.5402019885696316
2006-12-15,00:00:00,1.3147,1.3161,1.314,1.3142,1003,1.314,1.322695,0.0040519618377956364,1.3307989236755913,1.3145910763244086,0.015220700152205325,BB_DAILY_LOW_BULLISH,0.03804595951909488,-0.27393090853751695,-0.3804595951909995
2006-12-22,16:00:00,1.3191,1.321,1.3129,1.313,2414,1.314,1.31891,0.002332583839126295,1.3235751676782526,1.3142448323217475,-0.07610350076104352,BB_DAILY_LOW_BULLISH,-0.015232292460013556,-0.04569687738004066,0.0
2006-12-22,20:00:00,1.3129,1.3147,1.3107,1.3128,1141,1.314,1.31873,0.002653319668131119,1.3240366393362621,1.3134233606637378,-0.09132420091324885,BB_DAILY_LOW_BULLISH,0.03046922608165417,-0.007617306520413543,-0.2437538086532503
2007-02-22,12:00:00,1.3093,1.3104,1.3079,1.3102,1154,1.311,1.313685,0.0017363831126637162,1.3171577662253273,1.3102122337746727,-0.061022120518681305,BB_DAILY_LOW_BULLISH,0.21370783086551012,0.1602808731491368,0.1908105632727787
2007-03-05,08:00:00,1.3144,1.3173,1.3123,1.3128,2131,1.3141,1.3190899999999999,0.0031432299844174464,1.3253764599688347,1.312803540031165,-0.09892702229663487,BB_DAILY_LOW_BULLISH,-0.3275441803778162,-0.2666057282145078,-0.03046922608165417
2007-05-25,00:00:00,1.3429,1.3433,1.3416,1.3416,405,1.3414,1.345065,0.0017085774316682684,1.3484821548633366,1.3416478451366634,0.014909795735796778,BB_DAILY_LOW_BULLISH,0.01490757304712284,0.2906976744186058,0.24597495527728688
2007-06-08,00:00:00,1.3432,1.3434,1.342,1.3421,373,1.3422,1.34947,0.0033477565147540913,1.356165513029508,1.3427744869704918,-0.0074504544777223205,BB_DAILY_LOW_BULLISH,0.0,-0.5811787497205892,-0.5439237016615814
2007-08-15,00:00:00,1.3531,1.3539,1.3522,1.3522,651,1.3531,1.36348,0.00554926263454606,1.374578525269092,1.352381474730908,-0.06651393097331319,BB_DAILY_LOW_BULLISH,-0.1331164028989812,-0.4215352758467711,-0.8282798402603239
2007-12-20,12:00:00,1.4346,1.4366,1.4309,1.4334,2278,1.4325,1.4383199999999998,0.0022465412004683536,1.4428130824009364,1.4338269175990632,0.06282722513088312,BB_DAILY_LOW_BULLISH,0.04883493790985928,0.013952839402816938,0.23022185014651042
2007-12-20,20:00:00,1.4342,1.4354,1.4321,1.4322,694,1.4325,1.437745,0.0027486791080610765,1.4432423582161222,1.4322476417838779,-0.020942408376976543,BB_DAILY_LOW_BULLISH,0.0977517106549412,0.39100684261974933,0.41195363776009053
2008-01-10,12:00:00,1.4672,1.47,1.464,1.4641,2472,1.4638,1.469075,0.002127483068604069,1.4733299661372081,1.4648200338627917,0.020494603087851275,BB_DAILY_LOW_BULLISH,0.6625230517041215,1.0176900484939646,1.0176900484939646
2008-03-20,00:00:00,1.5622,1.5649,1.5572,1.5583,1220,1.5581,1.5724399999999998,0.007009572402004029,1.586459144804008,1.5584208551959917,0.012836146588792629,BB_DAILY_LOW_BULLISH,0.08984149393570351,-0.9305011871911671,-1.123018674196244
2008-05-28,00:00:00,1.5689,1.5696,1.5671,1.5676,991,1.5681,1.57478,0.003139661395753156,1.5810593227915064,1.5685006772084937,-0.0318857215738757,BB_DAILY_LOW_BULLISH,0.21051288594028184,-0.30620056136770457,-0.15947945904568567
2008-08-14,20:00:00,1.4802,1.4829,1.4795,1.4827,1588,1.4841,1.49006,0.0035095958677011613,1.4970791917354023,1.4830408082645976,-0.09433326595243366,BB_DAILY_LOW_BULLISH,-0.4114116139475278,-0.7553787010184041,-0.930734470897674
2008-08-15,00:00:00,1.4828,1.4828,1.4754,1.4766,1847,1.4777,1.489195,0.004504322485050482,1.498203644970101,1.480186355029899,-0.07444000812073498,BB_DAILY_LOW_BULLISH,0.013544629554380197,-0.1286739807666269,-0.2167140728700982
2008-08-15,04:00:00,1.4765,1.4794,1.4757,1.4768,1451,1.4777,1.488495,0.005265326000490796,1.4990256520009815,1.4779643479990183,-0.06090546118969499,BB_DAILY_LOW_BULLISH,-0.3588840736727966,-0.6026543878656493,-0.1625135427952301
2009-01-12,00:00:00,1.3459,1.3462,1.338,1.3409,1563,1.3414,1.35923,0.008882336107974155,1.3769946722159483,1.3414653277840516,-0.03727448933949194,BB_DAILY_LOW_BULLISH,-0.16406890894175402,0.15661123126258414,-0.7606831232754111
2009-05-28,04:00:00,1.38436,1.38511,1.37931,1.38142,10472,1.38237,1.395,0.006151861506734398,1.4073037230134688,1.3826962769865312,-0.06872255618973258,BB_DAILY_LOW_BULLISH,0.3083783353360984,0.7463334829378334,1.2320655557324935
2009-06-16,00:00:00,1.38025,1.38031,1.37477,1.37627,6843,1.37554,1.3976795000000002,0.010525913124441469,1.4187313262488832,1.3766276737511172,0.053070067028230326,BB_DAILY_LOW_BULLISH,0.2928204494757553,0.9678333466543627,0.5260595668001128
2009-07-08,00:00:00,1.39229,1.39237,1.38807,1.39026,6411,1.39032,1.3966925,0.0032110104571509298,1.4031145209143017,1.3902704790856981,-0.004315553253923484,BB_DAILY_LOW_BULLISH,0.09422697912620101,-0.07840260095234239,-0.11220922705105561
2009-07-23,20:00:00,1.42451,1.42485,1.4119,1.41425,13997,1.41556,1.4211815,0.0025854517569114457,1.426352403513823,1.416010596486177,-0.09254288055609952,BB_DAILY_LOW_BULLISH,0.03676860526781517,0.46809262860173734,0.4178893406399209
2009-08-06,20:00:00,1.43405,1.43617,1.43291,1.43451,9406,1.43559,1.4397579999999999,0.002187020563464098,1.444132041126928,1.4353839588730717,-0.07523039307880175,BB_DAILY_LOW_BULLISH,0.11223344556678667,0.1073537305421431,-1.1334880900098252
2009-08-07,12:00:00,1.43604,1.44118,1.42721,1.43206,10852,1.43291,1.4387635,0.0029332544792024734,1.444630008958405,1.4328969910415952,-0.05931984562881098,BB_DAILY_LOW_BULLISH,-0.9797075541527734,-0.8379537170230305,-1.0097342290127604
2009-08-26,16:00:00,1.42783,1.4285,1.42065,1.42388,15300,1.42526,1.430752,0.002623554438635346,1.4359991088772708,1.4255048911227293,-0.09682443904971282,BB_DAILY_LOW_BULLISH,0.1088574879905568,0.07584908840632426,0.19383655926060298
2009-09-25,00:00:00,1.46632,1.46645,1.46189,1.46275,6102,1.46282,1.4746405,0.005297786503771737,1.4852360730075436,1.4640449269924565,-0.004785277751193892,BB_DAILY_LOW_BULLISH,0.345240129892326,0.10801572380789028,0.11416851820202087
2009-10-02,00:00:00,1.45443,1.45445,1.45019,1.45147,5524,1.4517,1.4595905,0.0036969282765232946,1.4669843565530467,1.4521966434469533,-0.01584349383481108,BB_DAILY_LOW_BULLISH,0.1763729184895241,0.019290787959796482,0.7378726394620624
2010-01-18,00:00:00,1.4348,1.43748,1.43348,1.43436,2891,1.43365,1.4466015,0.006040707761574672,1.4586829155231495,1.4345200844768506,0.04952394238482115,BB_DAILY_LOW_BULLISH,0.21194121420005657,0.20706098887308047,0.3987841267185328
2010-01-27,08:00:00,1.40755,1.40763,1.40211,1.40286,9305,1.40422,1.4117640000000002,0.003937360055722459,1.419638720111445,1.4038892798885554,-0.09685092079588867,BB_DAILY_LOW_BULLISH,0.3578404117303241,-0.062016166973178105,0.07270860955476818
2010-04-28,00:00:00,1.3174,1.31842,1.31445,1.31667,6427,1.31654,1.3312865,0.006983115180920127,1.3452527303618402,1.3173202696381598,0.00987436766068357,BB_DAILY_LOW_BULLISH,0.23999939240660542,0.6949349495317727,0.1875944617861706
2010-05-17,00:00:00,1.23485,1.23712,1.23323,1.23467,4122,1.23529,1.2563255,0.01039948403319552,1.2771244680663911,1.2355265319336088,-0.050190643492626426,BB_DAILY_LOW_BULLISH,-0.4478929592522727,-0.049405914130901334,-0.03563705281573181
2010-05-19,00:00:00,1.22017,1.22019,1.21435,1.21644,9109,1.21616,1.2375874999999998,0.010504443608549336,1.2585963872170984,1.2165786127829012,0.023023286409687704,BB_DAILY_LOW_BULLISH,0.21209430798066709,1.229818157903397,1.550425832757892
2010-11-29,00:00:00,1.3275,1.32867,1.31932,1.32118,6864,1.32003,1.3320525,0.005264647611430563,1.3425817952228611,1.321523204777139,0.08711923213866232,BB_DAILY_LOW_BULLISH,0.10142448417323126,-0.4435428934740139,-0.7084575909414338
2011-01-31,00:00:00,1.358,1.36024,1.35711,1.35822,5985,1.35833,1.3683325,0.004116490425097106,1.3765654808501941,1.3600995191498058,-0.008098179382039305,BB_DAILY_LOW_BULLISH,0.15829541605926112,0.8739379481969083,0.9843766105638339
2011-02-04,00:00:00,1.3634,1.36376,1.36191,1.36191,8553,1.36092,1.375916,0.006896808109852542,1.389709616219705,1.362122383780295,0.07274490785645346,BB_DAILY_LOW_BULLISH,0.08150318302971153,0.07122350228723906,-0.31279599973566025
2011-07-11,00:00:00,1.42236,1.42266,1.4187,1.41993,7858,1.42059,1.433151,0.0061261234414668134,1.4454032468829336,1.4208987531170665,-0.04645956961544886,BB_DAILY_LOW_BULLISH,-0.059862105878460026,-1.0063876388272601,-1.290204446698069
2011-08-01,16:00:00,1.43981,1.44044,1.41843,1.42361,22240,1.42293,1.4350815000000001,0.005190977268212284,1.4454634545364247,1.4246995454635756,0.04778871764598497,BB_DAILY_LOW_BULLISH,0.09553178187846585,0.11941472734808233,-0.23110261939716742
2011-08-02,08:00:00,1.42531,1.42576,1.41583,1.41932,18491,1.41843,1.4322000000000001,0.0062133675926334215,1.444626735185267,1.4197732648147332,0.06274542980618256,BB_DAILY_LOW_BULLISH,0.2332102697066304,0.03804638841135086,0.5305357495138543
2011-08-18,16:00:00,1.43723,1.4374,1.42711,1.43218,21051,1.4325,1.440547,0.00344573130258774,1.4474384626051755,1.4336555373948245,-0.022338568935434414,BB_DAILY_LOW_BULLISH,0.07191833428759557,-0.08797776815763653,0.5613819491963333
2011-08-31,16:00:00,1.44417,1.44442,1.43678,1.43701,20676,1.43841,1.446521,0.00449314202560972,1.4555072840512193,1.4375347159487806,-0.09732969042206797,BB_DAILY_LOW_BULLISH,0.060542376183892146,-0.013917787628477046,-0.6631825804969914
2011-09-22,00:00:00,1.35704,1.36001,1.35543,1.3556,13886,1.35629,1.3669244999999999,0.005546566956117962,1.3780176339122359,1.355831366087764,-0.05087407560330604,BB_DAILY_LOW_BULLISH,-0.11876659781645688,-1.134552965476538,-0.18146946001769748
2011-11-10,00:00:00,1.35529,1.35569,1.35137,1.35306,11092,1.35231,1.374093,0.00889938087726868,1.3918917617545374,1.3562942382454626,0.05546065621048639,BB_DAILY_LOW_BULLISH,0.048778324686274445,0.74645618080499,0.43678772559975776
2011-12-12,12:00:00,1.3312,1.33236,1.3252,1.32729,18669,1.3281,1.3366145,0.004194066579340347,1.3450026331586806,1.3282263668413195,-0.06098938332956685,BB_DAILY_LOW_BULLISH,-0.6456765288671042,-0.7067031319455557,-0.5492394277060793
2011-12-29,00:00:00,1.29374,1.29433,1.28869,1.29005,9085,1.29116,1.3043375000000001,0.0054203746955322615,1.3151782493910646,1.2934967506089357,-0.08596920598532841,BB_DAILY_LOW_BULLISH,0.2185961784426995,-0.10232161544126103,0.37905507538467975
2012-02-16,00:00:00,1.3065,1.30697,1.3033,1.30426,10548,1.30442,1.3165585,0.006143157318518374,1.3288448146370366,1.3042721853629633,-0.012265987948662085,BB_DAILY_LOW_BULLISH,-0.19704660113780698,-0.4523637924953626,0.6616778863110051
2012-04-04,00:00:00,1.32328,1.32383,1.32168,1.32258,8173,1.32128,1.3321565,0.003502617479639479,1.3391617349592788,1.3251512650407211,0.0983894405425102,BB_DAILY_LOW_BULLISH,-0.30621966157057484,-0.799951609732495,-0.566317349423097
2012-05-30,00:00:00,1.25013,1.25043,1.24638,1.24643,8684,1.24609,1.2534105,0.0032441371811757587,1.2598987743623515,1.2469222256376484,0.027285348570328546,BB_DAILY_LOW_BULLISH,0.03128936241907789,-0.17810867838546,-0.7934661392938195
2012-06-28,12:00:00,1.2425,1.24605,1.24164,1.24332,20141,1.24454,1.248574,0.002372081918729331,1.2533181638374586,1.2438298361625415,-0.09802818712134594,BB_DAILY_LOW_BULLISH,-0.05630087185920945,0.12386191809028223,1.9769649004278904
2012-10-10,00:00:00,1.28841,1.28841,1.28493,1.28647,5079,1.28585,1.297415,0.005334612401309271,1.3080842248026185,1.2867457751973814,0.048217132636004585,BB_DAILY_LOW_BULLISH,-0.038866044291739794,0.17101059488367235,-0.18422504994286562
2013-02-21,04:00:00,1.32841,1.32888,1.32551,1.32652,4305,1.32709,1.335148,0.004306951052375932,1.3437619021047518,1.3265340978952482,-0.0429511186129186,BB_DAILY_LOW_BULLISH,-0.46135753701413496,-0.4628652413834554,-0.39878780568706224
2013-02-26,04:00:00,1.30824,1.3088,1.30383,1.30538,6133,1.30487,1.3188024999999999,0.006438631658241882,1.3316797633164836,1.3059252366835161,0.03908435323059082,BB_DAILY_LOW_BULLISH,0.1470836078383246,-0.003830302287447599,0.07890422712161105
2013-05-10,08:00:00,1.30394,1.30506,1.29905,1.30004,10981,1.30098,1.3101924999999999,0.005016588141131194,1.3202256762822622,1.3001593237177376,-0.07225322449230126,BB_DAILY_LOW_BULLISH,0.1169194794006312,-0.11615027229932327,-0.23230054459862948
2013-05-15,08:00:00,1.29355,1.29424,1.2888,1.29007,10807,1.29129,1.2975394999999998,0.0034261494035586976,1.3043917988071172,1.2906872011928825,-0.09447916424660602,BB_DAILY_LOW_BULLISH,-0.210066120443076,-0.12092367080856123,-0.3178122117404476
2013-05-29,00:00:00,1.28555,1.28584,1.28415,1.28537,5657,1.28493,1.2917095,0.003008431091148098,1.2977263621822963,1.2856926378177038,0.03424311051963889,BB_DAILY_LOW_BULLISH,-0.020227638734366525,0.7087453418082088,0.6807378420221443
2013-06-20,04:00:00,1.32862,1.32905,1.32516,1.32534,8591,1.32621,1.3354009999999998,0.004216774646609383,1.3438345492932187,1.326967450706781,-0.06560047051373073,BB_DAILY_LOW_BULLISH,-0.24446557109873013,-0.11016041166795063,-0.19013988863234008
2013-07-03,00:00:00,1.29783,1.29836,1.29656,1.29662,4522,1.29636,1.3030735,0.002889531513436585,1.3088525630268733,1.2972944369731267,0.02005615724028426,BB_DAILY_LOW_BULLISH,0.057842698708936026,0.05167281084665888,0.28689978559639256
2013-07-31,12:00:00,1.32884,1.32902,1.3214,1.3223,12637,1.32346,1.3267915000000001,0.001632673864100847,1.3300568477282018,1.3235261522717985,-0.0876490411497174,BB_DAILY_LOW_BULLISH,0.393254178325635,0.6292066853210228,0.14444528473115617
2013-08-01,16:00:00,1.32421,1.32671,1.32101,1.32133,13403,1.3214,1.3262865,0.00228136449225225,1.3308492289845044,1.3217237710154954,-0.005297411835932684,BB_DAILY_LOW_BULLISH,-0.052976924765192876,-0.007568132109313267,0.482090015363324
2013-08-01,20:00:00,1.32134,1.32232,1.31981,1.32063,5949,1.3214,1.326025,0.002609035917765258,1.3312430718355306,1.3208069281644694,-0.05827153019524273,BB_DAILY_LOW_BULLISH,-0.008329357957948442,0.073449792901883,0.5565525544626404
2013-08-28,16:00:00,1.33651,1.33728,1.3305,1.33334,12848,1.33232,1.3370454999999999,0.0017135726757627244,1.3404726453515254,1.3336183546484743,0.07655818422000878,BB_DAILY_LOW_BULLISH,0.04049979750101136,-0.06674966625167304,-0.7004964975175052
2013-09-06,00:00:00,1.31197,1.31224,1.31163,1.3121,2566,1.31104,1.3172635000000001,0.0025635425220078972,1.3223905850440159,1.3121364149559844,0.08085184281181816,BB_DAILY_LOW_BULLISH,0.05868455148235176,0.07087874399816138,0.41917536773112263
2013-09-24,12:00:00,1.3493,1.34971,1.34643,1.34711,8363,1.34792,1.3517934999999999,0.0020562031308456893,1.3559059062616912,1.3476810937383086,-0.06009258709715542,BB_DAILY_LOW_BULLISH,0.1625702429645622,0.016331257284103524,0.2457111891382236
2013-10-10,04:00:00,1.35079,1.35106,1.349,1.34927,3957,1.34857,1.355462,0.002982043806306119,1.361426087612612,1.3494979123873878,0.05190683464706489,BB_DAILY_LOW_BULLISH,0.25939952715172343,0.21567217828899837,0.2927508949283776
2013-10-29,08:00:00,1.37749,1.37909,1.37591,1.37631,5573,1.37748,1.3794715,0.0014945595196566544,1.3824606190393132,1.3764823809606868,-0.08493771234428923,BB_DAILY_LOW_BULLISH,-0.015258190378608124,-0.13223764994804463,0.028336639274590212
2013-11-01,00:00:00,1.3583,1.35892,1.35607,1.3562,4003,1.3575,1.3718860000000002,0.00681511586184147,1.385516231723683,1.3582557682763172,-0.09576427255984213,BB_DAILY_LOW_BULLISH,-0.036130364253067496,-0.3738386668633041,-0.47633092464239285
2013-11-21,00:00:00,1.34308,1.3442,1.34199,1.34239,3806,1.34152,1.3503729999999998,0.0035877409692811404,1.3575484819385621,1.3431975180614375,0.06485180988728653,BB_DAILY_LOW_BULLISH,-0.05736037962141683,0.3017006980087835,0.36204083761053696
2013-11-21,04:00:00,1.34239,1.34301,1.34135,1.34162,3403,1.34152,1.3499824999999999,0.0040861883859913805,1.3581548767719827,1.341810123228017,0.0074542310215269985,BB_DAILY_LOW_BULLISH,0.08199042948076793,0.39802626675212804,0.3592671546339534
2013-12-13,12:00:00,1.37621,1.37621,1.37093,1.37293,8001,1.37376,1.3764379999999998,0.0017174387294288927,1.3798728774588576,1.373003122541142,-0.060418122525048655,BB_DAILY_LOW_BULLISH,-0.04224541673647054,0.11872418841456013,0.42172579811060734
2013-12-19,00:00:00,1.36944,1.37051,1.36677,1.36768,6830,1.36742,1.375184,0.0025677809383237975,1.3803195618766475,1.3700484381233524,0.01901390940602938,BB_DAILY_LOW_BULLISH,-0.14403954141319805,-0.10894361254094462,-0.3224438465138062
2014-01-20,00:00:00,1.35325,1.35349,1.35074,1.35145,2697,1.35168,1.360548,0.003783609526929482,1.368115219053859,1.3529807809461412,-0.017015861742420726,BB_DAILY_LOW_BULLISH,0.0880535720892393,0.3092974212882349,0.2427022827333567
2014-01-29,12:00:00,1.36765,1.36845,1.36283,1.36372,9773,1.3629,1.3669855,0.0015438689437618051,1.3700732378875236,1.3638977621124764,0.060165822877690435,BB_DAILY_LOW_BULLISH,0.18258880122018312,0.15472384360426306,-0.38864282990643845
2014-02-27,08:00:00,1.36864,1.3692,1.36511,1.36602,5473,1.36614,1.3724815000000001,0.0029665597210817856,1.3784146194421638,1.3665483805578365,-0.008783872809514249,BB_DAILY_LOW_BULLISH,-0.031478309248761396,0.3565101535848619,0.39457694616477107
2014-03-20,00:00:00,1.38325,1.38325,1.38134,1.38233,6112,1.38095,1.390732,0.0029214246704867097,1.3965748493409735,1.3848891506590266,0.09993120677795424,BB_DAILY_LOW_BULLISH,0.057149884615095264,-0.42464534517807195,-0.32047340360117743
2014-03-20,08:00:00,1.38314,1.38448,1.38223,1.38223,13201,1.38095,1.3899255,0.0038296440332105715,1.3975847880664212,1.3822662119335787,0.09268981498245193,BB_DAILY_LOW_BULLISH,-0.41744138095686334,-0.3197731202477222,-0.269130318398542
2014-05-09,00:00:00,1.38392,1.38441,1.38333,1.38357,3423,1.38328,1.3904290000000001,0.003183620745734637,1.3967962414914694,1.3840617585085309,0.02096466369787038,BB_DAILY_LOW_BULLISH,0.008673214943958023,-0.37150270676582486,-0.6107388856364382
2014-07-16,04:00:00,1.35689,1.35698,1.35598,1.35601,2984,1.35619,1.3600435,0.0019825031358948024,1.3640085062717895,1.3560784937282104,-0.013272476570397141,BB_DAILY_LOW_BULLISH,-0.12536780702207467,-0.23672391796520195,-0.246310867913946
2014-07-25,12:00:00,1.34452,1.34557,1.34267,1.34325,14597,1.34378,1.346519,0.0012201591783199343,1.34895931835664,1.34407868164336,-0.039440979922302714,BB_DAILY_LOW_BULLISH,-0.029778522240830517,-0.02531174390470925,0.04243439419318514
2014-07-25,16:00:00,1.34324,1.3444,1.3421,1.34285,14560,1.34378,1.346235,0.0013782387690976696,1.3489914775381955,1.3434785224618047,-0.06920775722215507,BB_DAILY_LOW_BULLISH,0.0022340544364578686,-0.004468108872932273,0.09457497114345476
2014-07-25,20:00:00,1.34285,1.34354,1.34248,1.34288,6766,1.34378,1.3459530000000002,0.0014606346851921176,1.3488742693703843,1.343031730629616,-0.06697524892466779,BB_DAILY_LOW_BULLISH,0.0022340045275806098,0.06850947217919931,0.07074347670677993
2014-09-01,00:00:00,1.31292,1.31345,1.31243,1.31272,1823,1.31323,1.3175585,0.0022257258423330996,1.3220099516846662,1.313107048315334,-0.038835542898029166,BB_DAILY_LOW_BULLISH,-0.005332439514901463,0.09903101956242433,0.028947528795160042
2014-09-05,00:00:00,1.29448,1.29458,1.29221,1.2933,5587,1.29201,1.3100025,0.007361384219722555,1.324725268439445,1.2952797315605549,0.09984442844868006,BB_DAILY_LOW_BULLISH,-0.005412510631701265,0.31392561663961766,0.15309672929715404
2014-09-18,00:00:00,1.28648,1.28654,1.28347,1.28555,6486,1.28522,1.293938,0.0030510094962042,1.3000400189924084,1.2878359810075917,0.025676537868998414,BB_DAILY_LOW_BULLISH,0.02644782388860853,0.23803041499747676,0.4356112169888413
2014-09-18,04:00:00,1.28555,1.28734,1.28535,1.28589,3885,1.28522,1.2934109999999999,0.0034782798226806826,1.3003675596453612,1.2864544403546385,0.052131152643123235,BB_DAILY_LOW_BULLISH,0.2356344632900239,0.4930437284682215,0.4572708396519226
2014-09-25,00:00:00,1.27808,1.2781,1.27744,1.27806,3120,1.27742,1.2840285,0.0028492626467189674,1.2897270252934379,1.2783299747065622,0.05010098479748038,BB_DAILY_LOW_BULLISH,-0.11032345899252861,-0.4131261443124698,-0.177612944619188
2014-09-25,04:00:00,1.27807,1.27834,1.2764,1.27665,4400,1.27742,1.283719,0.0032876289646081606,1.2902942579292165,1.2771437420707836,-0.06027774733446614,BB_DAILY_LOW_BULLISH,-0.3227196177495886,-0.20209141111502968,-0.1715427094348597
2014-10-30,00:00:00,1.2631,1.26388,1.26186,1.26239,6799,1.26304,1.2705695000000001,0.0035700338710307126,1.2777095677420616,1.2634294322579387,-0.05146313655941533,BB_DAILY_LOW_BULLISH,-0.13149660564484786,-0.1837783886120674,-0.15684534890167626
2014-11-07,00:00:00,1.23747,1.23857,1.23645,1.23787,9225,1.23739,1.2493285,0.005209944211036613,1.2597483884220733,1.2389086115779269,0.03879132690582888,BB_DAILY_LOW_BULLISH,-0.0646271417838815,0.10825046248797505,0.6535419712893866
2014-11-24,00:00:00,1.23623,1.23751,1.23623,1.23714,3368,1.23747,1.250442,0.006028276876785882,1.2624985537535718,1.2383854462464283,-0.026667313146998592,BB_DAILY_LOW_BULLISH,0.15923824304444342,0.31766817013434123,0.5027725237240825
2014-12-03,00:00:00,1.23787,1.23891,1.23775,1.23873,4280,1.23765,1.2446015000000001,0.0028754281599608334,1.2503523563199217,1.2388506436800786,0.08726215004243461,BB_DAILY_LOW_BULLISH,-0.025832909512169558,-0.5215018607767739,-0.5933496403574781
2014-12-30,04:00:00,1.21533,1.21616,1.21316,1.2139,6088,1.2143,1.2178299999999997,0.0015861804494986676,1.221002360898997,1.2146576391010024,-0.03294078893189129,BB_DAILY_LOW_BULLISH,0.18947194991349936,0.21253810033775655,0.2075953538182781
2015-01-23,04:00:00,1.1346,1.13731,1.13383,1.13633,4252,1.13623,1.154061,0.00874937706030311,1.1715597541206062,1.1365622458793938,0.008801035001715233,BB_DAILY_LOW_BULLISH,-0.15576461063247907,-1.0155500602817935,-1.657089049835886
2015-02-06,20:00:00,1.13437,1.13495,1.1309,1.13102,15389,1.13035,1.1423904999999999,0.005375300701106139,1.1531411014022122,1.1316398985977876,0.05927367629494833,BB_DAILY_LOW_BULLISH,0.02475641456385015,0.29088787112518044,0.22103941574863123
2015-06-26,16:00:00,1.11982,1.12072,1.11297,1.11547,36522,1.11534,1.1194739999999999,0.0016960616906027104,1.1228661233812052,1.1160818766187945,0.011655638639335403,BB_DAILY_LOW_BULLISH,0.14881619407066032,-1.2586622679229431,0.2259137403964318
2015-08-05,00:00:00,1.0889,1.0894,1.08783,1.0885,10444,1.08826,1.0953975,0.003172149984015953,1.101741799968032,1.0890532000319681,0.02205355337878981,BB_DAILY_LOW_BULLISH,-0.20854386770785432,-0.038585209003223424,0.16260909508498386
2015-10-23,00:00:00,1.11079,1.11131,1.1078,1.1106,10094,1.11065,1.131048,0.00846512013752443,1.147978240275049,1.1141177597249512,-0.0045018682753237725,BB_DAILY_LOW_BULLISH,0.0891410048622408,-0.13686295696019862,-0.7896632450927376
2015-11-30,16:00:00,1.05742,1.05847,1.05587,1.05613,33225,1.05682,1.0598930000000002,0.0018002020339009373,1.0634934040678021,1.0562925959321983,-0.06529021025340923,BB_DAILY_LOW_BULLISH,0.10794125723158313,0.16853985778264918,0.4374461477280324
2016-02-18,12:00:00,1.11271,1.11416,1.10958,1.10971,34944,1.11057,1.114885,0.002448270064897126,1.1197815401297941,1.1099884598702057,-0.07743771216583223,BB_DAILY_LOW_BULLISH,0.018923862991235864,0.09101476962449247,0.05046363464329564
2016-02-23,12:00:00,1.10371,1.10524,1.0991,1.09919,37783,1.10028,1.108037,0.004321352248777251,1.1166797044975545,1.0993942955024454,-0.09906569236921835,BB_DAILY_LOW_BULLISH,0.28657465952203065,0.2829356162265094,-0.297491789408554
2016-04-06,12:00:00,1.1357,1.13616,1.13262,1.13435,28868,1.13356,1.1379815,0.0016788757971883026,1.1413392515943765,1.1346237484056234,0.06969194396415439,BB_DAILY_LOW_BULLISH,0.7475646846211526,0.49808260237139623,0.20981178648565688
2016-04-13,08:00:00,1.13691,1.13709,1.13405,1.13528,24354,1.13458,1.1392894999999998,0.001960135533786337,1.1432097710675726,1.135369228932427,0.06169683935907076,BB_DAILY_LOW_BULLISH,-0.4430625044042078,-0.6438940173349437,-0.879078289056453
2016-05-19,00:00:00,1.12178,1.12261,1.12108,1.12196,8568,1.12171,1.1300940000000002,0.0033758342431271546,1.1368456684862545,1.1233423315137459,0.02228740048676427,BB_DAILY_LOW_BULLISH,0.01693465007664377,-0.24688937217014517,-0.1595422296695032
2016-05-24,08:00:00,1.12063,1.12267,1.11751,1.11821,19579,1.11873,1.1210175,0.0012923861021578594,1.1236022722043157,1.1184327277956843,-0.04648127787760013,BB_DAILY_LOW_BULLISH,-0.10731436849964389,-0.36934028491964543,-0.3246259647114605
2016-05-25,00:00:00,1.11408,1.11442,1.11341,1.11349,7462,1.11321,1.1197435,0.0028916181492823954,1.1255267362985648,1.1139602637014352,0.0251524869521526,BB_DAILY_LOW_BULLISH,0.18859621550260808,0.12483273311839373,0.17692121168576325
2016-05-30,00:00:00,1.11125,1.11153,1.11065,1.11079,7800,1.11107,1.1157869999999999,0.0023747888538136544,1.1205365777076273,1.1110374222923725,-0.025200932434505295,BB_DAILY_LOW_BULLISH,-0.04231222823395695,0.28088117465947765,0.3547025090251132
2016-06-10,04:00:00,1.13097,1.13116,1.12919,1.12984,14374,1.13052,1.135907,0.0029976378411249397,1.14190227568225,1.12991172431775,-0.0601493118211101,BB_DAILY_LOW_BULLISH,0.1531190257027552,-0.1637399985838621,-0.40713729377610436
2016-06-13,00:00:00,1.12478,1.12528,1.12334,1.12379,10738,1.1245,1.1339549999999998,0.004950484824233171,1.1438559696484663,1.1240540303515334,-0.06313917296576153,BB_DAILY_LOW_BULLISH,0.1290276653111303,0.2794116338461741,0.43869406205784695
2016-07-06,04:00:00,1.10629,1.10683,1.10357,1.10512,22218,1.10619,1.111772,0.0031837624209112825,1.1181395248418224,1.1054044751581775,-0.0967284101284503,BB_DAILY_LOW_BULLISH,0.12215867960040196,0.21536122773995825,0.40176632401911094
2016-07-22,20:00:00,1.09672,1.09786,1.09551,1.09747,16448,1.09793,1.101318,0.0017411236526509181,1.1048002473053018,1.0978357526946982,-0.041897024400474256,BB_DAILY_LOW_BULLISH,-0.05831594485498227,-0.09020747719755862,0.1421451155840256
2016-08-29,08:00:00,1.12003,1.12074,1.11717,1.11814,16239,1.11806,1.1259315,0.0038307938912342265,1.1335930877824685,1.1182699122175317,0.007155251059858859,BB_DAILY_LOW_BULLISH,-0.11537016831523901,0.051871858622357214,-0.11089845636502654
2016-09-19,00:00:00,1.11531,1.11602,1.11509,1.11573,7359,1.11492,1.1224285,0.00322278610182899,1.128874072203658,1.115982927796342,0.0726509525347289,BB_DAILY_LOW_BULLISH,0.08514604787894779,0.04391743522177224,0.17298091832253207
2016-09-30,08:00:00,1.12167,1.12267,1.11676,1.11856,29244,1.11965,1.1218885,0.0015817421259082885,1.1250519842518167,1.1187250157481834,-0.097351851024877,BB_DAILY_LOW_BULLISH,-0.22350164497210223,0.48544557287942053,0.3906808754112417
2016-10-07,00:00:00,1.11493,1.11548,1.11248,1.11414,18028,1.11395,1.119343,0.0024098528007500744,1.1241627056015002,1.1145232943984997,0.017056420844733827,BB_DAILY_LOW_BULLISH,-0.2629831080474516,0.000897553269792442,0.4748056797170928
2016-10-14,16:00:00,1.10059,1.10273,1.09816,1.09843,40245,1.09851,1.1032835,0.0023799431097049867,1.1080433862194101,1.09852361378059,-0.0072825918744553984,BB_DAILY_LOW_BULLISH,-0.12017151752956381,-0.010924683411789555,0.1356481523629172
2016-10-17,00:00:00,1.09689,1.09726,1.0965,1.09653,5842,1.09699,1.102274,0.0027448984249555043,1.107763796849911,1.096784203150089,-0.04193292555081678,BB_DAILY_LOW_BULLISH,0.16233026000199655,0.25170309977840055,0.41312139202757087
2016-11-18,00:00:00,1.0626,1.06296,1.06197,1.06218,14354,1.06229,1.071001,0.004123275268784348,1.0792475505375687,1.0627544494624315,-0.01035498780936039,BB_DAILY_LOW_BULLISH,-0.17134572294714012,0.05083884087444756,-0.37093524638007047
2017-02-07,04:00:00,1.07428,1.07441,1.07039,1.07075,20757,1.07053,1.0764235000000002,0.0026653769843053084,1.081754253968611,1.0710927460313895,0.02055056841005007,BB_DAILY_LOW_BULLISH,-0.24282045295355192,-0.21013308428672284,-0.17651179080085633
2017-03-09,04:00:00,1.05444,1.05447,1.05298,1.05301,15117,1.05345,1.0575315,0.0022428536205312986,1.0620172072410627,1.0530457927589374,-0.041767525748729974,BB_DAILY_LOW_BULLISH,0.038936002507100734,0.4786279332579874,0.6144291127339698
2017-04-07,12:00:00,1.0636,1.06411,1.06226,1.0623,18428,1.06287,1.0658150000000002,0.0016721259694989468,1.069159251938998,1.0624707480610023,-0.0536283835276148,BB_DAILY_LOW_BULLISH,-0.08095641532524549,-0.40384072295962786,-0.4490256989550918
2017-04-10,00:00:00,1.0586,1.05885,1.05731,1.05801,7450,1.05804,1.0649285,0.0029389530439793755,1.0708064060879587,1.0590505939120411,-0.0028354315527008935,BB_DAILY_LOW_BULLISH,0.016067901059536628,-0.04536819122690844,0.158788669294253
2017-06-09,00:00:00,1.12168,1.12365,1.11798,1.11881,14353,1.11948,1.1247165000000001,0.0023365162427081464,1.1293895324854164,1.1200434675145838,-0.05984921570728806,BB_DAILY_LOW_BULLISH,0.1063630106988697,-0.08133641994620967,0.11887630607518981
2017-10-27,00:00:00,1.1658,1.16591,1.16403,1.16455,9588,1.16557,1.1764095,0.004916577194558574,1.1862426543891174,1.1665763456108829,-0.08751083161028689,BB_DAILY_LOW_BULLISH,-0.08501137778541466,-0.1674466532136788,-0.4379374007127116
2017-11-03,20:00:00,1.16161,1.16196,1.15991,1.16066,12823,1.1613,1.164234,0.0017186573690736269,1.1676713147381472,1.1607966852618528,-0.05511065185567674,BB_DAILY_LOW_BULLISH,0.06892630055312597,0.03360157151964317,-0.008615787569140746
2018-02-28,00:00:00,1.22356,1.22401,1.22257,1.2226,8995,1.22215,1.2300529999999998,0.003241877460303231,1.2365367549206063,1.2235692450793934,0.03682035756657034,BB_DAILY_LOW_BULLISH,-0.018812367086533003,-0.06379846229347316,-0.2813675772942817
2018-04-19,16:00:00,1.23808,1.23854,1.23291,1.23363,21286,1.23415,1.2374364999999998,0.0014270812111993121,1.2402906624223984,1.2345823375776013,-0.042134262447844746,BB_DAILY_LOW_BULLISH,0.09889513063074007,0.04053079124210216,-0.4434068561886535
2018-04-20,08:00:00,1.23413,1.23529,1.23245,1.2325,14084,1.23291,1.2367165,0.0020371891740167515,1.2407908783480335,1.2326421216519665,-0.03325465767979994,BB_DAILY_LOW_BULLISH,-0.16876267748477564,-0.3058823529411626,-0.4908722109533379
2018-05-07,12:00:00,1.19299,1.19362,1.18984,1.18992,13011,1.19108,1.196865,0.002772624634272244,1.2024102492685445,1.1913197507314557,-0.0973906034858975,BB_DAILY_LOW_BULLISH,0.22522522522522653,0.2848931020572815,-0.2285867957509795
2018-05-16,00:00:00,1.18414,1.1847,1.18168,1.18204,9078,1.18201,1.19239,0.00440259731886495,1.20119519463773,1.1835848053622702,0.0025380495934868986,BB_DAILY_LOW_BULLISH,0.10828736760176881,-0.2834083448952628,-0.0482217183851612
2018-05-28,12:00:00,1.16958,1.16968,1.16348,1.16405,29080,1.16452,1.1697695,0.002482450984224045,1.174734401968448,1.1648045980315518,-0.040359976642734385,BB_DAILY_LOW_BULLISH,-0.1048064945663845,-0.12198788711824894,-0.7413770886130439
2018-07-12,00:00:00,1.167,1.16778,1.167,1.16749,9688,1.16653,1.173468,0.002863872239614435,1.179195744479229,1.167740255520771,0.08229535459866869,BB_DAILY_LOW_BULLISH,0.011134999014996748,-0.18843844486890507,-0.09336268404866967
2018-07-26,16:00:00,1.17098,1.17304,1.16497,1.16537,30005,1.16635,1.16991,0.002146662034200527,1.174203324068401,1.165616675931599,-0.08402280619025,BB_DAILY_LOW_BULLISH,-0.10211349185237516,-0.042904828509395726,0.04719531136034482
2018-08-10,00:00:00,1.15288,1.15331,1.15159,1.15236,4351,1.15253,1.1583685,0.002806652387803824,1.1639818047756076,1.1527551952243922,-0.014750158347288442,BB_DAILY_LOW_BULLISH,0.07376167169981754,-0.5076538581693336,-1.1211774098372074
2018-09-28,00:00:00,1.16496,1.16518,1.16327,1.16356,4080,1.16417,1.173562,0.004174547689918686,1.1819110953798373,1.1652129046201627,-0.05239784567545973,BB_DAILY_LOW_BULLISH,0.10141290522192074,-0.4580769362989305,-0.26470487125717385
2018-10-18,00:00:00,1.15056,1.15059,1.1495,1.15007,5030,1.15007,1.1563244999999998,0.0027240826064915034,1.1617726652129827,1.1508763347870168,0.0,BB_DAILY_LOW_BULLISH,-0.009564635196103928,0.12173172067787769,-0.40954028885198224
2018-11-09,04:00:00,1.13675,1.13685,1.13403,1.1346,7708,1.13557,1.1421750000000002,0.003663763522966413,1.149502527045933,1.1348474729540674,-0.08541965708850316,BB_DAILY_LOW_BULLISH,-0.08549268464658359,0.053763440860215,-0.18244315177155088
2019-04-18,08:00:00,1.12936,1.13037,1.12643,1.12705,10484,1.12783,1.130013,0.0011482852178557996,1.1323095704357116,1.1277164295642883,-0.06915935912327238,BB_DAILY_LOW_BULLISH,-0.1685816955769498,-0.3646688256954046,-0.2413380062996367
2019-04-24,16:00:00,1.12109,1.12114,1.11804,1.11908,17270,1.11918,1.123542,0.0019180104808570663,1.1273780209617141,1.119705979038286,-0.00893511320788336,BB_DAILY_LOW_BULLISH,-0.3109697251313713,-0.3100761339671948,-0.4619866318761946
2019-05-15,00:00:00,1.12071,1.12096,1.12008,1.12028,2438,1.12035,1.1226845,0.001077914528608252,1.1248403290572166,1.1205286709427835,-0.006248047485162181,BB_DAILY_LOW_BULLISH,0.047309601171148415,-0.19905737851251068,0.03392009140572419
2019-05-16,16:00:00,1.1204,1.12061,1.11714,1.11774,16773,1.11776,1.121318,0.001742271957269399,1.1248025439145388,1.1178334560854613,-0.0017892928714689218,BB_DAILY_LOW_BULLISH,-0.00805196199473254,-0.0035786497754433056,-0.11541145525793238
2019-05-23,08:00:00,1.11499,1.11518,1.11326,1.11401,8423,1.11483,1.1157845,0.0007466660949109683,1.1172778321898218,1.1142911678101781,-0.07355381537992725,BB_DAILY_LOW_BULLISH,-0.016157844184508843,0.3366217538442332,0.4308758449206145
2019-05-23,12:00:00,1.114,1.11454,1.11287,1.11383,10909,1.11483,1.115709,0.0008614913595345005,1.117431982719069,1.113986017280931,-0.08969977485355524,BB_DAILY_LOW_BULLISH,0.2899903935070741,0.4085003995223537,0.3932377472325066
2019-05-29,08:00:00,1.11648,1.11689,1.11516,1.11532,7633,1.11601,1.118636,0.0015302438726970385,1.121696487745394,1.1155755122546058,-0.06182740298024726,BB_DAILY_LOW_BULLISH,-0.019725280636957016,-0.1936663917082238,-0.19635620270416887
2019-06-13,16:00:00,1.12964,1.12965,1.12679,1.12738,15120,1.1282,1.1309915,0.001700793234270339,1.1343930864685405,1.1275899135314593,-0.07268214855522451,BB_DAILY_LOW_BULLISH,0.005322074189709679,-0.018627259664003575,-0.5118061345775207
2019-07-02,00:00:00,1.12868,1.12891,1.12798,1.12864,2972,1.12806,1.135371,0.0029501719832927707,1.1412713439665854,1.1294706560334145,0.05141570483839732,BB_DAILY_LOW_BULLISH,-0.06113552594273457,0.08328607882052212,0.031896796144024304
2019-07-02,04:00:00,1.12864,1.12871,1.12748,1.12795,3474,1.12806,1.134943,0.0033676246500518527,1.1416782493001036,1.1282077506998964,-0.009751254365907354,BB_DAILY_LOW_BULLISH,0.07890420674675805,0.18351877299525832,0.06560574493549917
2019-07-05,08:00:00,1.1282,1.12823,1.12653,1.1267,5623,1.12727,1.128402,0.0007387086844483713,1.1298794173688966,1.1269245826311032,-0.05056463846283139,BB_DAILY_LOW_BULLISH,-0.0772166503949522,-0.37454513180084426,-0.315079435519654
2019-08-01,00:00:00,1.10695,1.10815,1.10601,1.10714,5244,1.10642,1.1134195,0.0024815264284786817,1.1183825528569573,1.1084564471430427,0.06507474557582599,BB_DAILY_LOW_BULLISH,-0.23303285943963967,-0.33600086709900695,0.0677421103022227
2019-08-12,08:00:00,1.12058,1.12111,1.11672,1.11678,9001,1.11768,1.1201405,0.0014991347485034977,1.123138769497007,1.117142230502993,-0.08052394245221359,BB_DAILY_LOW_BULLISH,0.18535432224787282,0.4011533157828594,0.21848528806031603
2019-08-23,04:00:00,1.10836,1.10854,1.10663,1.10678,5230,1.10635,1.1088335,0.000991953280154464,1.110817406560309,1.1068495934396911,0.038866543137357296,BB_DAILY_LOW_BULLISH,0.0063246534993216755,0.7173964112108853,0.664088617430742
2019-08-23,12:00:00,1.10686,1.10733,1.10515,1.10569,9365,1.10635,1.1086179999999999,0.0012793402882611915,1.1111766805765222,1.1060593194234776,-0.05965562435033063,BB_DAILY_LOW_BULLISH,0.8166846041838011,0.7823169242735347,0.5345078638677984
2019-08-30,04:00:00,1.1059,1.10598,1.10422,1.10443,7156,1.1042,1.1082715,0.0016971098480438847,1.1116657196960877,1.1048772803039124,0.02082955986233947,BB_DAILY_LOW_BULLISH,-0.05975933286854802,-0.4998053294459558,-0.49075088507193576
2019-08-30,08:00:00,1.10443,1.10517,1.10333,1.10377,12786,1.1042,1.107953,0.0019121057542083558,1.1117772115084166,1.1041287884915834,-0.03894222061222174,BB_DAILY_LOW_BULLISH,-0.02264964621251361,-0.4384971506745025,-0.5037281317665827
2019-10-01,04:00:00,1.08991,1.09006,1.08858,1.08877,3424,1.08846,1.0926814999999999,0.0019472119730416758,1.0965759239460833,1.0887870760539164,0.028480605626300688,BB_DAILY_LOW_BULLISH,-0.0009184676286144468,0.400451886073268,0.44637526750370476
2019-10-24,16:00:00,1.1121,1.11535,1.1093,1.10975,14038,1.11061,1.1134465,0.0015867751953405492,1.1166200503906811,1.1102729496093189,-0.07743492315034826,BB_DAILY_LOW_BULLISH,0.021626492453256856,0.04325298490651371,-0.14958323946834826
2019-10-24,20:00:00,1.10975,1.1111,1.10932,1.10999,6312,1.11061,1.113104,0.0015546988181915178,1.116213397636383,1.1099946023636171,-0.0558251771549027,BB_DAILY_LOW_BULLISH,0.031531815601948884,0.11982089928738576,-0.18468634852567203
2019-11-04,20:00:00,1.11546,1.11567,1.11253,1.11273,5195,1.11281,1.115688,0.0013220223720172483,1.1183320447440346,1.1130439552559654,-0.007189008006764856,BB_DAILY_LOW_BULLISH,0.0053921436467021635,0.06650310497604657,-0.5625803204730647
2019-11-05,00:00:00,1.11273,1.11306,1.11216,1.11279,4089,1.11253,1.1157135,0.0012561020510453377,1.1182257041020907,1.1132012958979094,0.023370156310385064,BB_DAILY_LOW_BULLISH,-0.040438896826880136,-0.09705335238454425,-0.4852667619227213
2019-11-05,04:00:00,1.11279,1.1131,1.11124,1.11234,3549,1.11253,1.115611,0.0014399703924254227,1.1184909407848507,1.1127310592151491,-0.017078191149893708,BB_DAILY_LOW_BULLISH,0.10158764406565017,-0.45939191254474077,-0.42522969595628335
2019-11-05,12:00:00,1.11347,1.11401,1.11141,1.11171,9008,1.11253,1.115266,0.0017025071278961605,1.1186710142557925,1.1118609857442077,-0.07370587759431592,BB_DAILY_LOW_BULLISH,-0.4029827922749673,-0.38859054969370427,-0.31483030646482074
2019-11-14,12:00:00,1.10106,1.10156,1.0989,1.09904,7852,1.09953,1.1016270000000001,0.0012605808997509145,1.104148161799502,1.0991058382004983,-0.04456449573907756,BB_DAILY_LOW_BULLISH,0.09735769398747128,0.2665963022273873,0.3776022710729251
2019-11-21,20:00:00,1.10758,1.10776,1.10521,1.10587,5339,1.1053,1.107324,0.0007142931688812545,1.1087525863377625,1.1058954136622374,0.05156970958110554,BB_DAILY_LOW_BULLISH,0.060585783139082396,0.05696872145913448,-0.3662274950943499
2019-11-25,00:00:00,1.10151,1.10224,1.1015,1.10224,1283,1.10144,1.1063465,0.001826435338823797,1.1099993706776474,1.1026936293223524,0.07263219058688027,BB_DAILY_LOW_BULLISH,-0.02721730294674381,-0.06622877050371238,-0.10977645521847831
2019-11-25,04:00:00,1.10224,1.1026,1.10184,1.10194,2989,1.10144,1.1060510000000001,0.002036402657567472,1.110123805315135,1.1019781946848652,0.04539511911678756,BB_DAILY_LOW_BULLISH,0.09437900430151841,-0.07169174365209054,-0.05172695428062866
2019-12-20,12:00:00,1.11181,1.11236,1.10899,1.10972,7721,1.11072,1.112907,0.0015752029090824594,1.116057405818165,1.1097565941818353,-0.09003169115527675,BB_DAILY_LOW_BULLISH,-0.09822297516490966,-0.15319179612875633,-0.14778502685362846
2020-01-03,08:00:00,1.11719,1.11748,1.1152,1.11531,5363,1.11635,1.119604,0.00196269524527553,1.123529390490551,1.115678609509449,-0.09316074707752317,BB_DAILY_LOW_BULLISH,-0.2089105271180159,0.024208516017967422,0.10131712259372509
2020-01-24,12:00:00,1.1051,1.10617,1.10281,1.10355,9569,1.10363,1.107696,0.002036471146644574,1.1117689422932893,1.1036230577067108,-0.007248806212234172,BB_DAILY_LOW_BULLISH,-0.09786597798015222,-0.10058447736848754,-0.10058447736848754
2020-02-19,00:00:00,1.07939,1.07972,1.07896,1.07948,3014,1.07852,1.083148,0.001406472255271612,1.0859609445105431,1.0803350554894569,0.08901086674332158,BB_DAILY_LOW_BULLISH,0.03798125023159498,-0.030570274576642593,0.13710304961647513
2020-04-22,20:00:00,1.0829,1.08291,1.08032,1.0818,11632,1.08164,1.085483,0.0017413941766762672,1.0889657883533526,1.0820002116466474,0.014792352353847862,BB_DAILY_LOW_BULLISH,-0.11000184877056982,-0.20151599186541605,-0.33277870216306593
2020-04-23,00:00:00,1.0818,1.08243,1.08055,1.08061,4192,1.08032,1.0850985,0.001925868975330578,1.088950237950661,1.081246762049339,0.026843898104276835,BB_DAILY_LOW_BULLISH,0.028687500578380033,-0.37941533023014706,-0.2942782317394768
2020-04-23,08:00:00,1.08092,1.08342,1.07844,1.07962,18334,1.08032,1.0844385,0.0023216946498157164,1.0890818892996315,1.0797951107003687,-0.06479561611373694,BB_DAILY_LOW_BULLISH,-0.2880643189270249,-0.1315277597673234,-0.5159222689464881
2020-06-19,20:00:00,1.11882,1.11963,1.11718,1.11765,14501,1.11854,1.1229835,0.0026569794374966356,1.1282974588749932,1.1176695411250066,-0.07956800829653453,BB_DAILY_LOW_BULLISH,0.0008947344875466839,0.3033149912763391,0.7068402451572512
2020-09-09,00:00:00,1.17783,1.17824,1.17567,1.17666,3788,1.17654,1.1820935,0.002415973759165932,1.1869254475183317,1.177261552481668,0.010199398235514306,BB_DAILY_LOW_BULLISH,0.11473152822395274,0.004249315860136613,0.3135995104788104
2020-11-11,12:00:00,1.18082,1.181,1.17621,1.17686,14692,1.17798,1.184064,0.0035507707087468893,1.1911655414174938,1.1769624585825063,-0.09507801490687531,BB_DAILY_LOW_BULLISH,-0.08752103053889897,0.08922046802508331,0.3543327158710473
2021-01-11,00:00:00,1.22116,1.22285,1.21821,1.2187,4287,1.21932,1.2279995,0.004099813185092175,1.2361991263701844,1.2197998736298155,-0.05084801364695608,BB_DAILY_LOW_BULLISH,-0.11323541478624247,-0.1690325756954091,-0.21662427176499352
2021-01-18,00:00:00,1.20813,1.20864,1.20661,1.20663,3071,1.2075,1.2149510000000001,0.00399186396178401,1.222934727923568,1.2069672720764322,-0.07204968944098769,BB_DAILY_LOW_BULLISH,0.06464284826334525,-0.008287544649145884,0.09447800900026675
2021-01-26,08:00:00,1.21395,1.21399,1.21078,1.21112,7255,1.2116,1.2152965000000002,0.0020218185521487454,1.2193401371042978,1.2112528628957027,-0.0396170353251928,BB_DAILY_LOW_BULLISH,0.21798005152255562,0.4417398771385136,0.362474403857596
2021-02-17,00:00:00,1.21155,1.21179,1.2086,1.20884,6728,1.20949,1.2126055,0.0015407601489984453,1.2156870202979968,1.2095239797020032,-0.05374165970781399,BB_DAILY_LOW_BULLISH,0.011581350716391664,-0.21673670626384342,-0.35654015419739704
2021-03-05,00:00:00,1.1966,1.19767,1.19605,1.19671,9469,1.19645,1.2046139999999999,0.0034871273043484145,1.2115882546086967,1.197639745391303,0.02173095407245827,BB_DAILY_LOW_BULLISH,-0.03843871948925846,-0.29581101519999636,-0.340934729383047
2021-03-05,04:00:00,1.19666,1.19686,1.19515,1.19625,9386,1.19645,1.2041965000000001,0.003957080628429225,1.2121106612568586,1.1962823387431416,-0.016716118517278448,BB_DAILY_LOW_BULLISH,-0.10114942528735074,-0.4664576802507954,-0.5090909090909032
2021-03-24,00:00:00,1.1848,1.18532,1.18361,1.18397,4552,1.18477,1.190279,0.0027890271827642264,1.1958570543655285,1.1847009456344717,-0.06752365438018636,BB_DAILY_LOW_BULLISH,0.07686005557572965,-0.0523661917109441,-0.22804631874117795
2021-06-11,12:00:00,1.21828,1.21835,1.21298,1.21325,14281,1.21432,1.21749,0.00124747323350175,1.2199849464670034,1.2149950535329965,-0.08811515910140048,BB_DAILY_LOW_BULLISH,-0.2695240057696175,-0.1887492272820856,-0.1359983515351271
2021-06-17,00:00:00,1.20048,1.20118,1.19866,1.19952,7529,1.20039,1.2107759999999999,0.003809567456437793,1.2183951349128754,1.2031568650871243,-0.07247644515533688,BB_DAILY_LOW_BULLISH,-0.013338668800848505,-0.4926970788315209,-0.6844404428437899
2021-06-17,04:00:00,1.19951,1.20049,1.19841,1.19936,13027,1.20039,1.2102125000000001,0.004586572937435257,1.2193856458748706,1.2010393541251296,-0.08580544656320749,BB_DAILY_LOW_BULLISH,-0.325173425827109,-0.6903681963714035,-0.597818836712905
2021-07-14,00:00:00,1.17739,1.17805,1.17734,1.1775,3845,1.17724,1.1846375,0.0029247507756911878,1.1904870015513824,1.1787879984486176,0.022085556046339484,BB_DAILY_LOW_BULLISH,0.07218683651804819,0.23524416135880585,0.49341825902336245
2021-07-21,08:00:00,1.17749,1.17761,1.17519,1.17612,10482,1.17558,1.1791355,0.0014757031312223688,1.1820869062624446,1.1761840937375552,0.04593477262287423,BB_DAILY_LOW_BULLISH,0.07992381729754965,0.330748563071791,0.2771826004149271
2021-08-04,16:00:00,1.18635,1.18997,1.18328,1.18422,19058,1.18537,1.1872124999999998,0.00110421143327424,1.1894209228665482,1.1850040771334514,-0.0970161215485447,BB_DAILY_LOW_BULLISH,-0.035466382935610524,-0.06839945280437565,-0.043066322136090456
2021-08-05,00:00:00,1.18379,1.18392,1.18336,1.18376,2090,1.18328,1.186852,0.001489813126715081,1.18983162625343,1.18387237374657,0.040565208572765014,BB_DAILY_LOW_BULLISH,-0.029566804081895864,0.14867878624045278,-0.037169696560113194
2021-08-09,00:00:00,1.17568,1.17638,1.17423,1.17475,4095,1.17544,1.1831725,0.00372490603836489,1.1906223120767296,1.1757226879232703,-0.05870142244606951,BB_DAILY_LOW_BULLISH,0.09874441370504787,0.13024047669717229,-0.09619067886783174
2021-09-08,00:00:00,1.18396,1.18448,1.18356,1.1843,2510,1.18373,1.18684,0.0012553422661523328,1.1893506845323045,1.1843293154676953,0.04815287269900733,BB_DAILY_LOW_BULLISH,-0.007599425821153719,-0.1730980325930833,-0.20518449717131915
2021-09-08,08:00:00,1.1842,1.18449,1.18286,1.18305,11081,1.18373,1.186465,0.0015865603294146846,1.1896381206588296,1.1832918793411706,-0.05744553234268068,BB_DAILY_LOW_BULLISH,-0.06762182494399323,-0.10650437428680437,-0.07100291619119665
2021-09-23,00:00:00,1.16952,1.16962,1.1685,1.16873,3794,1.16843,1.172208,0.0013879921108919595,1.1749839842217837,1.169432015778216,0.025675479061643997,BB_DAILY_LOW_BULLISH,0.16684777493517716,0.2404319218296766,0.44834991828736415
2021-10-12,16:00:00,1.15563,1.15587,1.15332,1.15403,20016,1.15504,1.156072,0.0009572251535519439,1.1579864503071038,1.1541575496928962,-0.08744285912177738,BB_DAILY_LOW_BULLISH,-0.06672270218278012,0.09445161737563455,0.23829536493852246
2021-10-13,00:00:00,1.15325,1.15327,1.1525,1.15304,2595,1.15242,1.1557615,0.0013059389624092755,1.1583733779248186,1.1531496220751816,0.053799829923123946,BB_DAILY_LOW_BULLISH,0.18039270103377678,0.29313813917990167,0.5750017345451947
2021-10-25,12:00:00,1.16584,1.16598,1.16035,1.16077,14354,1.16192,1.163876,0.001494704334399224,1.1668654086687984,1.1608865913312014,-0.09897411181492566,BB_DAILY_LOW_BULLISH,0.02153742774191799,0.00861497109677102,0.07150426010319756
2021-11-04,12:00:00,1.15715,1.1572,1.15427,1.1554,13779,1.15621,1.158809,0.001607315183738211,1.1620236303674765,1.1555943696325235,-0.07005647762949442,BB_DAILY_LOW_BULLISH,-0.07529859788817088,0.006924009001218626,-0.17656222953090203
2021-11-11,00:00:00,1.14832,1.14866,1.14755,1.14852,6966,1.14816,1.1565555,0.0033464631360464706,1.163248426272093,1.1498625737279071,0.031354515050159903,BB_DAILY_LOW_BULLISH,-0.08010308919305122,-0.13234423431894665,-0.332601957301565
2021-11-11,04:00:00,1.14851,1.14876,1.14645,1.1476,7533,1.14816,1.1561029999999999,0.0038992200292757555,1.1639014400585515,1.1483045599414483,-0.048773690078048,BB_DAILY_LOW_BULLISH,-0.13855001742767342,-0.049668874172181895,-0.31979783896828706
2021-11-16,00:00:00,1.13856,1.13868,1.13562,1.13665,6789,1.13778,1.1446755000000002,0.002911504357909346,1.1504985087158188,1.1388524912841815,-0.09931621227302953,BB_DAILY_LOW_BULLISH,0.1398847490432394,0.007918004662837772,-0.42933180838428675
2021-12-07,12:00:00,1.12888,1.12948,1.12534,1.12577,14430,1.12665,1.1294395,0.0018250521967317565,1.1330896043934635,1.1257893956065363,-0.07810766431456016,BB_DAILY_LOW_BULLISH,-0.10392886646472133,0.1252476083036618,0.1661085301615817
2021-12-28,16:00:00,1.13323,1.13329,1.12894,1.12953,14301,1.13023,1.132185,0.0009659056261913688,1.1341168112523827,1.1302531887476173,-0.061934296559120264,BB_DAILY_LOW_BULLISH,0.06374332687047303,0.09738563827433543,0.47630430355990216
2022-01-24,12:00:00,1.13238,1.13363,1.13014,1.13044,15887,1.1301,1.133522,0.001459666867103245,1.1364413337342063,1.1306026662657935,0.030085833112094937,BB_DAILY_LOW_BULLISH,0.040692119882534857,0.16807614734085957,-0.2883832843848253
2022-01-26,20:00:00,1.12805,1.13006,1.12474,1.12556,22126,1.12632,1.130591,0.002499667134631345,1.1355903342692626,1.1255916657307372,-0.06747638326586529,BB_DAILY_LOW_BULLISH,-0.13415544262410714,-0.5046376914602426,-1.0243789757986974
2022-01-27,00:00:00,1.12555,1.12556,1.12353,1.12405,13685,1.12474,1.1300634999999999,0.0027131827774687805,1.1354898655549375,1.1246371344450623,-0.06134751142486969,BB_DAILY_LOW_BULLISH,-0.17170054712868532,-0.7259463546995191,-0.8576130955028775
2022-02-11,08:00:00,1.13926,1.13927,1.13699,1.13849,10198,1.13748,1.1422640000000002,0.0018390598269695175,1.1459421196539392,1.1385858803460611,0.088792769982765,BB_DAILY_LOW_BULLISH,0.0878356419467795,-0.3267485880420509,-0.41019244789150117
2022-02-18,20:00:00,1.13409,1.13421,1.13139,1.13227,21635,1.13229,1.1362055,0.0016196571257614378,1.1394448142515228,1.1329661857484772,-0.0017663319467547164,BB_DAILY_LOW_BULLISH,-0.058289983837786476,0.44688987608961134,-0.04150953394510076
2022-02-21,00:00:00,1.13145,1.13251,1.13125,1.13161,2811,1.13139,1.1360125,0.001914971140301151,1.1398424422806024,1.1321825577193978,0.01944510734584087,BB_DAILY_LOW_BULLISH,0.3923613258984986,0.28101554422459685,-0.06627725099637052
2022-04-13,00:00:00,1.08304,1.08308,1.08231,1.0826,3627,1.08216,1.087069,0.0019531483341500787,1.0909752966683002,1.0831627033317,0.04065942189694647,BB_DAILY_LOW_BULLISH,0.10345464622205892,0.04526140772215975,0.6355071125069275
2022-06-10,00:00:00,1.06146,1.06213,1.06107,1.0619,6774,1.06127,1.0692499999999998,0.0034341336139137625,1.0761182672278273,1.0623817327721723,0.05936283886288413,BB_DAILY_LOW_BULLISH,0.13937282229964457,-0.42000188341652983,-1.2110368207929272
2022-06-30,00:00:00,1.04408,1.04464,1.04346,1.04455,6967,1.04352,1.054205,0.004567198265235821,1.0633393965304716,1.0450706034695285,0.0987043851579353,BB_DAILY_LOW_BULLISH,0.060313053467991797,-0.49877937867982947,0.3140108180556172
2022-07-12,04:00:00,1.00454,1.00554,1.00054,1.0026,21251,1.00337,1.0138155,0.005421587915015788,1.0246586758300316,1.0029723241699684,-0.07674138154421194,BB_DAILY_LOW_BULLISH,-0.17554358667464431,0.4258926790345099,0.10572511470178148
2022-08-19,00:00:00,1.00941,1.00946,1.0084,1.00889,4627,1.00792,1.0155845,0.0027281774799978987,1.0210408549599956,1.0101281450400041,0.09623779665054145,BB_DAILY_LOW_BULLISH,-0.08821576187691992,-0.4004400876210532,-0.526321006254413
2022-08-19,04:00:00,1.00889,1.00913,1.00695,1.008,10879,1.00792,1.0151805,0.0032071539677563945,1.0215948079355128,1.0087661920644873,0.007937137868092706,BB_DAILY_LOW_BULLISH,0.10019841269840828,-0.42460317460318076,-0.3670634920634957
2022-09-22,04:00:00,0.98311,0.98377,0.98075,0.98194,13760,0.98127,0.995942,0.0069054315764615504,1.0097528631529231,0.9821311368470769,0.06827886310598097,BB_DAILY_LOW_BULLISH,0.26478196223801204,0.20877039330305275,0.041754078660601504
2022-11-03,00:00:00,0.98285,0.98316,0.98097,0.98138,9096,0.98225,0.9899434999999999,0.004099855291972644,0.9981432105839452,0.9817437894160546,-0.08857215576481817,BB_DAILY_LOW_BULLISH,0.15794085879067643,-0.7570971489127604,-0.6592757137907819
2022-12-16,20:00:00,1.06172,1.06248,1.05849,1.05891,26878,1.05922,1.0637400000000001,0.0018304644202063339,1.0674009288404127,1.0600790711595875,-0.02926681898000722,BB_DAILY_LOW_BULLISH,-0.049107100697894625,0.3305285623896326,0.14448820013032565
2022-12-19,00:00:00,1.05812,1.05982,1.05812,1.05839,2570,1.05849,1.0634774999999999,0.0021872329897698315,1.0678519659795396,1.0591030340204601,-0.009447420381863693,BB_DAILY_LOW_BULLISH,0.23053883729060157,0.21069737998279975,0.26644242670471613
2023-01-17,20:00:00,1.08017,1.08092,1.07745,1.07935,20561,1.08016,1.0829015,0.0017701628660857192,1.0864418257321713,1.0793611742678286,-0.07498889053473351,BB_DAILY_LOW_BULLISH,-0.03705934127020484,0.2974012136934206,0.015750220039839113
2023-01-18,04:00:00,1.07895,1.07993,1.07661,1.07731,18166,1.07745,1.0824325,0.002212571436574527,1.086857642873149,1.078007357126851,-0.012993642396401595,BB_DAILY_LOW_BULLISH,0.4873249111212164,0.5597274693449407,0.2552654296349268
2023-02-13,04:00:00,1.06771,1.06789,1.06555,1.06607,10203,1.06664,1.07219,0.002946425129919216,1.0780828502598383,1.0662971497401617,-0.053438835970895465,BB_DAILY_LOW_BULLISH,0.21105555920341657,0.5534345774667719,0.6922622341872431
2023-05-01,16:00:00,1.10133,1.10357,1.09662,1.09694,18850,1.09624,1.1022425,0.002291276073759719,1.1068250521475194,1.0976599478524807,0.063854630372904,BB_DAILY_LOW_BULLISH,0.0319069411271421,0.13309752584462384,0.2497857676810003
2023-05-31,08:00:00,1.06978,1.07009,1.06699,1.06741,13262,1.06726,1.0719290000000001,0.0019113839003955394,1.0757517678007913,1.068106232199209,0.014054682083079327,BB_DAILY_LOW_BULLISH,0.051526592405921855,0.11523219756232979,-0.03747388538611742
2023-07-06,04:00:00,1.08554,1.0856,1.08399,1.08402,4350,1.0851,1.0888365,0.0021937381564169603,1.093223976312834,1.084449023687166,-0.09952999723527509,BB_DAILY_LOW_BULLISH,0.14114130735595573,0.2933525211711925,0.43818379734691537
2023-08-17,00:00:00,1.08742,1.08833,1.08677,1.08742,2414,1.08716,1.0917074999999998,0.002096749048555567,1.095900998097111,1.0875140019028886,0.023915523014105468,BB_DAILY_LOW_BULLISH,-0.09196078792004118,0.18760000735686685,-0.0018392157584126668
2023-08-17,04:00:00,1.08742,1.08746,1.08614,1.08642,6286,1.08716,1.091303,0.0022983062399555003,1.095899612479911,1.0867063875200889,-0.06806725780933469,BB_DAILY_LOW_BULLISH,0.15003405681044352,0.0874431619447365,0.20065904530476897
2023-09-15,00:00:00,1.06426,1.06468,1.06314,1.06347,2467,1.06319,1.0722669999999999,0.003509462546047045,1.0792859250920939,1.0652480749079059,0.026335838373182208,BB_DAILY_LOW_BULLISH,0.12036070599078207,0.18806360311057216,0.31218558116354855
2024-01-25,16:00:00,1.08949,1.09021,1.0829,1.08318,104015,1.0841,1.0876275,0.002164998783034631,1.0919574975660693,1.0832975024339306,-0.08486302001660657,BB_DAILY_LOW_BULLISH,0.037851511290830836,0.12094019461215333,0.2981960523643407
2024-02-14,00:00:00,1.07011,1.07114,1.07005,1.07082,7286,1.07002,1.0767669999999998,0.0027552879291773595,1.0822775758583545,1.0712564241416451,0.07476495766435524,BB_DAILY_LOW_BULLISH,0.03828841448607603,-0.0037354550718178593,0.21945798546906592
2024-02-29,20:00:00,1.08226,1.08251,1.07957,1.08025,31206,1.07963,1.083745,0.0014137650344570017,1.086572530068914,1.080917469931086,0.057427081500129006,BB_DAILY_LOW_BULLISH,0.027771349224713446,0.09257116408239871,0.3351076139782418
2024-03-15,00:00:00,1.08911,1.08919,1.08792,1.08823,2713,1.08808,1.0927345000000002,0.0019412027590056022,1.0966169055180113,1.088852094481989,0.013785751047725765,BB_DAILY_LOW_BULLISH,-0.04962186302527819,0.10475726638669387,0.0064324637255005375
2024-03-15,04:00:00,1.08822,1.08845,1.08729,1.08769,4064,1.08808,1.0924885000000002,0.002245677191029128,1.0969798543820584,1.087997145617942,-0.03584295272405434,BB_DAILY_LOW_BULLISH,0.03585580450311122,0.09837361748291373,0.07814726622475313
2024-03-28,08:00:00,1.08215,1.08265,1.08002,1.08007,4614,1.08107,1.0827375000000001,0.0012476752040318118,1.0852328504080637,1.0802421495919365,-0.09250094813470819,BB_DAILY_LOW_BULLISH,-0.1564713398205849,-0.11851083726056365,-0.30090642273185764
2024-03-29,04:00:00,1.0791,1.07911,1.07737,1.07743,3042,1.0775,1.0817675,0.0021529340430460164,1.0860733680860921,1.0774616319139079,-0.006496519721558464,BB_DAILY_LOW_BULLISH,-0.05661620708537903,0.16242354491706357,0.14850152678130585
2024-04-30,16:00:00,1.07201,1.07239,1.06831,1.06837,13178,1.06865,1.0713195,0.0013212214221625697,1.0739619428443252,1.0686770571556747,-0.026201281991302852,BB_DAILY_LOW_BULLISH,-0.10296058481613118,-0.2555294514072953,-0.04212023924296465
2024-05-01,00:00:00,1.06722,1.06731,1.06625,1.06659,2440,1.06717,1.0708104999999999,0.0018605388987469058,1.0745315777974938,1.067089422202506,-0.05434935389863143,BB_DAILY_LOW_BULLISH,-0.08906890182731944,0.05437890848404963,0.4781593677045636
2024-05-23,20:00:00,1.08262,1.08311,1.08047,1.08102,6603,1.08174,1.0845205,0.0017321190988714248,1.0879847381977428,1.0810562618022572,-0.0665594320261645,BB_DAILY_LOW_BULLISH,0.012950731716324113,0.12950731716340544,0.32839355423580896
2024-05-30,00:00:00,1.08019,1.08039,1.07994,1.08012,1915,1.08,1.085118,0.00232502088140936,1.0897680417628188,1.0804679582371812,0.011111111111101662,BB_DAILY_LOW_BULLISH,-0.02962633781430544,0.16016738880865175,0.2805243861793216
2024-07-24,00:00:00,1.08508,1.08562,1.08486,1.08497,1802,1.08437,1.0881975000000002,0.0016043620617763497,1.091406224123553,1.0849887758764474,0.05533166723534715,BB_DAILY_LOW_BULLISH,-0.04239748564475561,-0.03225895646884914,-0.1087587675235222
2024-08-01,12:00:00,1.0801,1.08021,1.07773,1.07918,8720,1.08018,1.081933,0.0011033255920822442,1.0841396511841646,1.0797263488158355,-0.09257716306540484,BB_DAILY_LOW_BULLISH,-0.02965214329399155,-0.050037991808594015,0.3650920143071642
2024-08-29,12:00:00,1.11285,1.11289,1.10718,1.10962,8238,1.11047,1.115056,0.0024597719179436615,1.1199755438358874,1.1101364561641127,-0.0765441659837742,BB_DAILY_LOW_BULLISH,-0.10363908365025724,-0.147798345379507,-0.1342802040338126
2024-10-14,12:00:00,1.0928,1.09365,1.09092,1.09126,5576,1.09095,1.093647,0.0011216768433814463,1.095890353686763,1.091403646313237,0.028415601081608725,BB_DAILY_LOW_BULLISH,-0.05314957022156067,-0.03482213221412175,-0.10813188424389779
2024-10-14,16:00:00,1.09122,1.09271,1.09047,1.09068,8089,1.09095,1.0933804999999999,0.001163115029804511,1.0957067300596088,1.091054269940391,-0.02474907190980269,BB_DAILY_LOW_BULLISH,-0.028422635420107863,-0.09535335753843033,-0.07334873656802489
2024-10-14,20:00:00,1.09069,1.09085,1.08879,1.09037,4033,1.09095,1.0931294999999999,0.0012453892834347073,1.0956202785668694,1.0906387214331303,-0.053164672991431766,BB_DAILY_LOW_BULLISH,0.04677311371369448,-0.04769023359043957,-0.15407613929217842
2024-10-15,04:00:00,1.09089,1.09097,1.08956,1.08964,3624,1.08879,1.0927115,0.0014332931326620792,1.0955780862653242,1.089844913734676,0.0780683143673268,BB_DAILY_LOW_BULLISH,0.019272420248893533,0.0220256231415897,-0.050475386366143904
2024-10-21,20:00:00,1.08199,1.08228,1.08109,1.08152,4807,1.08252,1.0848655,0.0016479827362191216,1.0881614654724383,1.0815695345275618,-0.0923770461515621,BB_DAILY_LOW_BULLISH,0.0009246246024174783,0.19602041571121198,-0.19047266809674818
2024-11-22,00:00:00,1.04841,1.04867,1.04676,1.04689,2947,1.04621,1.0555475,0.0039397126189572645,1.0634269252379147,1.0476680747620855,0.06499651121667867,BB_DAILY_LOW_BULLISH,0.05635740144617566,-0.49957493146367504,0.09838664998231565
2024-12-11,08:00:00,1.05281,1.05303,1.04879,1.04898,5857,1.04985,1.0551325,0.0026937097768826913,1.0605199195537653,1.0497450804462347,-0.08286898128303342,BB_DAILY_LOW_BULLISH,0.1286964479780322,0.011439684264704566,0.25262636084577794
2024-12-18,16:00:00,1.04965,1.0503,1.04699,1.04737,9815,1.04789,1.0498905,0.0010506512987518187,1.0519918025975037,1.0477891974024964,-0.0496235291872311,BB_DAILY_LOW_BULLISH,-0.9270840295215527,-0.9118076706416977,-0.8965313117618426
2024-12-19,04:00:00,1.03504,1.03906,1.03503,1.03782,7513,1.0373,1.0480135,0.0049490469836436825,1.0579115939672874,1.0381154060327125,0.05013014557021632,BB_DAILY_LOW_BULLISH,0.16187778227439498,0.015416931645173342,-0.1580235493630749
2025-01-13,04:00:00,1.0243,1.02497,1.02128,1.02151,5148,1.02128,1.0294205,0.0033515157205855654,1.0361235314411712,1.022717468558829,0.022520758264134466,BB_DAILY_LOW_BULLISH,0.0009789429374225914,-0.17914655754716044,0.32598799815959273
2025-01-13,08:00:00,1.02152,1.02247,1.02075,1.02152,6338,1.02128,1.028789,0.003594545428264938,1.03597809085653,1.02159990914347,0.02349992166692954,BB_DAILY_LOW_BULLISH,-0.1908920040723526,-0.07929360169159462,0.38178400814472696
2025-01-31,04:00:00,1.03967,1.04022,1.03766,1.03848,5581,1.03901,1.0420285,0.001519228593737907,1.0450669571874758,1.0389900428125243,-0.05101009614921122,BB_DAILY_LOW_BULLISH,0.1868114937215768,0.11073877205145831,-1.5734535089746573
2025-02-10,00:00:00,1.02966,1.03134,1.02779,1.03096,2037,1.03051,1.037955,0.0026959804376211205,1.0433469608752421,1.0325630391247578,0.04366769851821539,BB_DAILY_LOW_BULLISH,0.017459455264980883,0.10475673158997147,-0.08826724606194114
2025-02-10,04:00:00,1.03097,1.03183,1.02985,1.03114,5406,1.03051,1.0376059999999998,0.0030956580788402805,1.0437973161576803,1.0314146838423193,0.06113477792548431,BB_DAILY_LOW_BULLISH,0.0135772058110469,0.03491281494269818,-0.128983455204924
2025-02-28,00:00:00,1.04042,1.04083,1.0388,1.03935,5085,1.04001,1.0474824999999999,0.00344741684286189,1.0543773336857236,1.0405876663142761,-0.06346092826031527,BB_DAILY_LOW_BULLISH,-0.04906912974455288,0.05195554914128878,0.17992014239669393
2025-03-27,00:00:00,1.07509,1.07562,1.07327,1.07407,5288,1.07435,1.079815,0.0024908516814171216,1.0847967033628343,1.0748332966371656,-0.026062270209879085,BB_DAILY_LOW_BULLISH,0.34448406528436826,0.4254843725269268,0.5548986565121422
2025-06-18,00:00:00,1.1484,1.14862,1.14696,1.14813,5879,1.14744,1.1547565,0.0031281207985299183,1.1610127415970597,1.1485002584029402,0.0601338632085407,BB_DAILY_LOW_BULLISH,0.15677667163124398,0.22210028481093866,-0.05051692752563079
2025-07-29,00:00:00,1.1591,1.15963,1.15847,1.15959,3158,1.15848,1.1721214999999998,0.0061571706372750635,1.18443584127455,1.1598071587254497,0.09581520613216839,BB_DAILY_LOW_BULLISH,-0.11555808518527212,-0.48637880630221614,-0.39324243913796236
2025-08-22,04:00:00,1.16114,1.1616,1.15884,1.15892,5778,1.16007,1.1642795,0.002484133809365779,1.1692477676187314,1.1593112323812684,-0.09913194893411471,BB_DAILY_LOW_BULLISH,0.04314361647050227,1.067373071480343,1.0095606254098681
2026-04-29,20:00:00,1.16845,1.16904,1.1661,1.16747,8573,1.16771,1.171301,0.0017954471642638793,1.1748918943285276,1.1677101056714723,-0.02055304827397367,BB_DAILY_LOW_BULLISH,0.035975228485535984,0.04111454684060712,0.47453039478531356
2026-04-30,04:00:00,1.16785,1.16812,1.16547,1.166,5353,1.1661,1.1707405,0.0021920009469074487,1.1751245018938148,1.1663564981061851,-0.008575593859873852,BB_DAILY_LOW_BULLISH,0.16723842195541325,0.5591766723842265,0.5694682675814734
2026-05-15,00:00:00,1.16677,1.16722,1.16518,1.1655,3041,1.16654,1.1720030000000001,0.0032409616821131265,1.1784849233642263,1.165521076635774,-0.08915253656110635,BB_DAILY_LOW_BULLISH,-0.06864006864006109,-0.24796224796225305,-0.37580437580438014
