trade_date,trade_time,open,high,low,close,volume,year,week,prev_week_high,prev_week_low,rsi,distance_to_prev_week_high_pct,distance_to_prev_week_low_pct,signal,forward_1,forward_3,forward_6
2004-06-30,20:00:00,393.5,393.8,391.3,391.6,287,2004,27,402.8,392.1,12.962962962963076,-2.7805362462760645,-0.12751849018107625,BULLISH,0.6894790602655742,0.38304392236976503,0.868232890704795
2004-09-07,12:00:00,401.3,401.6,397.6,398.3,458,2004,37,410.8,398.6,19.374999999999858,-3.0428432327166504,-0.07526342197692207,BULLISH,-0.050213406979660716,-0.050213406979660716,-0.6778809942254553
2004-09-07,16:00:00,398.0,399.1,396.3,398.1,671,2004,37,410.8,398.6,18.12499999999993,-3.091528724440114,-0.1254390366281987,BULLISH,-0.20095453403667704,0.050238633509165694,0.25119316754584275
2004-12-21,04:00:00,442.7,443.0,442.3,442.4,62,2004,52,442.3,434.1,86.24999999999972,0.022609088853711483,1.9120018428933319,BEARISH,-0.3616636528028856,-0.2712477396021674,-0.3616636528028856
2005-02-07,00:00:00,413.8,413.8,413.3,413.8,65,2005,6,425.5,413.3,17.821782178217518,-2.7497062279670947,0.12097749818533754,BULLISH,0.0,0.09666505558240146,-0.3624939584340261
2005-02-07,04:00:00,413.7,414.3,413.7,413.8,143,2005,6,425.5,413.3,8.791208791208376,-2.7497062279670947,0.12097749818533754,BULLISH,-0.024166263895607235,-0.31416143064282537,-0.43499275012083405
2005-02-07,08:00:00,413.8,414.3,413.5,413.7,131,2005,6,425.5,413.3,9.195402298850126,-2.7732079905992975,0.09678199854826453,BULLISH,0.1208605269518975,-0.14503263234226876,-0.36258158085569253
2005-03-08,16:00:00,435.3,438.8,434.8,438.0,241,2005,10,437.7,428.3,81.94444444444458,0.06854009595613693,2.264767686201258,BEARISH,0.4109589041095916,0.4109589041095916,0.6164383561643809
2005-04-05,04:00:00,423.0,423.6,422.8,423.0,127,2005,14,428.5,423.1,17.56756756756765,-1.2835472578763127,-0.02363507445048989,BULLISH,-0.04728132387706587,0.30732860520094835,0.3546099290780142
2005-04-05,08:00:00,422.8,424.0,422.3,422.8,220,2005,14,428.5,423.1,18.30985915492967,-1.330221703617267,-0.07090522335145624,BULLISH,0.4257332071901635,0.47303689687795647,0.5912961210974457
2005-05-16,00:00:00,419.8,420.2,418.6,418.6,91,2005,20,428.0,418.2,18.69918699186971,-2.1962616822429855,0.0956480153036906,BULLISH,-0.0716674629718135,-0.143334925943627,0.21500238891542695
2005-05-16,04:00:00,418.7,419.2,418.2,418.3,142,2005,20,428.0,418.2,15.573770491803174,-2.266355140186913,0.02391200382592605,BULLISH,0.11953143676786994,0.11953143676786994,0.47812574707147976
2005-05-16,08:00:00,418.7,419.2,417.8,418.8,244,2005,20,428.0,418.2,19.9999999999999,-2.149532710280371,0.14347202295552913,BULLISH,-0.19102196752626824,0.11938872970391595,0.21489971346704329
2005-05-16,12:00:00,419.0,419.7,417.7,418.0,374,2005,20,428.0,418.2,19.199999999999903,-2.336448598130841,-0.04782400765183851,BULLISH,0.19138755980861516,0.3588516746411483,0.3588516746411483
2005-05-23,12:00:00,416.7,417.6,416.3,416.8,274,2005,21,422.8,416.3,15.189873417721927,-1.4191106906338693,0.12010569300984865,BULLISH,0.0,-0.07197696737044418,0.4078694817658322
2005-05-23,16:00:00,416.5,417.8,416.1,416.8,641,2005,21,422.8,416.3,18.181818181818656,-1.4191106906338693,0.12010569300984865,BULLISH,0.07197696737044418,-0.07197696737044418,0.04798464491362491
2005-05-24,04:00:00,416.3,416.6,415.3,416.5,194,2005,21,422.8,416.3,16.666666666667012,-1.4900662251655654,0.04804227720393673,BULLISH,0.24009603841536614,0.12004801920768307,0.3841536614645913
2005-06-20,04:00:00,438.1,438.8,437.8,438.5,95,2005,25,438.8,423.5,85.91549295774647,-0.06836827711941917,3.541912632821724,BEARISH,0.29646522234891937,-0.27366020524515133,-0.7297605473204078
2005-07-04,00:00:00,427.2,427.6,426.1,426.3,56,2005,27,439.8,426.3,13.793103448275858,-3.069577080491132,0.0,BULLISH,0.0,0.04691531785127577,-0.7506450856204524
2005-07-04,04:00:00,426.3,426.6,425.8,426.3,56,2005,27,439.8,426.3,13.793103448275858,-3.069577080491132,0.0,BULLISH,0.04691531785127577,-0.46915317851278443,-0.774102744546097
2005-07-04,08:00:00,426.6,426.6,426.5,426.5,2,2005,27,439.8,426.3,15.172413793103374,-3.0241018644838586,0.04691531785127577,BULLISH,0.0,-1.0550996483001172,-0.7502930832356363
2005-07-05,08:00:00,426.5,426.5,425.2,426.5,48,2005,27,439.8,426.3,12.142857142857068,-3.0241018644838586,0.04691531785127577,BULLISH,-0.515826494724499,-0.797186400937861,-0.6330597889800677
2005-08-11,12:00:00,437.8,438.8,437.1,438.8,109,2005,32,438.8,428.6,81.57894736842127,0.0,2.379841343910403,BEARISH,1.5268915223336346,1.4813126709206927,1.3445761166818544
2005-09-19,00:00:00,458.8,459.6,458.8,459.6,6,2005,38,459.8,444.5,81.76470588235307,-0.04349717268377308,3.397075365579308,BEARISH,-0.08703220191471586,0.892080069625754,1.2402088772845927
2005-12-15,00:00:00,504.6,506.0,502.5,503.3,102,2005,50,530.2,503.5,17.751479289940903,-5.073557148245951,-0.03972194637537013,BULLISH,0.3377707132922687,0.0596065964633442,-0.85436121597457
2006-02-21,16:00:00,552.7,555.2,551.2,554.7,317,2006,8,554.0,534.6,83.73015873015868,0.12635379061372662,3.7598204264870976,BEARISH,-0.28844420407427845,-0.18027762754642146,-0.3785830178474892
2006-02-22,04:00:00,553.6,554.2,552.7,553.7,69,2006,8,554.0,534.6,80.81632653061214,-0.05415162454872825,3.572764683875799,BEARISH,-0.09030160736861116,-0.19866353621094865,-0.18060321473722232
2006-03-07,16:00:00,554.1,555.7,548.1,552.2,390,2006,10,570.7,551.7,16.94214876033064,-3.2416330821797787,0.0906289650172195,BULLISH,0.054328141977536125,-0.2173125679101857,-2.281781963056867
2006-03-07,20:00:00,551.7,553.2,550.7,552.5,251,2006,10,570.7,551.7,19.213973799126563,-3.1890660592255204,0.14500634402754295,BULLISH,0.10859728506787741,-0.4524886877828055,-2.0452488687782724
2006-05-02,04:00:00,655.2,656.7,653.6,656.1,62,2006,18,655.5,618.2,82.48587570621461,0.09153318077803552,6.130702038175344,BEARISH,0.16765736930346328,1.2193263222069806,1.9966468526139343
2006-09-08,12:00:00,614.2,614.6,607.0,607.1,251,2006,36,627.5,607.2,7.552083333333286,-3.250996015936251,-0.016469038208172387,BULLISH,0.5600395322022693,-0.5600395322022693,-2.207214626914837
2006-10-16,00:00:00,592.7,593.2,590.1,590.2,132,2006,42,589.7,568.7,87.23404255319149,0.08478887569950821,3.780552136451556,BEARISH,0.08471704506946796,0.42358522534733983,1.1521518129447568
2006-11-06,00:00:00,628.2,629.3,627.6,628.4,50,2006,45,629.0,597.6,82.27272727272728,-0.09538950715421665,5.1539491298527365,BEARISH,-0.06365372374283534,-0.8274984086568956,-0.7479312539783469
2006-12-18,16:00:00,615.7,617.2,611.1,613.6,1217,2006,51,630.7,614.1,18.803418803418722,-2.711273188520695,-0.08141996417521577,BULLISH,0.26075619295958646,0.3422425032594561,1.2059973924380667
2007-01-05,00:00:00,621.5,623.2,621.1,622.5,148,2007,1,636.2,623.2,19.512195121951038,-2.153410877082685,-0.11232349165597648,BULLISH,0.08032128514056225,0.3534136546184812,-2.297188755020073
2007-01-05,08:00:00,622.7,624.2,622.2,622.7,225,2007,1,636.2,623.2,19.79166666666653,-2.121974221942785,-0.08023106546854941,BULLISH,0.3211819495744339,-2.5694555965954713,-2.4891601092018627
2007-01-15,12:00:00,625.6,627.2,625.1,627.1,163,2007,3,627.2,603.2,82.1678321678321,-0.015943877551024034,3.962201591511932,BEARISH,-0.1435177802583284,-0.22324988040184615,-0.3029819805453639
2007-03-05,16:00:00,636.1,643.0,632.8,638.7,1750,2007,10,688.1,639.1,14.750542299349348,-7.179189071355904,-0.06258801439523975,BULLISH,-0.6262721152340692,0.39142007202129325,1.0646625958979103
2007-03-19,00:00:00,653.7,654.5,653.3,654.3,80,2007,12,655.1,636.5,83.80566801619429,-0.1221187604945914,2.7965435978004645,BEARISH,0.10698456365582233,-0.3056701818737582,0.21396912731164466
2007-05-07,12:00:00,688.8,690.4,688.3,689.8,576,2007,19,690.2,667.2,92.50000000000048,-0.057954216169239486,3.3872901678656935,BEARISH,-0.1304726007538384,-0.43490866917947235,-0.8118295158016686
2007-05-10,16:00:00,673.5,674.5,667.5,668.0,1649,2007,19,690.2,667.2,14.056224899598078,-3.2164589973920665,0.11990407673860229,BULLISH,-0.37425149700598803,-0.02994011976048585,0.38922155688623095
2007-05-11,00:00:00,665.6,666.6,664.3,666.5,267,2007,19,690.2,667.2,10.121457489878168,-3.433787308026665,-0.10491606714628979,BULLISH,0.19504876219054082,0.4651162790697708,0.8852213053263283
2007-05-11,04:00:00,666.4,668.8,665.5,667.8,531,2007,19,690.2,667.2,15.261044176706335,-3.2454361054766867,0.0899280575539432,BULLISH,-0.0898472596585668,0.4192872117400522,0.7936507936508038
2007-05-11,08:00:00,667.7,668.7,667.1,667.2,587,2007,19,690.2,667.2,15.26104417670642,-3.332367429730513,0.0,BULLISH,0.3597122302158239,0.4946043165467557,1.0191846522781707
2007-06-04,16:00:00,669.4,673.6,668.9,671.6,1147,2007,23,671.3,651.6,84.11214953271,0.04468940861016956,3.069367710251688,BEARISH,-0.14889815366289458,-0.13400833829660175,-0.29779630732578916
2007-06-05,00:00:00,670.5,671.9,670.4,671.4,177,2007,23,671.3,651.6,80.58252427184468,0.014896469536723186,3.038674033149164,BEARISH,-0.10425975573427641,-0.04468275245754461,0.0
2007-07-26,20:00:00,662.7,663.4,659.7,662.4,903,2007,30,686.4,662.3,10.238907849829317,-3.4965034965034967,0.015098897780465461,BULLISH,0.42270531400967215,0.12077294685991367,-0.27173913043477577
2007-10-01,04:00:00,743.4,745.2,743.2,745.2,333,2007,40,745.4,721.6,87.11111111111083,-0.026831231553519155,3.270509977827054,BEARISH,-0.026838432635540182,0.18786902844873551,-0.8588298443371029
2007-10-01,08:00:00,745.3,746.2,743.6,745.0,755,2007,40,745.4,721.6,90.74074074074032,-0.05366246310705357,3.242793791574276,BEARISH,-0.37583892617449055,0.22818791946309336,-1.3154362416107321
2007-11-06,04:00:00,807.9,808.9,807.1,808.8,513,2007,45,807.6,776.5,81.3753581661891,0.14858841010400345,4.1596909207984485,BEARISH,0.5811078140455052,1.6815034619188949,3.0909990108803167
2007-12-26,12:00:00,812.4,813.4,812.3,812.8,40,2007,52,812.0,784.8,87.34693877551011,0.09852216748767913,3.567787971457696,BEARISH,1.2795275590551294,1.2426181102362233,1.5625000000000056
2008-05-14,08:00:00,866.0,869.0,859.6,860.9,1098,2008,20,889.3,860.2,15.750000000000114,-3.1935229956145257,0.08137642408741359,BULLISH,0.9524915785805604,0.3368567777906815,0.5227087931234754
2008-05-19,00:00:00,905.1,905.6,903.7,904.4,359,2008,21,904.4,859.6,89.9159663865545,0.0,5.211726384364815,BEARISH,0.11057054400707653,0.4865103936311342,-0.11057054400707653
2008-05-19,04:00:00,904.5,905.5,902.6,905.4,528,2008,21,904.4,859.6,95.21739130434774,0.11057054400707653,5.328059562587244,BEARISH,0.4086591561740718,-0.07731389441130239,-0.09940357852882453
2008-05-19,16:00:00,908.9,909.2,900.5,904.7,2478,2008,21,904.4,859.6,88.91089108910889,0.033171163202130496,5.246626337831552,BEARISH,0.022106775726752712,-0.02210677572676528,1.8459157731844735
2008-05-19,20:00:00,904.6,906.7,902.8,904.9,879,2008,21,904.4,859.6,86.63484486873502,0.05528527200353826,5.26989297347603,BEARISH,-0.16576417283677755,0.06630566913471353,1.536081334954136
2008-05-20,00:00:00,904.8,905.9,902.5,903.4,289,2008,21,904.4,859.6,82.7669902912621,-0.11057054400707653,5.095393206142386,BEARISH,0.12176223156962838,0.35421740092982573,1.638255479300428
2008-05-20,04:00:00,903.5,905.6,903.0,904.5,540,2008,21,904.4,859.6,80.91397849462362,0.011057054400710167,5.223359702187061,BEARISH,0.11055831951354339,1.868435599778881,1.7136539524599224
2008-05-20,08:00:00,904.6,909.4,904.6,905.5,901,2008,21,904.4,859.6,84.05405405405412,0.12162759840778668,5.33969288040949,BEARISH,0.1214798453892902,1.468801766979564,2.0651573716178957
2008-05-29,04:00:00,899.7,900.9,898.5,900.7,557,2008,22,934.9,900.5,19.78260869565223,-3.658145256177124,0.02220988339811721,BULLISH,-0.3330742755634506,-2.775618963028755,-2.5868768735428076
2008-07-11,08:00:00,942.2,946.2,941.5,945.6,1155,2008,28,946.2,918.2,83.52668213457072,-0.06341154090044628,2.9840993247658436,BEARISH,1.2796108291032173,1.9141285956006793,1.3642131979695407
2008-11-24,00:00:00,801.7,803.2,799.8,800.1,604,2008,48,801.3,730.6,85.20642201834863,-0.14975664545113337,9.512729263618944,BEARISH,-1.1373578302712188,2.1997250343707067,1.4748156480439887
2009-01-26,20:00:00,905.3,910.3,901.1,903.4,4220,2009,5,902.7,823.2,80.37904124860637,0.07754514235071804,9.742468415937795,BEARISH,-0.2103165818020785,-1.0847907903475709,-0.6641576267434138
2009-04-20,00:00:00,868.51,869.9,864.54,865.67,3259,2009,17,899.73,864.78,16.59528907922899,-3.7855801184799946,0.10291634866671136,BULLISH,0.3546386036249437,1.3873647001744305,2.4524356856538887
2009-04-27,04:00:00,916.1,916.2,913.65,914.56,1397,2009,18,913.73,864.54,80.00942951437979,0.09083646153676986,5.785735766997477,BEARISH,-0.3444279216235105,-0.5379636109167206,-1.7090185444366686
2009-06-01,12:00:00,986.75,988.37,979.31,980.58,6429,2009,23,980.02,941.11,82.6037521318932,0.05714169098590428,4.193983700098823,BEARISH,-0.2998225539986594,-0.45585265863060914,0.14787166778844477
2009-08-03,12:00:00,954.41,960.74,953.33,959.04,7759,2009,32,958.68,925.48,90.88170865279315,0.0375516334960585,3.6262263906297214,BEARISH,0.07403236569903617,-0.26901901901901143,-0.21896896896895948
2009-08-03,16:00:00,959.05,962.09,956.18,959.75,10957,2009,32,958.68,925.48,90.74228523769824,0.11161179955773042,3.702943337511343,BEARISH,-0.34800729356603616,-0.6532951289398262,0.8523052878353686
2010-03-29,12:00:00,1112.1,1112.43,1109.58,1110.37,11111,2010,13,1109.13,1085.05,81.76435760805228,0.11179933822002665,2.3335330169116575,BEARISH,0.14049370930412142,-0.08735826796471446,0.009006007006685739
2010-08-16,00:00:00,1214.7,1218.1,1214.05,1216.73,724,2010,33,1217.38,1190.58,82.67182962245813,-0.05339335293828475,2.196408473181146,BEARISH,0.12739062898095344,0.7331125229097724,0.621337519416793
2010-08-16,04:00:00,1216.7,1219.48,1216.6,1218.28,1694,2010,33,1217.38,1190.58,82.77189605389728,0.07392925791452656,2.3265971207310763,BEARISH,0.3587024329382505,0.41205634172768013,0.4695143973470818
2010-08-24,12:00:00,1219.45,1219.9,1210.71,1213.0,5844,2010,34,1237.25,1214.05,13.933181473044996,-1.9599919175591027,-0.08648737696140642,BULLISH,1.3833470733718032,1.4262159934047778,1.892003297609237
2010-08-26,20:00:00,1236.5,1238.84,1233.98,1237.28,3520,2010,34,1237.25,1214.05,82.37333333333311,0.0024247322691430765,1.9134302541081518,BEARISH,-0.12123367386525281,-0.07920600025863331,0.042027673606619506
2010-11-01,00:00:00,1361.2,1362.0,1357.0,1358.3,1176,2010,44,1359.3,1318.8,84.05221339387052,-0.07356727727506805,2.9951471034273585,BEARISH,0.21718324376058645,0.11264080100124955,-0.3901936243834171
2010-11-01,04:00:00,1358.4,1361.3,1356.7,1361.25,1233,2010,44,1359.3,1318.8,84.15711332456294,0.14345619068638604,3.2188353048225697,BEARISH,0.09550045913681943,-0.7309458218549161,-0.42975206611569583
2010-12-16,16:00:00,1380.38,1381.03,1361.19,1369.9,10641,2010,50,1430.88,1371.38,19.344802342605817,-4.261713071676172,-0.10792048885064812,BULLISH,0.007299802905314916,0.3795897510767076,0.09708737864077138
2010-12-16,20:00:00,1369.96,1373.1,1364.95,1370.0,6471,2010,50,1430.88,1371.38,16.280395136777756,-4.25472436542548,-0.10062856392831375,BULLISH,0.21897810218978103,0.36496350364963503,0.35401459854013934
2011-01-05,12:00:00,1381.63,1384.21,1375.71,1376.79,10148,2011,1,1414.48,1376.32,17.48046875000024,-2.6645834511622684,0.03414903510811638,BULLISH,-0.30941537925173707,0.08643293457971474,-0.523681897747662
2011-01-05,20:00:00,1372.52,1379.15,1371.15,1376.6,9540,2011,1,1414.48,1376.32,14.192037470726135,-2.678015949324141,0.0203441060218534,BULLISH,0.10024698532617386,-0.09080342873746913,-0.37628940868806016
2011-01-06,00:00:00,1376.61,1378.21,1376.17,1377.98,797,2011,1,1414.48,1376.32,17.211902022028923,-2.5804535942537186,0.12061148570100572,BULLISH,-0.28157157578485237,-0.6095879475754431,-0.48404185837240543
2011-01-06,08:00:00,1373.95,1379.64,1373.95,1375.35,6499,2011,1,1414.48,1376.32,18.008163265306322,-2.7663876477574876,-0.07047779586142956,BULLISH,-0.4195295742901794,-0.28574544661357737,-0.9059512124186433
2011-02-21,00:00:00,1391.4,1392.67,1390.63,1392.38,724,2011,8,1391.65,1354.1,80.85274378207689,0.05245571803255259,2.8269699431356767,BEARISH,0.14651172812019445,0.5781467702782254,1.2245220413967417
2011-03-22,04:00:00,1427.9,1431.1,1427.51,1428.76,1647,2011,12,1430.23,1380.88,82.20921354034101,-0.10278067164022761,3.4673541509761803,BEARISH,0.19527422380245552,-0.2981606427951504,-0.1546795822951396
2011-03-22,08:00:00,1428.71,1431.93,1427.03,1431.55,3052,2011,12,1430.23,1380.88,81.95197521301316,0.09229284800346352,3.6693992236834365,BEARISH,-0.7034333414830035,-0.28081450176382117,-0.3248227445775463
2011-05-17,16:00:00,1492.85,1492.9,1471.68,1475.9,8391,2011,20,1526.37,1478.08,19.878603945371964,-3.3065377333149764,-0.14748863390343123,BULLISH,0.575919777762721,1.0840842875533572,1.5041669489802707
2011-05-30,20:00:00,1538.2,1539.0,1537.73,1537.95,275,2011,22,1538.15,1503.8,83.85116992711866,-0.013002633033192178,2.2709136853305023,BEARISH,0.029259728859848854,0.07477486264181953,-0.17880945414350272
2011-05-31,00:00:00,1538.4,1538.6,1537.0,1538.4,415,2011,22,1538.15,1503.8,86.40588690937206,0.016253291291486525,2.30083787737732,BEARISH,-0.11050442017681002,-0.1755070202808142,-0.2125585023400924
2011-05-31,04:00:00,1538.35,1540.4,1534.5,1536.7,1069,2011,22,1538.15,1503.8,80.12967200610157,-0.0942690894906248,2.1877909296449056,BEARISH,0.15617882475433484,-0.06637600052059489,-0.4262380425587267
2011-06-21,16:00:00,1544.35,1547.95,1540.68,1543.3,9805,2011,25,1541.9,1510.83,83.80427291523017,0.09079706855177791,2.149149805074034,BEARISH,0.22289898269941388,0.21317955031425928,0.796993455582191
2011-08-25,12:00:00,1736.24,1740.4,1702.55,1725.67,15201,2011,34,1876.66,1727.67,14.399205561072492,-8.045676894056463,-0.11576284822911784,BULLISH,0.8501045970550479,2.2727404428424918,3.6808891618907427
2011-09-26,04:00:00,1649.7,1663.46,1629.45,1630.32,12591,2011,39,1827.68,1628.82,4.787832159555023,-10.798389214742194,0.09209120713154309,BULLISH,-2.0204622405417236,-1.7168408655969385,0.8164041415182401
2011-10-25,16:00:00,1658.1,1699.05,1648.68,1695.66,16292,2011,43,1694.79,1603.52,90.07323943661979,0.05133379356735161,5.7461085611654426,BEARISH,0.34912659377468624,1.137610134107071,1.0161235153273662
2011-10-26,00:00:00,1701.45,1705.38,1694.73,1695.88,2009,2011,43,1694.79,1603.52,83.16705336426934,0.06431475286024496,5.759828377569355,BEARISH,1.1244899403259627,0.9004174823690344,1.217656909686998
2012-01-03,20:00:00,1602.9,1607.27,1597.87,1604.67,12106,2012,1,1605.43,1522.64,91.07396149949328,-0.04733934210772135,5.387353543844899,BEARISH,0.06543401447026208,0.01308680289405525,0.5197330292209562
2012-01-04,00:00:00,1604.58,1606.57,1602.43,1605.72,3420,2012,1,1605.43,1522.64,90.28451698279649,0.018063696330575835,5.456312720012605,BEARISH,-0.46334354682012147,-0.4110305657275326,0.3313155469197579
2012-01-04,08:00:00,1598.12,1605.28,1596.34,1604.88,10138,2012,1,1605.43,1522.64,81.59265971907554,-0.034258734420059084,5.401145379078443,BEARISH,-0.358905338716927,0.5065799312098026,1.2094362195304231
2012-01-30,00:00:00,1735.59,1739.88,1735.05,1737.57,912,2012,5,1739.73,1648.99,89.83690112130458,-0.1241571968064057,5.371773024699963,BEARISH,-0.17265491462214472,-0.9357896372520239,-0.4609886220411259
2012-05-21,04:00:00,1594.07,1598.41,1591.83,1597.89,17427,2012,21,1597.59,1526.96,92.31214709714789,0.018778284791478535,4.645177345837485,BEARISH,-0.19025089336563786,-0.4155480039301892,-0.49252451670641395
2012-06-28,20:00:00,1554.63,1556.76,1547.9,1556.73,22099,2012,26,1633.18,1558.1,18.96950092421386,-4.681051690566872,-0.0879276041332322,BULLISH,-0.24088955695592684,0.8569244506112118,2.5585682809478794
2012-07-03,08:00:00,1602.8,1610.99,1600.83,1607.46,23490,2012,27,1606.79,1547.9,83.93124065769798,0.04169804392609319,3.8477937851282347,BEARISH,0.2606596742687255,0.5897502892762506,0.38196906921477813
2012-07-09,00:00:00,1579.15,1580.67,1576.4,1578.49,2391,2012,28,1624.93,1576.39,10.682556879739721,-2.857969266368401,0.13321576513425668,BULLISH,0.18752098524539507,0.23186716418856515,0.5733327420509445
2012-09-03,04:00:00,1688.32,1690.56,1685.66,1690.39,9456,2012,36,1692.78,1645.91,83.1560626571266,-0.14118786847669942,2.702456391904783,BEARISH,-0.06211584308947532,0.1129916764770174,0.1964043800543032
2012-09-04,00:00:00,1692.83,1692.85,1690.23,1692.44,2025,2012,36,1692.78,1645.91,83.47312237895562,-0.020085303465300755,2.8270075520532694,BEARISH,0.21211977972630747,0.014180709508166262,0.012408120819647159
2012-09-04,08:00:00,1696.01,1696.44,1692.39,1693.71,12791,2012,36,1692.78,1645.91,85.7995894756486,0.05493921241981023,2.9041685146818446,BEARISH,-0.06081324429801871,0.09446717560856989,-0.10155221377922002
2012-09-04,12:00:00,1693.68,1694.74,1689.43,1692.68,15160,2012,36,1692.78,1645.91,84.72452552054548,-0.0059074421956727425,2.8415891512901665,BEARISH,-0.06085024930878682,-0.001772337358506789,-0.23335775220360877
2012-09-04,16:00:00,1692.7,1698.97,1688.08,1691.65,36888,2012,36,1692.78,1645.91,82.99270072992711,-0.06675409681115571,2.779009787898488,BEARISH,0.21635681139714802,0.037241746224093736,0.05615818875061733
2012-09-04,20:00:00,1691.68,1698.2,1691.2,1695.31,15138,2012,36,1692.78,1645.91,83.12205722564293,0.1494582875506547,3.001379176261148,BEARISH,-0.15690345718481308,-0.1958343901705255,-0.08611994266535539
2012-10-22,00:00:00,1718.34,1719.22,1713.41,1714.56,4861,2012,43,1753.46,1715.52,14.800686629792366,-2.2184709089457466,-0.05595970900951527,BULLISH,0.520833333333337,0.6048198954833962,0.7972891004106052
2012-11-05,08:00:00,1679.09,1680.93,1675.55,1675.81,16355,2012,45,1726.98,1674.43,18.927267621454675,-2.962975830640776,0.08241610577927305,BULLISH,0.2977664532375394,0.4714138237628425,0.562712956719441
2012-11-07,08:00:00,1721.62,1729.65,1720.97,1726.36,29957,2012,45,1726.98,1674.43,84.05864197530869,-0.035900821086527826,3.10135389356377,BEARISH,-0.09557682059361104,-0.3209064158113003,-0.45007993697722276
2012-11-07,12:00:00,1726.36,1731.69,1722.24,1724.71,41235,2012,45,1726.98,1674.43,86.05055292259121,-0.13144332881677737,3.002812897523335,BEARISH,-1.1358431272503866,-0.45398936632824805,-0.46732494158437915
2012-11-28,16:00:00,1738.23,1738.74,1705.59,1714.22,69837,2012,48,1754.28,1714.29,4.820487070047363,-2.283557926898782,-0.004083323125021807,BULLISH,0.25959328440923835,0.355263618438702,0.7151940824398263
2013-01-16,00:00:00,1680.76,1681.82,1677.94,1680.91,6834,2013,3,1678.77,1642.67,83.4488996080796,0.1274742817658226,2.327917354063811,BEARISH,0.06901023850175526,-0.12612216002047213,-0.027961044910199073
2013-01-25,16:00:00,1666.23,1668.86,1655.87,1659.65,50531,2013,4,1696.1,1659.88,10.173697270471308,-2.149047815576901,-0.01385642335590634,BULLISH,-0.044587714277107164,0.02108878377970711,-0.09098303859247377
2013-01-25,20:00:00,1659.54,1663.05,1656.76,1658.91,28292,2013,4,1696.1,1659.88,8.496408223928313,-2.1926773185543205,-0.05843795937055855,BULLISH,0.02712624554676372,0.04460760378803003,-0.22605204622312242
2013-01-28,12:00:00,1659.65,1660.26,1653.45,1654.07,30651,2013,5,1695.99,1655.87,12.26261530113888,-2.471712686985187,-0.10870418571505944,BULLISH,0.2460597193589246,0.17834795383508834,0.5471352482059377
2013-06-19,04:00:00,1369.18,1370.28,1364.75,1366.57,14609,2013,25,1394.88,1365.29,16.113337149399158,-2.0295652672631457,0.0937529755583043,BULLISH,0.16830458739764187,0.4683258084108455,-1.4269301975017745
2013-08-07,00:00:00,1283.52,1284.68,1281.84,1282.25,3203,2013,32,1339.07,1283.1,18.41934787302955,-4.24324344507755,-0.06624581092665491,BULLISH,-0.2924546695262234,-0.34860596607526045,0.20120881263403606
2013-08-19,04:00:00,1376.65,1384.4,1375.44,1380.6,39981,2013,34,1379.57,1315.89,88.3134353455526,0.07466094507708726,4.917584296559728,BEARISH,-0.4490801100970461,-1.1437056352310564,-1.2132406200202812
2013-09-11,12:00:00,1365.8,1368.07,1357.66,1360.26,25330,2013,37,1416.35,1359.91,18.3405123554748,-3.9601793342041107,0.02573699730128531,BULLISH,0.16173378618793802,0.33817064384749307,-1.435754929204709
2013-09-12,04:00:00,1364.84,1365.81,1354.02,1360.0,19346,2013,37,1416.35,1359.91,19.43933823529389,-3.9785363787199426,0.006618085020326209,BULLISH,-1.2279411764705916,-2.1220588235294042,-2.5382352941176456
2013-11-01,16:00:00,1312.85,1316.22,1306.15,1311.31,21977,2013,44,1355.8,1310.19,19.55207963028795,-3.2814574421006055,0.08548378479456345,BULLISH,0.3462186668293511,0.02592827020309046,0.5284791544333578
2013-11-11,16:00:00,1286.95,1287.66,1281.45,1282.74,14758,2013,46,1326.34,1281.07,13.279421153437283,-3.287241582098098,0.13035977737360743,BULLISH,0.0631460779269334,-0.33132201381417903,-0.249465986871856
2013-11-12,00:00:00,1283.59,1283.8,1281.88,1282.32,1878,2013,46,1326.34,1281.07,16.682442025556327,-3.3189076707329934,0.09757468366287557,BULLISH,-0.29867739721753755,-0.21133570403643684,-1.1596169442884687
2013-11-12,08:00:00,1278.48,1284.03,1276.57,1281.17,8949,2013,46,1326.34,1281.07,15.442790924616048,-3.405612437233277,0.0078059746930406945,BULLISH,-0.12176370036764618,-1.1528524707884185,-0.657211767368895
2013-11-12,12:00:00,1281.17,1283.18,1277.27,1279.61,12775,2013,46,1326.34,1281.07,15.017793594306298,-3.5232293378771673,-0.11396723051824151,BULLISH,-0.005470416767603906,-0.9502895413446172,-0.6455091785778473
2013-11-12,16:00:00,1279.75,1285.27,1278.56,1279.54,19273,2013,46,1326.34,1281.07,13.870890328773612,-3.5285070193163106,-0.11943141280335756,BULLISH,-1.026931553527039,-0.7025962455257366,-0.31573846851211873
2014-01-06,04:00:00,1234.15,1246.23,1232.88,1240.97,12638,2014,2,1240.14,1178.82,82.24112056028007,0.06692792749205148,5.272221373916297,BEARISH,-0.08219376777842992,0.05560166643835505,-0.0032232850109159463
2014-01-13,00:00:00,1250.1,1250.25,1247.34,1248.82,1581,2014,3,1248.84,1214.21,91.7903066271012,-0.0016014861791728173,2.850413025753362,BEARISH,0.10009448919780274,-0.21380182892649424,0.4203968546307715
2014-01-13,04:00:00,1248.52,1254.82,1247.46,1250.07,8412,2014,3,1248.84,1214.21,92.79106858054165,0.0984914000192193,2.9533606213093204,BEARISH,-0.07199596822576844,-0.10479413152863004,0.10399417632612211
2014-01-13,08:00:00,1250.25,1252.16,1247.66,1249.17,8006,2014,3,1248.84,1214.21,89.2333901192502,0.0264245219563879,2.8792383525090415,BEARISH,-0.2417605289912487,0.315409431862743,0.30660358478028826
2014-01-13,16:00:00,1246.15,1249.08,1243.57,1248.76,15130,2014,3,1248.84,1214.21,81.76418176418206,-0.006405944716691269,2.8454715411666807,BEARISH,0.34834555879431667,0.20900733527658638,0.3395368205259625
2014-02-11,00:00:00,1275.17,1275.2,1272.98,1273.83,3512,2014,7,1274.27,1240.76,85.88235294117632,-0.034529573795196826,2.665301911731514,BEARISH,0.7630531546595721,0.8588273160468866,1.0189742744322257
2014-02-24,12:00:00,1329.12,1336.87,1328.17,1332.67,11380,2014,9,1331.99,1307.28,81.00197016605684,0.05105143432008226,1.9422005997185072,BEARISH,0.30315081753171924,0.22060975335227978,0.13506719592997174
2014-03-19,20:00:00,1341.07,1343.04,1327.68,1328.95,22986,2014,12,1387.9,1328.07,4.826291079812492,-4.2474241660061995,0.0662615675378639,BULLISH,-0.045900899206149766,0.15199969901049565,-0.14221754016329433
2014-03-20,00:00:00,1329.03,1330.77,1325.79,1328.34,3694,2014,12,1387.9,1328.07,4.8738858334916415,-4.291375459327053,0.020330253676386172,BULLISH,0.3026333619404657,-0.40576960717887534,0.19799147808543818
2014-06-16,00:00:00,1277.84,1278.84,1276.53,1278.38,2755,2014,25,1277.81,1250.31,84.42044038221863,0.044607570765619595,2.245043229279152,BEARISH,0.2338897667360082,0.16974608488867513,-0.5045448145308942
2014-07-31,16:00:00,1294.32,1295.65,1284.4,1286.76,15208,2014,31,1318.23,1287.51,17.93935991016305,-2.3872920507043554,-0.058251974741943754,BULLISH,-0.3761385184494326,-0.26422953775374514,0.5914078771488
2014-08-08,00:00:00,1311.36,1312.46,1310.6,1311.09,2447,2014,32,1312.04,1279.37,87.48593925759265,-0.07240632907533653,2.4793453027662076,BEARISH,0.41034559031036083,0.2905978994577163,-0.12127313914375965
2015-03-23,00:00:00,1185.8,1187.07,1185.33,1186.36,795,2015,13,1187.88,1142.7,80.93212830054932,-0.12795905310302463,3.8207753566115215,BEARISH,-0.3767827640850838,-0.14498128729894805,0.2596176540004851
2015-03-31,08:00:00,1181.23,1184.53,1178.54,1179.13,14564,2015,14,1219.57,1179.23,12.960098979275884,-3.3159228252580686,-0.00848010990221662,BULLISH,0.4214972055667992,0.42573762010974037,0.5817848752893997
2015-04-29,08:00:00,1211.13,1211.43,1207.63,1207.9,7735,2015,18,1209.02,1175.14,82.3407202216065,-0.09263701179466766,2.7877529485848482,BEARISH,0.043049921351103713,-0.32949747495653764,-0.24753704776885577
2015-04-29,12:00:00,1207.87,1209.12,1204.33,1208.42,11082,2015,18,1209.02,1175.14,81.45454545454534,-0.04962697060428355,2.832002995387781,BEARISH,0.1895036493934198,-0.3202528922063619,-0.2557057976531459
2015-04-29,16:00:00,1208.42,1213.99,1205.24,1210.71,28670,2015,18,1209.02,1175.14,82.3813910640257,0.13978263386875772,3.0268733938083914,BEARISH,-0.5608279439337218,-0.6161673728638598,-2.505141611120741
2015-06-24,16:00:00,1177.28,1177.78,1169.82,1174.09,17667,2015,26,1205.68,1172.73,13.345008756567836,-2.620098201844614,0.11596872255334988,BULLISH,0.021293086560655487,0.2623308264272888,-0.06558270660681735
2015-06-24,20:00:00,1174.1,1175.09,1173.19,1174.34,5599,2015,26,1205.68,1172.73,14.736842105263563,-2.5993630150620515,0.13728650243448193,BULLISH,0.08430267213924496,0.1370982849941352,-0.10644276785258104
2015-10-06,16:00:00,1138.69,1151.18,1137.78,1147.84,34575,2015,41,1148.14,1104.59,83.94301793879715,-0.026129217691238167,3.9154799518373333,BEARISH,-0.08450655143574255,0.047044884304449315,-0.05314329523277635
2015-10-06,20:00:00,1147.85,1148.64,1144.57,1146.87,12045,2015,41,1148.14,1104.59,85.17130620985013,-0.1106136882261927,3.8276645633221356,BEARISH,-0.036621413063367726,0.16566829719149434,-0.10027291672115093
2015-11-02,00:00:00,1141.45,1141.47,1134.16,1140.59,2785,2015,45,1182.86,1139.23,15.035154137371975,-3.573542092893494,0.11937887871631715,BULLISH,-0.03506956925800363,-0.30072155638746934,-0.6505405097361756
2015-12-22,00:00:00,1080.07,1080.07,1076.45,1077.27,5360,2015,52,1078.27,1047.58,81.73843700159503,-0.09274115017574448,2.8341510910861274,BEARISH,0.028776444159769175,0.051983253966038735,-0.3536717814475429
2015-12-22,04:00:00,1077.29,1079.83,1075.82,1077.58,7166,2015,52,1078.27,1047.58,87.9388448471126,-0.06399139362126875,2.863743103152027,BEARISH,0.14755284990442896,-0.1317767590341177,-0.3526420312180956
2015-12-22,08:00:00,1077.54,1079.99,1076.92,1079.17,6704,2015,52,1078.27,1047.58,87.76565192418208,0.08346703515817847,3.015521487619098,BEARISH,-0.12416950063476055,-0.5439365438253582,-0.45683256576814246
2015-12-22,12:00:00,1079.16,1079.34,1076.63,1077.83,19653,2015,52,1078.27,1047.58,86.52321630804077,-0.040806106077332635,2.887607629011627,BEARISH,-0.15494094616032636,-0.4054442722878275,-0.38410510006215015
2016-03-28,04:00:00,1214.01,1214.59,1208.15,1210.53,11560,2016,13,1260.12,1211.95,15.445074026686243,-3.935339491476996,-0.11716654977516174,BULLISH,0.3337381147100827,0.7905628113305689,0.6583893005543049
2016-05-02,00:00:00,1292.65,1295.91,1290.77,1294.92,5464,2016,18,1296.62,1229.94,87.73381890415487,-0.13111011707360815,5.2831845455875905,BEARISH,-0.2532975010039209,0.40465820282334114,-0.40465820282334114
2016-05-02,16:00:00,1300.11,1303.65,1288.68,1294.79,36210,2016,18,1296.62,1229.94,81.13924050632879,-0.14113618484983476,5.272614924305243,BEARISH,-0.3962032453139028,-0.03321001861306186,-0.7159462152163658
2016-06-07,08:00:00,1243.03,1244.13,1241.67,1243.23,11888,2016,23,1244.59,1199.62,82.65211762530066,-0.10927293325512016,3.6353178506527173,BEARISH,-0.45365700634637995,0.03941346331732737,0.7408122390868975
2016-07-04,04:00:00,1342.76,1357.31,1340.3,1345.85,28598,2016,27,1344.49,1305.4,83.03821062441753,0.10115359727479564,3.09866707522597,BEARISH,0.29943901623510794,0.36333915369469855,-0.14934799569045518
2016-08-22,12:00:00,1333.26,1337.58,1332.78,1336.27,16199,2016,34,1357.94,1335.57,19.728128267689186,-1.5957995198609711,0.05241207873792056,BULLISH,0.20953849147252834,0.09578902467315534,0.38689785746893013
2016-09-12,16:00:00,1328.32,1328.57,1321.67,1322.15,32683,2016,37,1352.51,1321.68,12.17134416543604,-2.2447153810322957,0.035560801404275415,BULLISH,0.329009567749492,0.6209582876375456,0.1633702681238781
2016-09-22,00:00:00,1333.88,1335.92,1331.29,1333.22,6039,2016,38,1331.88,1306.14,87.60994263862268,0.10060966453433628,2.073284640237641,BEARISH,-0.035252996504704946,0.08625733187319899,0.29327492836891744
2016-09-22,04:00:00,1333.19,1334.71,1332.35,1332.75,13031,2016,38,1331.88,1306.14,86.94497153700112,0.06532120010810966,2.0373007487711807,BEARISH,-0.015006565372353814,0.746576627274436,0.12380416432189766
2016-09-22,08:00:00,1332.74,1334.29,1331.1,1332.55,12731,2016,38,1331.88,1306.14,85.96220593906574,0.0503048322671596,2.0219884545301308,BEARISH,0.13658024089151902,0.34370192488087914,0.18460845746876564
2016-11-14,20:00:00,1212.49,1228.42,1212.06,1217.24,50447,2016,46,1337.16,1219.03,17.63621466612061,-8.968261090669783,-0.14683805976882963,BULLISH,0.5167427951759689,0.6210771910223083,0.4978475896289923
2016-12-01,04:00:00,1172.37,1173.76,1162.03,1169.64,22627,2016,48,1220.95,1170.11,18.966930855425176,-4.202465293419054,-0.040167163770910425,BULLISH,0.23340515030263934,-0.11542012927055643,0.4249170684996922
2016-12-12,08:00:00,1158.66,1158.78,1155.34,1155.7,15717,2016,50,1187.93,1156.16,19.405370843989715,-2.7131228271026084,-0.03978688070855559,BULLISH,0.015574976204902974,0.5537769317296758,0.4923423033659301
2016-12-12,12:00:00,1155.71,1156.81,1151.14,1155.88,20419,2016,50,1187.93,1156.16,11.38840070298781,-2.6979704191324365,-0.02421810130085565,BULLISH,0.31923729106826204,0.6064643388587042,0.19638716821815255
2017-02-27,16:00:00,1255.1,1260.02,1253.72,1259.69,21872,2017,9,1260.05,1226.04,85.99813722446399,-0.028570294829562318,2.744608658771336,BEARISH,-0.36119997777230545,-0.5421968897109729,-0.17623383530868922
2017-03-03,16:00:00,1227.16,1231.7,1224.84,1225.34,23024,2017,9,1260.05,1226.04,18.90808143121545,-2.7546525931510684,-0.057094385175038787,BULLISH,0.741018819266502,0.699397718184354,0.2856350074265102
2017-04-04,12:00:00,1257.74,1260.6,1257.07,1260.08,10106,2017,14,1260.97,1239.61,84.93353028064885,-0.07058058478790931,1.6513258202176515,BEARISH,-0.3801345946289096,-0.3650561869087605,-0.6047235096184284
2017-05-26,16:00:00,1265.59,1268.04,1264.28,1266.08,21665,2017,21,1265.0,1226.9,81.79621425694668,0.08537549407114049,3.1934142961936454,BEARISH,0.06792619739669906,-0.004739037027671666,0.12163528371034718
2017-05-29,00:00:00,1267.29,1269.1,1267.0,1268.25,2770,2017,22,1269.39,1247.85,86.24629707998314,-0.08980691513247308,1.6348118764274628,BEARISH,-0.17583284052828846,-0.10959984230239307,-0.11748472304356468
2017-06-12,16:00:00,1268.64,1268.73,1263.51,1265.53,21861,2017,24,1296.01,1264.57,18.224592220828455,-2.351833704986846,0.07591513320733818,BULLISH,-0.03713859015590522,0.06953608369616754,-0.2086082510884667
2017-06-12,20:00:00,1265.52,1267.64,1264.98,1265.06,12435,2017,24,1296.01,1264.57,19.522849462365883,-2.388098857261907,0.03874834924124478,BULLISH,0.005533334387314729,-0.09248573190203195,0.1264762145669088
2017-06-13,08:00:00,1266.38,1266.7,1263.46,1263.89,7322,2017,24,1296.01,1264.57,17.527450183002415,-2.4783759384572566,-0.053773219355182894,BULLISH,0.01107691333896721,0.21916464249262052,0.24131846917057292
2017-06-19,12:00:00,1250.07,1251.93,1249.76,1250.64,8287,2017,25,1280.85,1251.36,16.815406294034617,-2.358589998828888,-0.05753739930953523,BULLISH,-0.21189151154609567,-0.5533167018486593,-0.4589650099149242
2017-07-18,00:00:00,1233.56,1234.95,1232.76,1232.8,3476,2017,29,1232.77,1204.81,83.37813620071663,0.0024335439700814195,2.3231878885467427,BEARISH,0.34879948085658297,0.3950356911096787,0.7973718364698373
2017-07-24,12:00:00,1253.76,1257.81,1253.14,1255.95,10392,2017,30,1255.63,1228.19,82.28834573149186,0.025485214593465935,2.2602366083423564,BEARISH,-0.008758310442304814,-0.18870177952944928,-0.4673752936024617
2017-07-24,16:00:00,1255.95,1258.74,1254.52,1255.84,14711,2017,30,1255.63,1228.19,82.84593437945794,0.016724672076950137,2.2512803393611622,BEARISH,-0.07325773983945769,-0.07086890049686845,-0.36628869919734275
2017-07-24,20:00:00,1255.79,1255.86,1253.61,1254.92,8195,2017,30,1255.63,1228.19,80.26952315134801,-0.056545319879266684,2.176373362427639,BEARISH,-0.10677971504160785,-0.08048321805373974,-0.34583877856756967
2017-09-12,00:00:00,1327.47,1329.06,1326.59,1327.23,5013,2017,37,1357.42,1326.22,19.80410162228347,-2.2240721368478473,0.0761562938275694,BULLISH,-0.16123806725285744,-0.1311001107569908,0.2704881595503355
2017-09-12,04:00:00,1327.26,1327.61,1324.38,1325.09,9821,2017,37,1357.42,1326.22,15.730002973535377,-2.3817241531729425,-0.08520456636154704,BULLISH,0.14036782407233678,0.1577251356511743,0.4912873842531444
2017-09-12,08:00:00,1325.08,1327.3,1323.18,1326.95,19105,2017,37,1357.42,1326.22,18.680057388809615,-2.24469950346982,0.05504365791497777,BULLISH,-0.11002675308037502,0.33535551452579565,0.397904970044084
2017-09-12,12:00:00,1326.96,1328.46,1322.52,1325.49,24756,2017,37,1357.42,1326.22,6.758448060075295,-2.3522564865701154,-0.05504365791497777,BULLISH,0.12750001886095366,0.40211544409991223,0.5771450557906956
2017-09-12,16:00:00,1325.51,1329.11,1324.87,1327.18,41117,2017,37,1357.42,1326.22,11.561561561561916,-2.2277555951731967,0.07238618027175253,BULLISH,0.31796741964164826,0.33303696559621493,-0.34057173857351536
2017-11-30,20:00:00,1279.14,1279.45,1270.22,1274.61,48568,2017,48,1294.62,1274.46,14.948636202620719,-1.545627288316262,0.011769690692517895,BULLISH,0.016475627839106582,0.04158134645108701,0.4134598033908575
2017-12-01,00:00:00,1274.6,1275.84,1273.73,1274.82,14221,2017,48,1294.62,1274.46,14.311206281227669,-1.5294063122769583,0.02824725766206079,BULLISH,0.03451467658179622,0.10197518080983625,-0.08236456911563629
2017-12-01,04:00:00,1274.82,1276.67,1273.8,1275.26,23428,2017,48,1294.62,1274.46,17.328660436137213,-1.495419505337466,0.0627716836934823,BULLISH,-0.009409845835350506,-0.07998368960055062,-0.07292630522403773
2017-12-01,08:00:00,1275.26,1276.19,1274.08,1275.14,17887,2017,48,1294.62,1274.46,11.00458524385202,-1.5046886345027723,0.05335593113946799,BULLISH,0.0768543061938133,0.3717238891415851,-0.1097918659911924
2017-12-01,12:00:00,1275.14,1278.1,1274.9,1276.12,36276,2017,48,1294.62,1274.46,8.760683760682738,-1.4289907463193834,0.13025124366397176,BULLISH,-0.1473215685045201,-0.1841519606306546,-0.20766072156222487
2017-12-01,16:00:00,1276.1,1276.47,1271.5,1274.24,58828,2017,48,1294.62,1274.46,7.079999999999146,-1.5742071032426412,-0.017262213015710754,BULLISH,0.4426167754897115,0.007063033651425017,0.07219989954797155
2018-01-02,08:00:00,1309.81,1310.17,1308.62,1309.28,6186,2018,1,1307.41,1276.92,92.01312910284516,0.1430308778424435,2.534222974031255,BEARISH,0.059574728094828666,0.4995111817181935,0.32689722595624865
2018-01-15,04:00:00,1336.74,1341.89,1336.33,1340.89,27373,2018,3,1339.21,1307.96,83.3839611178619,0.12544709194226922,2.517661090553233,BEARISH,0.14915466593083695,0.010440826615149092,-0.030576706515827685
2018-01-15,16:00:00,1341.48,1342.37,1338.51,1341.03,23914,2018,3,1339.21,1307.96,88.36477987421368,0.13590101627078177,2.528364781797604,BEARISH,-0.08202650201709946,-0.04101325100854973,-0.43026628785336507
2018-01-15,20:00:00,1340.95,1341.54,1339.88,1339.93,7544,2018,3,1339.21,1307.96,84.24680013127683,0.05376303940382966,2.444264350591763,BEARISH,0.11045353115461391,-0.05373415029143516,-0.09851260886763963
2018-01-16,04:00:00,1341.4,1341.83,1338.02,1340.48,22254,2018,3,1339.21,1307.96,80.16614745586709,0.09483202783730571,2.4863145661946833,BEARISH,-0.0947421819049879,-0.3894127476724776,-0.2297684411554016
2018-10-15,08:00:00,1221.73,1229.12,1221.19,1227.15,8646,2018,42,1226.3,1183.16,82.79463933780059,0.06931419717851557,3.718009398559789,BEARISH,0.14097706066903132,-0.14505154219127245,0.1792771869779422
2018-11-19,20:00:00,1222.62,1225.16,1221.31,1223.87,13337,2018,47,1225.23,1196.21,86.65586169638108,-0.11099956742816673,2.3123030237165594,BEARISH,0.01879284564537232,0.06128101840881794,-0.21570918479902873
2018-11-20,00:00:00,1223.88,1224.49,1223.03,1224.1,3280,2018,47,1225.23,1196.21,84.22733077905559,-0.09222758176016822,2.3315304169000317,BEARISH,-0.1895269994281461,0.015521607711792713,-0.20668246058328346
2018-12-19,00:00:00,1248.84,1249.97,1248.51,1249.45,2956,2018,51,1250.49,1232.89,81.74940898345122,-0.0831673983798322,1.3431855234449095,BEARISH,0.07923486333987026,-0.09284084997399511,-0.4353915722918127
2018-12-19,04:00:00,1249.44,1251.06,1248.47,1250.44,5850,2018,51,1250.49,1232.89,80.85317460317427,-0.003998432614411513,1.4234846579986822,BEARISH,-0.05198170244074814,0.3118902146444342,-0.4734333514602918
2018-12-19,08:00:00,1250.46,1251.28,1249.3,1249.79,4706,2018,51,1250.49,1232.89,82.48987854250919,-0.05597805660181572,1.3707630039987233,BEARISH,-0.1200201633874491,-0.46167756183038605,-0.10001680282287426
2019-01-29,04:00:00,1303.84,1304.47,1302.66,1303.69,3998,2019,5,1303.91,1276.7,83.20334261838451,-0.016872330145487592,2.1140440197383885,BEARISH,0.2922473901004031,0.5515114789558909,0.7263996809057389
2019-03-05,04:00:00,1287.04,1289.55,1285.54,1288.28,5697,2019,10,1332.51,1290.12,17.03954214360077,-3.31929966754471,-0.142622391715493,BULLISH,-0.2522743502965194,-0.32135871083924866,-0.09702859626789208
2019-04-15,00:00:00,1291.22,1291.89,1289.27,1289.68,1044,2019,16,1310.53,1289.53,6.343984962407518,-1.5909593828451016,0.011632145045101001,BULLISH,-0.04497239625334615,-0.3086036846349496,-0.10545251535265548
2019-04-15,04:00:00,1289.68,1290.34,1286.85,1289.1,6321,2019,16,1310.53,1289.53,6.241331484051386,-1.635216286540565,-0.033345482462607594,BULLISH,-0.169110231944755,-0.03878675044604763,-0.30408812349700143
2019-04-15,16:00:00,1285.7,1289.39,1282.43,1288.6,10280,2019,16,1310.53,1289.53,16.93227091633517,-1.6733687897262988,-0.07211929927958742,BULLISH,-0.0605308086295183,-0.2654043147601929,-1.0072947384758668
2019-04-15,20:00:00,1288.6,1290.09,1287.62,1287.82,4647,2019,16,1310.53,1289.53,19.694161260426824,-1.7328866946960417,-0.13260645351407385,BULLISH,0.038825301672594,-0.23450482210246631,-0.8890994083024061
2019-05-17,20:00:00,1276.92,1278.29,1274.72,1277.48,7804,2019,20,1291.44,1276.93,17.99584939223236,-1.0809638852753543,0.043072055633429744,BULLISH,0.01565582240035425,-0.09941447224222547,0.03366001816075897
2019-05-20,08:00:00,1276.83,1277.11,1274.66,1276.21,3831,2019,21,1303.23,1274.72,18.621973929236475,-2.0733101601405726,0.11688841471068226,BULLISH,-0.0007835701020984715,0.1332069173568649,-0.0368277947986638
2019-05-20,12:00:00,1276.21,1276.97,1273.61,1276.2,4790,2019,21,1303.23,1274.72,18.82057716436644,-2.0740774844041323,0.11610392870591332,BULLISH,0.054850336937787604,0.09402914903620478,-0.3236169879329344
2019-05-21,04:00:00,1277.4,1277.43,1275.29,1275.59,4265,2019,21,1303.23,1274.72,16.77344205008771,-2.120884264481335,0.06825028241495316,BULLISH,0.011759264340429993,-0.15914204407372062,-0.12778400583258587
2019-05-21,08:00:00,1275.59,1276.59,1274.21,1275.74,3515,2019,21,1303.23,1274.72,18.76160990712161,-2.10937440052792,0.08001757248650541,BULLISH,-0.2876761722608112,-0.08308903068022837,-0.20301942402056206
2019-05-21,16:00:00,1272.07,1274.87,1269.41,1273.56,11908,2019,21,1303.23,1274.72,19.951456310679873,-2.2766510899841217,-0.09100037655328871,BULLISH,0.08794246050442212,0.031408021608726015,0.17588492100882636
2019-09-23,08:00:00,1516.61,1518.43,1511.48,1517.7,11038,2019,39,1517.01,1482.97,80.5415328132171,0.04548420906915937,2.341921953916803,BEARISH,0.09092706068392184,0.45661197865191167,0.3511892995980712
2020-01-21,00:00:00,1560.88,1561.43,1559.97,1561.21,712,2020,4,1561.21,1535.96,86.10919143054491,0.0,1.6439230188286154,BEARISH,0.35741508189160504,-0.35741508189160504,-0.30297013214109686
2020-04-06,08:00:00,1617.27,1632.95,1615.71,1631.35,10764,2020,15,1632.25,1569.33,80.31254787804511,-0.05513861234492822,3.952004995762522,BEARISH,0.5222668342170584,2.170594906059404,0.8698317344530637
2020-04-13,08:00:00,1682.17,1692.89,1681.54,1690.86,9712,2020,16,1690.43,1608.35,82.85046728971959,0.025437314766055753,5.1301022787328625,BEARISH,0.05263593674225543,1.52466792046652,1.8913452326035283
2020-04-13,12:00:00,1690.86,1693.64,1685.96,1691.75,8973,2020,16,1690.43,1608.35,82.55979724378265,0.07808664067722036,5.185438492865365,BEARISH,1.0232008275454378,1.4919462095463283,1.7159745825328785
2020-10-12,00:00:00,1926.89,1933.18,1926.53,1929.08,5114,2020,42,1930.41,1872.94,88.54148161307506,-0.06889728088852393,2.9974265059211653,BEARISH,-0.09434549111493232,-0.2353453459680243,-0.20994463682169504
2020-11-09,04:00:00,1958.58,1961.18,1952.61,1960.81,19184,2020,46,1960.29,1873.41,80.9235733010687,0.026526687377887038,4.665289498828332,BEARISH,-0.19991738108229995,-5.100953177513374,-4.060056813255741
2020-12-17,08:00:00,1864.1,1874.78,1863.71,1874.76,13517,2020,51,1875.28,1821.99,86.52689995375367,-0.027729192440594564,2.896283733719723,BEARISH,0.2656340011521484,0.49713029934497943,0.32377477650472253
2021-01-11,04:00:00,1844.72,1849.45,1817.0,1830.81,21558,2021,2,1959.29,1828.27,10.605379149050805,-6.5574774535673646,0.13892915160233246,BULLISH,0.8362418820085069,0.9908182716939551,1.0383382218799324
2021-02-03,20:00:00,1833.68,1838.03,1832.6,1833.22,20048,2021,5,1875.69,1831.35,18.136952498457347,-2.2642334287648826,0.10211046495755144,BULLISH,0.056730779720926224,-0.4363906132379093,-2.0794012720786443
2021-02-26,12:00:00,1759.4,1770.13,1757.62,1759.92,39525,2021,8,1827.02,1760.64,18.271348969806837,-3.6726472616610604,-0.04089422028353481,BULLISH,-1.7006454838856346,-1.181303695622526,-0.9307241238238163
2021-04-05,16:00:00,1724.91,1733.57,1721.85,1730.35,34697,2021,14,1732.84,1677.86,86.59065360526775,-0.14369474388864575,3.1283897345428113,BEARISH,-0.1306094142803474,0.17857658855145755,0.8558962059699006
2021-04-19,12:00:00,1786.98,1790.03,1778.65,1782.12,23356,2021,16,1783.79,1723.7,83.05828917486767,-0.09362088586661393,3.389220862098964,BEARISH,-0.5605683118981765,-0.5560792763674642,-0.4988440733508334
2021-05-10,12:00:00,1834.84,1842.07,1834.14,1841.16,16877,2021,19,1843.3,1766.04,85.92002237136451,-0.11609613193727948,4.2535842902765575,BEARISH,0.027699928306067417,-0.2672228377761885,-0.08418605661649078
2021-05-10,16:00:00,1841.14,1845.49,1835.53,1841.67,41584,2021,19,1843.3,1766.04,85.6101743355243,-0.0884283621765248,4.282462458381469,BEARISH,-0.19601774476426975,-0.373573984481482,-0.4490489609973547
2021-08-30,12:00:00,1815.15,1817.79,1813.7,1817.14,6651,2021,35,1819.09,1776.44,80.21048287247233,-0.1071964553705324,2.29109905203666,BEARISH,-0.37916726284161373,-0.3681609562279216,-0.24048779950912522
2021-09-20,04:00:00,1754.12,1754.63,1742.07,1746.38,11098,2021,38,1808.58,1745.24,14.611398963730238,-3.439162215660895,0.06532052898169306,BULLISH,0.4540821585221908,0.8978572819203057,0.8909859251709219
2021-11-08,00:00:00,1815.69,1818.24,1815.46,1815.86,1467,2021,45,1818.27,1758.07,86.61814109742423,-0.13254357163678013,3.2871273612541003,BEARISH,0.1795292588635683,0.06002665403721353,0.48186534204178744
2021-11-08,04:00:00,1815.86,1821.06,1812.97,1819.12,13101,2021,45,1818.27,1758.07,85.24918993982388,0.04674773273495735,3.4725579755072298,BEARISH,-0.15447029332863943,0.1324816394740359,0.2182373895070159
2021-11-08,08:00:00,1819.17,1821.48,1814.7,1816.31,11390,2021,45,1818.27,1758.07,80.63253483638626,-0.10779477195356225,3.312723611687817,BEARISH,0.03523627574588589,0.5191845004432099,0.21306935490087697
2021-11-08,12:00:00,1816.31,1818.4,1812.46,1816.95,14017,2021,45,1818.27,1758.07,83.51753964440181,-0.07259647907076157,3.3491271678602166,BEARISH,0.2520707779520585,0.42158562426042845,0.3803076584385841
2021-12-27,04:00:00,1807.32,1811.79,1806.64,1810.84,10223,2021,52,1810.63,1785.0,81.96567862714468,0.011598173011593146,1.4476190476190431,BEARISH,-0.1109982107751094,0.09940138278369055,-0.05522299043537805
2021-12-27,16:00:00,1806.27,1813.47,1802.92,1812.64,21543,2021,52,1810.63,1785.0,80.59954751131205,0.11101108453963487,1.548459383753507,BEARISH,-0.18591667402242687,-0.15447082708095275,-0.0617883308323836
2022-01-03,00:00:00,1830.63,1831.82,1828.03,1828.49,1353,2022,1,1828.08,1789.47,83.46180798878781,0.02242790249880103,2.1805339010992073,BEARISH,-0.15696011463011109,-0.30024774540741317,-1.3322468266164922
2022-02-21,00:00:00,1902.54,1906.43,1898.52,1904.84,2381,2022,8,1902.51,1844.49,84.005159625927,0.12246978990911622,3.2719071396429316,BEARISH,-0.42208269460951914,-0.536528002351905,0.2483148190924182
2022-03-29,12:00:00,1924.65,1924.68,1909.73,1912.23,23269,2022,13,1966.2,1910.67,19.952993567540915,-2.744888617638085,0.08164675218640297,BULLISH,-0.1924454694257523,0.38436798920631454,0.4068548239490005
2022-05-16,12:00:00,1792.97,1807.32,1792.74,1800.52,17779,2022,20,1885.59,1799.06,18.233514821536545,-4.51158523326916,0.08115349126766402,BULLISH,0.7431186546108963,1.4356963543865056,1.8933419234443336
2022-06-03,04:00:00,1869.92,1874.09,1867.83,1868.96,8917,2022,22,1869.67,1840.78,80.68075556386765,-0.03797461584130014,1.530872782190162,BEARISH,-0.22900436606454777,-0.9069214964472244,-0.6875481551237125
2022-11-14,16:00:00,1756.33,1775.09,1755.56,1771.49,39018,2022,46,1772.78,1664.71,82.06984251198267,-0.07276706641545841,6.4143304239176775,BEARISH,0.08072300718604472,-0.01072543452122533,-0.014112413843713483
2022-11-14,20:00:00,1771.54,1773.97,1766.6,1772.92,27898,2022,46,1772.78,1664.71,82.05580029368566,0.007897201006334686,6.5002312715127575,BEARISH,-0.19290210500192184,0.5640412426956658,0.3186833021230435
2023-01-10,00:00:00,1875.24,1875.24,1869.22,1870.51,8138,2023,2,1869.87,1823.52,81.27238859435457,0.03422697834609358,2.5768842677897696,BEARISH,0.07270744342451524,0.25233759776745524,0.35765646802209317
2023-01-10,08:00:00,1871.94,1875.21,1870.64,1872.1,14526,2023,2,1869.87,1823.52,81.56881616939361,0.11925962767465215,2.664078266210402,BEARISH,0.16719192350836543,0.24304257251216185,0.5122589605256207
2023-07-11,08:00:00,1926.69,1938.39,1926.39,1932.29,28335,2023,28,1935.05,1902.59,80.73177928592465,-0.14263197333402192,1.5610299644169288,BEARISH,0.20856082679100824,0.01190297522628685,0.1267925621930479
2023-07-11,12:00:00,1932.29,1938.47,1931.97,1936.32,21333,2023,28,1935.05,1902.59,83.63975486277627,0.06563137903413255,1.7728464882081802,BEARISH,-0.26855065278466606,-0.15803173029251083,-0.08469674433977198
2023-08-23,16:00:00,1903.31,1918.96,1902.68,1918.35,61290,2023,34,1916.24,1885.04,81.68836623267495,0.11011146829206675,1.7670712557823678,BEARISH,-0.07871347772825558,0.1365757030781723,0.1428310787916704
2023-08-24,00:00:00,1916.83,1918.04,1914.3,1917.88,4141,2023,34,1916.24,1885.04,84.61724221202553,0.08558426919384315,1.7421380978653052,BEARISH,0.16111539825223256,-0.0646547229232282,-0.10428181116649633
2023-09-18,16:00:00,1926.81,1929.38,1922.83,1928.99,35857,2023,38,1930.77,1901.02,83.7324766355141,-0.09219119833019845,1.4713153991015364,BEARISH,0.223432988247733,0.16900035770014313,0.21513849216429795
2023-09-18,20:00:00,1928.99,1933.59,1927.69,1933.3,15038,2023,38,1930.77,1901.02,84.92557510148859,0.13103580436820403,1.698035791312031,BEARISH,0.041380023793511335,0.060518284798017526,-0.06724253866445738
2023-09-19,04:00:00,1934.1,1934.61,1931.74,1932.25,8799,2023,38,1930.77,1901.02,80.2816901408453,0.07665335591499858,1.6428022850890585,BEARISH,0.11489196532539925,0.046060292405232246,-0.08384008280501441
2024-01-18,08:00:00,2007.97,2014.17,2005.65,2012.22,43059,2024,3,2062.33,2013.16,17.318523153942607,-2.429776030024288,-0.04669276162848728,BULLISH,0.023357286976574496,0.3762014093886322,0.7797358141753911
2024-01-18,12:00:00,2012.22,2013.57,2008.03,2012.69,82085,2024,3,2062.33,2013.16,19.27831607083222,-2.4069862728079343,-0.02334638081424364,BULLISH,0.046703665244029365,0.5510038803789913,0.9335764573779352
2024-03-04,08:00:00,2081.46,2088.34,2080.22,2087.3,14330,2024,10,2088.38,2024.38,82.6151560178307,-0.05171472624713545,3.108112113338408,BEARISH,-0.25295836726872994,1.3864801418099746,1.3035979495041456
2024-04-30,20:00:00,2295.88,2299.29,2289.32,2290.75,13362,2024,18,2389.8,2291.39,14.126689636894042,-4.144698301113071,-0.02793064471782947,BULLISH,0.021390374331541274,-0.2147768198188398,0.8307322929171755
2024-05-01,00:00:00,2290.55,2293.39,2285.04,2291.24,5434,2024,18,2389.8,2291.39,16.455135773317664,-4.124194493263051,-0.006546244855746553,BULLISH,-0.3103123199664668,0.1448997049632585,1.4201916865976687
2024-05-16,16:00:00,2384.7,2386.37,2371.02,2381.57,21316,2024,20,2378.32,2291.79,82.36549306508235,0.13665108143563523,3.9174618965961194,BEARISH,-0.1415032940455391,-0.15410002645314108,1.1013743035056713
2024-05-23,20:00:00,2346.1,2350.18,2331.03,2331.62,17430,2024,21,2422.74,2332.11,13.919874312647423,-3.761030898899589,-0.02101101577542382,BULLISH,0.01629768144037661,0.25990513033856055,0.09607054322746574
2024-05-24,00:00:00,2331.6,2333.63,2326.68,2332.0,4566,2024,21,2422.74,2332.11,14.17939678809266,-3.7453461782939885,-0.004716758643465674,BULLISH,-0.05574614065180883,0.2675814751286356,0.22469982847340403
2024-05-24,04:00:00,2332.0,2335.19,2325.46,2330.7,14667,2024,21,2422.74,2332.11,14.049522626717575,-3.7990044329973487,-0.06046026988436691,BULLISH,0.2994808426652945,0.16904792551594175,0.6586004204745511
2024-05-24,16:00:00,2338.25,2347.37,2332.31,2334.64,20961,2024,21,2422.74,2332.11,17.68984124501462,-3.6363786456656477,0.108485448799574,BULLISH,-0.033409861905893214,0.4887263132645851,0.7637151766439335
2024-05-24,20:00:00,2334.73,2337.02,2331.95,2333.86,13336,2024,21,2422.74,2332.11,18.854713678419785,-3.668573598487649,0.07503934205504885,BULLISH,0.14482445390896,0.20266854052942412,0.6949859888767878
2024-08-12,16:00:00,2441.48,2460.48,2441.32,2459.68,47552,2024,33,2458.65,2364.06,90.72564998059701,0.04189290871005411,4.04473659720988,BEARISH,0.4342028231314761,0.15042607168413263,0.35898978728941905
2024-08-19,00:00:00,2508.41,2510.06,2502.3,2506.34,6783,2024,34,2509.61,2423.75,84.59576355772445,-0.1302991301437268,3.4075296544610683,BEARISH,-0.1256812722934674,-0.47718984654915275,-0.11171668648308616
2024-09-16,04:00:00,2579.07,2588.88,2578.8,2586.23,18464,2024,38,2585.92,2485.44,91.80253106829318,0.01198799653508018,4.0552175872280145,BEARISH,-0.16239854923961974,-0.2478511191966629,-0.35186352335252125
2024-09-16,12:00:00,2582.03,2588.42,2575.17,2582.9,30858,2024,38,2585.92,2485.44,88.21587157007866,-0.11678628882563968,3.921237285953394,BEARISH,-0.11924580897440579,0.027101320221449458,-0.12466607301870977
2024-09-16,20:00:00,2579.83,2584.01,2579.48,2582.42,19678,2024,38,2585.92,2485.44,85.05785491766812,-0.13534834797673556,3.901924810093988,BEARISH,0.04569357424430713,0.050340378404741565,-0.5374803478907423
2024-09-23,04:00:00,2620.13,2631.02,2615.97,2628.43,26230,2024,39,2625.65,2546.71,94.6534875884531,0.10587854436043438,3.2088459227787927,BEARISH,-0.5086686729340287,0.02853414395665854,0.20848947850998575
2024-09-23,12:00:00,2615.05,2625.65,2614.59,2623.98,29861,2024,39,2625.65,2546.71,81.17537119717575,-0.06360329823091702,3.034110676127238,BEARISH,0.198172242166473,0.08574760478357304,0.08574760478357304
2024-10-14,08:00:00,2655.63,2666.77,2655.3,2660.37,14192,2024,42,2661.4,2604.77,81.49763722282837,-0.03870143533479372,2.134545468505853,BEARISH,-0.30710014020606435,-0.296951175964249,-0.36273149975379704
2024-10-21,00:00:00,2720.16,2725.02,2719.29,2723.49,5167,2024,43,2722.6,2638.33,85.97552776657221,0.032689341071030366,3.2277994034104855,BEARISH,0.2948422795751114,0.4002217742675791,-0.07637259545656225
2025-01-16,04:00:00,2694.95,2702.15,2692.55,2697.31,14092,2025,3,2698.01,2614.45,84.10666666666712,-0.025945048387525354,3.169309032492499,BEARISH,0.03855693264771063,0.7266498845145686,0.6740048418609592
2025-01-16,08:00:00,2697.26,2699.91,2690.03,2698.35,12523,2025,3,2698.01,2614.45,81.48685027956145,0.012601880645353085,3.2090879534892656,BEARISH,0.2979598643615529,0.6285322511905438,0.45175755554320435
2025-03-31,00:00:00,3086.59,3097.77,3086.59,3089.18,4850,2025,14,3086.77,3002.46,91.97481396680001,0.07807514003310433,2.8882982620917446,BEARISH,0.579441793615137,0.9808428126557917,1.0174220990683707
2025-07-14,00:00:00,3362.47,3373.94,3359.59,3367.8,7442,2025,29,3368.75,3282.77,89.52303302079035,-0.028200371057508517,2.590190601230065,BEARISH,-0.322465704614292,-0.10986400617614682,-0.6686857889423357
2025-08-04,04:00:00,3361.96,3362.39,3345.07,3360.4,12789,2025,32,3363.45,3268.17,82.317852577759,-0.09068069987660668,2.8220686194414615,BEARISH,-0.13659088203785696,0.4127484823235297,0.34936317105105885
2025-08-13,04:00:00,3350.56,3354.26,3342.72,3349.57,13258,2025,33,3408.84,3345.07,18.658584793780804,-1.7387146360638803,0.1345263327822736,BULLISH,0.15225834957919698,0.24510608824416377,0.32541490400259243
2026-05-07,08:00:00,4696.38,4753.5,4694.82,4731.08,21427,2026,19,4729.96,4510.27,89.52852817427575,0.02367884717840935,4.895715777547674,BEARISH,0.401176898298073,-0.9266383151415776,-0.32550707238092863
2026-05-18,00:00:00,4542.58,4554.99,4480.44,4515.98,18125,2026,21,4773.5,4511.83,11.779715075483367,-5.394783701686403,0.09198041592878359,BULLISH,0.5469466206670697,1.2267547686216624,1.0493846296927871
