trade_date,trade_time,open,high,low,close,volume,rsi,inside_bar,signal,forward_1,forward_3,forward_6
2004-07-09,00:00:00,407.1,407.3,407.1,407.3,3,83.26180257510737,True,BEARISH_INSIDE_BAR,-0.4173827645470142,-0.171863491284063,-0.12275963663147557
2004-08-17,20:00:00,404.3,404.6,403.3,404.6,82,81.8840579710145,True,BEARISH_INSIDE_BAR,-0.32130499258527223,-0.5190311418685177,-0.12357884330202668
2004-08-20,20:00:00,412.6,413.6,411.8,412.2,235,83.91608391608385,True,BEARISH_INSIDE_BAR,-0.21834061135370628,-0.5094614264919859,-0.7035419699175103
2004-12-21,04:00:00,442.7,443.0,442.3,442.4,62,86.24999999999972,True,BEARISH_INSIDE_BAR,-0.3616636528028856,-0.2712477396021674,-0.3616636528028856
2005-02-04,20:00:00,414.0,414.7,413.7,414.2,307,16.822429906541743,True,BULLISH_INSIDE_BAR,-0.09657170449057877,-0.12071463061323032,-0.2655721873490985
2005-02-15,20:00:00,424.8,426.0,424.2,425.3,381,83.06451612903243,True,BEARISH_INSIDE_BAR,-0.14107688690336767,-0.23512814483893724,-0.07053844345168384
2005-03-10,08:00:00,441.7,442.1,440.8,441.3,106,81.19658119658158,True,BEARISH_INSIDE_BAR,-0.3399048266485384,0.11330160888284614,-0.2945841830954025
2005-03-23,04:00:00,426.6,426.6,425.8,426.3,67,13.017751479289885,True,BULLISH_INSIDE_BAR,0.11728829462819611,-0.18766127140511643,-0.23457658925639222
2005-05-04,00:00:00,427.3,427.3,425.8,426.8,71,16.79389312977095,True,BULLISH_INSIDE_BAR,0.11715089034676662,0.5388940955951292,0.4686035613870665
2005-06-17,04:00:00,436.7,436.7,435.7,435.8,98,86.82170542635633,True,BEARISH_INSIDE_BAR,0.0,0.5736576411197797,0.6195502524093595
2005-06-17,20:00:00,438.2,438.5,436.8,437.1,94,81.33333333333333,True,BEARISH_INSIDE_BAR,0.20590253946464818,0.6177076183939576,0.04575611988103148
2005-06-20,12:00:00,440.0,440.3,439.3,439.6,99,85.23489932885911,True,BEARISH_INSIDE_BAR,-0.5232029117379461,-0.7961783439490446,-1.0464058234758922
2005-07-05,20:00:00,421.8,423.3,421.6,423.1,90,14.534883720930253,True,BULLISH_INSIDE_BAR,-0.02363507445048989,0.16544552115338892,0.04727014890096635
2005-08-11,20:00:00,445.7,446.0,444.1,445.3,169,96.87500000000017,True,BEARISH_INSIDE_BAR,0.0,0.6287895800583901,0.08982708286547884
2005-09-01,20:00:00,442.3,442.8,441.5,442.8,103,89.4736842105262,True,BEARISH_INSIDE_BAR,-0.15808491418247259,0.8581752484191534,0.0
2005-09-02,00:00:00,442.5,442.5,441.6,442.1,18,90.06622516556293,True,BEARISH_INSIDE_BAR,0.13571590137977063,0.2714318027595541,0.7238181406921484
2005-10-19,20:00:00,462.8,464.8,462.2,464.1,187,15.584415584415524,True,BULLISH_INSIDE_BAR,-0.3232062055591467,-0.1723766429648807,-0.7326007326007399
2005-10-20,00:00:00,464.3,464.3,462.6,462.6,84,14.634146341463335,True,BULLISH_INSIDE_BAR,0.04323389537397074,0.2594033722438367,-0.2377864245568575
2005-11-01,20:00:00,460.1,460.2,458.1,458.7,262,16.6666666666665,True,BULLISH_INSIDE_BAR,0.3270111183780248,0.4360148245040331,0.7412252016568638
2005-11-02,08:00:00,460.8,461.3,460.6,460.7,78,19.57671957671954,True,BULLISH_INSIDE_BAR,-0.23876709355328107,0.3038853917951018,0.7814195789016762
2005-11-17,20:00:00,485.5,486.2,484.3,486.1,338,91.2280701754386,True,BEARISH_INSIDE_BAR,-0.020571898786262647,0.34972227936638317,-0.26743468422135597
2006-02-08,00:00:00,548.2,549.2,547.6,548.0,127,19.938650306748457,True,BULLISH_INSIDE_BAR,0.09124087591240876,-0.36496350364963503,1.7335766423357664
2006-03-07,20:00:00,551.7,553.2,550.7,552.5,251,19.213973799126563,True,BULLISH_INSIDE_BAR,0.10859728506787741,-0.4524886877828055,-2.0452488687782724
2006-03-27,00:00:00,559.5,559.5,559.5,559.5,1,84.24657534246597,True,BEARISH_INSIDE_BAR,-0.14298480786415632,0.6613047363717687,1.2511170688114388
2006-03-27,20:00:00,566.7,567.5,565.0,566.5,188,91.62790697674436,True,BEARISH_INSIDE_BAR,0.0,-0.14121800529566716,-0.6884377758164126
2006-03-28,00:00:00,566.6,567.2,566.2,566.5,39,91.4285714285716,True,BEARISH_INSIDE_BAR,-0.14121800529566716,-0.5825242718446522,-0.529567519858782
2006-04-18,00:00:00,613.2,615.0,613.0,614.6,51,80.86419753086412,True,BEARISH_INSIDE_BAR,0.48812235600390497,-0.06508298080051696,1.399284087211198
2006-04-19,04:00:00,623.5,623.7,621.6,622.5,101,88.97849462365586,True,BEARISH_INSIDE_BAR,0.11244979919679446,0.7550200803212924,2.1204819277108506
2006-05-19,20:00:00,659.0,659.7,655.0,657.2,302,15.006821282401106,True,BULLISH_INSIDE_BAR,-0.15216068167985392,-2.145465611685944,-0.30432136335970783
2006-07-03,04:00:00,618.7,619.2,616.5,618.5,80,90.7756813417191,True,BEARISH_INSIDE_BAR,0.0970088924818145,0.7275666936135812,1.2126111560226354
2006-07-05,20:00:00,626.6,628.7,626.1,627.6,170,86.5546218487396,True,BEARISH_INSIDE_BAR,-0.22307202039515253,-0.5736137667304051,0.7807520713830429
2006-07-06,04:00:00,626.5,627.7,625.6,626.2,77,86.40776699029142,True,BEARISH_INSIDE_BAR,-0.351325455126165,1.1977004152028106,0.3992334717342702
2006-07-12,20:00:00,646.5,652.5,646.2,651.0,226,84.30913348946127,True,BEARISH_INSIDE_BAR,-0.8141321044546781,-0.046082949308748775,1.30568356374808
2006-09-05,20:00:00,638.1,638.7,635.6,637.5,370,82.33215547703178,True,BEARISH_INSIDE_BAR,0.2352941176470588,-0.20392156862744384,-0.6745098039215615
2006-09-07,20:00:00,616.6,618.1,615.7,616.2,265,17.10526315789484,True,BULLISH_INSIDE_BAR,0.29211295034079104,-0.2758844530996503,-0.973709834469328
2006-10-04,20:00:00,562.1,566.7,561.2,566.2,743,17.081850533807852,True,BULLISH_INSIDE_BAR,0.44154009184033904,0.08830801836806781,1.2363122571529495
2006-10-24,00:00:00,581.5,581.5,580.7,581.1,9,9.049773755656105,True,BULLISH_INSIDE_BAR,-0.24092238857339135,-0.17208742040956806,0.5334710032696649
2006-10-26,20:00:00,595.0,597.7,594.7,596.6,755,83.1325301204818,True,BEARISH_INSIDE_BAR,-0.23466309084813564,-0.5698960777740492,0.4358028830036913
2006-10-27,20:00:00,596.2,599.2,595.2,599.2,645,80.00000000000009,True,BEARISH_INSIDE_BAR,-0.16688918558077434,0.6675567423230974,0.8344459279038717
2006-11-03,00:00:00,623.1,625.2,622.6,622.7,108,86.58536585365867,True,BEARISH_INSIDE_BAR,-0.09635458487233381,0.30512285209570855,0.9153685562871257
2006-11-28,00:00:00,640.5,640.7,640.2,640.7,29,81.77966101694898,True,BEARISH_INSIDE_BAR,-0.17168721710629353,-0.3901982206961136,-0.23411893241766815
2006-12-07,12:00:00,631.5,631.6,629.7,630.0,473,18.018018018017983,True,BULLISH_INSIDE_BAR,-0.3968253968253968,0.1746031746031782,0.03174603174603897
2006-12-18,00:00:00,615.6,616.2,615.6,616.2,75,19.523809523809632,True,BULLISH_INSIDE_BAR,0.08114248620577734,-0.03245699448231831,0.0
2006-12-28,20:00:00,633.0,634.5,632.2,634.1,339,80.58823529411778,True,BEARISH_INSIDE_BAR,-0.22078536508436794,-0.1419334489828067,0.3311780476265609
2007-01-03,00:00:00,639.6,640.2,639.5,640.1,34,87.28323699421993,True,BEARISH_INSIDE_BAR,-0.09373535385096433,-0.9998437744102449,-1.96844243087018
2007-01-05,00:00:00,621.5,623.2,621.1,622.5,148,19.512195121951038,True,BULLISH_INSIDE_BAR,0.08032128514056225,0.3534136546184812,-2.297188755020073
2007-01-05,20:00:00,606.6,607.7,602.5,606.7,1098,18.160377358490464,True,BULLISH_INSIDE_BAR,0.24723916268336904,0.08241305422778968,0.3296522169111587
2007-03-05,20:00:00,638.8,641.5,634.6,634.7,1257,13.905930470347755,True,BULLISH_INSIDE_BAR,0.4569087757995868,1.4967701276193477,1.9379234283913587
2007-04-04,20:00:00,673.2,673.6,671.2,673.6,792,84.13461538461594,True,BEARISH_INSIDE_BAR,-0.11876484560571085,-0.10391923990499487,0.08907363420427891
2007-04-17,00:00:00,689.5,690.2,687.7,689.1,314,84.34343434343428,True,BEARISH_INSIDE_BAR,-0.17414018284719857,-0.014511681903935965,-0.24669859236686192
2007-05-04,20:00:00,687.6,688.3,686.4,688.3,418,93.03278688524574,True,BEARISH_INSIDE_BAR,-0.014528548597981847,0.05811419439199346,0.0
2007-05-07,20:00:00,688.8,689.0,687.5,688.3,317,86.02150537634442,True,BEARISH_INSIDE_BAR,-0.21792822896992592,-0.3486851663518782,-0.46491355513583205
2007-05-11,00:00:00,665.6,666.6,664.3,666.5,267,10.121457489878168,True,BULLISH_INSIDE_BAR,0.19504876219054082,0.4651162790697708,0.8852213053263283
2007-05-11,08:00:00,667.7,668.7,667.1,667.2,587,15.26104417670642,True,BULLISH_INSIDE_BAR,0.3597122302158239,0.4946043165467557,1.0191846522781707
2007-07-10,20:00:00,662.9,663.3,661.4,662.6,597,81.97424892703911,True,BEARISH_INSIDE_BAR,0.21128886205855377,0.19619680048293908,-0.34711741623906855
2007-07-20,20:00:00,684.1,684.7,681.7,682.7,651,83.20610687022884,True,BEARISH_INSIDE_BAR,-0.02929544455837783,-0.05859088911675566,-0.2197158341877838
2007-09-05,20:00:00,681.2,682.3,680.6,681.2,629,83.56164383561557,True,BEARISH_INSIDE_BAR,0.10275983558425304,0.33763945977685766,2.0111567821491385
2007-09-06,20:00:00,695.8,695.8,693.4,694.9,665,89.60573476702484,True,BEARISH_INSIDE_BAR,-0.2590300762699604,-0.0719527989638797,0.7626996690171346
2007-09-07,20:00:00,700.5,701.9,699.0,700.2,786,83.38658146964876,True,BEARISH_INSIDE_BAR,-0.08568980291345654,0.5855469865752512,0.3427592116538099
2007-10-01,00:00:00,743.7,744.2,742.4,743.5,242,86.75799086757962,True,BEARISH_INSIDE_BAR,0.22864828513786759,-0.17484868863482914,0.12104909213180594
2007-11-06,20:00:00,822.3,823.7,819.1,821.9,1740,87.33509234828503,True,BEARISH_INSIDE_BAR,0.45017642048911616,2.2265482418785827,1.1680253072149924
2007-12-27,00:00:00,824.3,824.4,822.6,822.9,98,85.53846153846145,True,BEARISH_INSIDE_BAR,0.10936930368209713,0.3159557661927358,1.9686474662778037
2007-12-28,08:00:00,825.9,827.4,824.9,825.5,338,80.66914498141253,True,BEARISH_INSIDE_BAR,0.6420351302241011,1.6474863718958237,1.671714112658989
2008-01-14,20:00:00,906.1,906.2,901.0,905.6,2202,88.58267716535441,True,BEARISH_INSIDE_BAR,0.15459363957596922,0.12146643109540887,-1.5901060070671353
2008-01-16,20:00:00,882.0,887.1,876.7,877.0,2887,16.150442477876197,True,BULLISH_INSIDE_BAR,0.3762827822120815,0.5359179019384317,-0.1596351197263372
2008-03-14,20:00:00,996.7,1002.8,995.2,1002.5,1112,89.7763578274762,True,BEARISH_INSIDE_BAR,1.8653366583541193,1.8952618453865335,-0.07980049875311267
2008-03-27,04:00:00,953.7,954.6,951.2,951.9,669,83.60655737704917,True,BEARISH_INSIDE_BAR,-0.5882970900304677,-0.7458766677171996,-0.8824456350456956
2008-04-01,12:00:00,895.8,899.4,888.7,892.0,2379,18.482252141982883,True,BULLISH_INSIDE_BAR,-0.672645739910314,-0.1905829596412607,-0.8632286995515746
2008-04-01,20:00:00,886.1,889.6,878.9,882.0,1464,17.578579743888255,True,BULLISH_INSIDE_BAR,0.9410430839002216,0.7256235827664373,2.494331065759637
2008-04-25,00:00:00,885.8,888.0,883.8,885.5,370,15.779467680608448,True,BULLISH_INSIDE_BAR,0.4291360813099892,0.5194805194805221,0.5872388481084184
2008-05-06,00:00:00,873.9,873.9,871.2,872.3,291,83.48082595870198,True,BEARISH_INSIDE_BAR,0.09171156712141101,0.03439183767053402,0.676372807520359
2008-05-16,20:00:00,899.3,903.2,896.6,902.1,978,84.37499999999983,True,BEARISH_INSIDE_BAR,0.2549606473783344,0.7759671876732069,0.31038687506927776
2008-05-19,20:00:00,904.6,906.7,902.8,904.9,879,86.63484486873502,True,BEARISH_INSIDE_BAR,-0.16576417283677755,0.06630566913471353,1.536081334954136
2008-05-20,04:00:00,903.5,905.6,903.0,904.5,540,80.91397849462362,True,BEARISH_INSIDE_BAR,0.11055831951354339,1.868435599778881,1.7136539524599224
2008-05-29,20:00:00,875.8,878.5,874.1,877.3,972,16.981132075471663,True,BULLISH_INSIDE_BAR,0.23937079676279752,0.011398609369659495,1.0258748432691212
2008-06-30,00:00:00,929.3,929.3,925.2,926.7,378,87.50000000000004,True,BEARISH_INSIDE_BAR,0.010790978741762063,-0.010790978741774331,-0.345311319736705
2008-07-11,20:00:00,958.4,965.7,958.1,963.7,1757,88.95027624309394,True,BEARISH_INSIDE_BAR,0.12452007886270954,-0.53958700840511,0.8612638788004519
2008-08-06,00:00:00,873.8,879.6,873.3,877.8,481,18.37121212121187,True,BULLISH_INSIDE_BAR,0.07974481658692703,0.20505809979494966,0.41011619958988643
2008-08-08,20:00:00,856.4,858.9,854.7,856.2,1328,18.3783783783787,True,BULLISH_INSIDE_BAR,0.3737444522307792,0.9226816164447532,-3.854239663629993
2008-08-12,08:00:00,810.6,812.4,802.1,806.2,2327,12.546583850931697,True,BULLISH_INSIDE_BAR,2.0094269412056476,0.6822128504093277,1.761349541056801
2008-08-21,20:00:00,833.5,836.5,830.6,836.2,1227,83.53909465020567,True,BEARISH_INSIDE_BAR,0.011958861516372763,-0.6218607988519547,-1.6144463047117914
2008-10-06,00:00:00,829.0,831.6,825.4,828.5,947,18.221734357848533,True,BULLISH_INSIDE_BAR,0.4224502112251056,3.4882317441158697,4.308992154496083
2008-10-23,04:00:00,720.1,728.5,719.8,724.5,1485,11.407249466950901,True,BULLISH_INSIDE_BAR,0.5244996549344312,-1.1042097998619738,-1.4078674948240228
2008-11-24,08:00:00,791.3,794.9,786.6,793.3,2492,80.85106382978724,True,BEARISH_INSIDE_BAR,3.075759485692688,3.428715492247579,2.8614647674272087
2008-12-01,20:00:00,774.3,778.2,769.1,769.7,3700,19.402985074626756,True,BULLISH_INSIDE_BAR,0.857476939067157,-0.9354293880732811,1.4421203066129542
2008-12-10,00:00:00,774.9,777.0,774.5,775.2,348,81.57349896480335,True,BEARISH_INSIDE_BAR,0.5288957688338375,1.6382868937048416,3.4700722394220813
2009-01-13,20:00:00,823.8,826.7,819.0,821.1,3766,17.44604316546757,True,BULLISH_INSIDE_BAR,0.036536353671898,0.5358665205212493,-1.33966630130313
2009-01-14,00:00:00,821.2,821.6,819.1,821.4,805,17.741935483870805,True,BULLISH_INSIDE_BAR,0.40175310445581547,0.32870708546384775,-1.3391770148526905
2009-01-26,20:00:00,905.3,910.3,901.1,903.4,4220,80.37904124860637,True,BEARISH_INSIDE_BAR,-0.2103165818020785,-1.0847907903475709,-0.6641576267434138
2009-02-19,00:00:00,984.0,985.8,977.9,982.4,513,84.8754448398575,True,BEARISH_INSIDE_BAR,-0.21376221498371567,-0.3257328990227944,-1.0382736156351722
2009-03-11,00:00:00,897.3,897.6,892.6,893.3,450,18.84669479606174,True,BULLISH_INSIDE_BAR,0.35822232172842783,0.5709168252546762,2.015000559722378
2009-04-06,08:00:00,879.8,881.3,874.7,880.6,5232,9.357798165137652,True,BULLISH_INSIDE_BAR,-0.37474449239155894,-1.385419032477861,-0.5450828980240822
2009-04-06,20:00:00,871.2,873.9,867.7,868.4,4518,5.070993914807289,True,BULLISH_INSIDE_BAR,0.5527406725011594,0.8521418701059393,1.381851681252879
2009-04-17,00:00:00,875.14,876.63,872.25,873.47,3369,15.21895190236873,True,BULLISH_INSIDE_BAR,0.04464950141389931,-0.12936906819925073,-0.8929900282780253
2009-04-17,04:00:00,873.4,875.15,872.53,873.86,6041,18.085937499999687,True,BULLISH_INSIDE_BAR,-0.38450094980889543,-0.8204975625386169,-0.5859062092326007
2009-04-17,20:00:00,866.73,868.65,865.93,868.25,6535,17.790530846484785,True,BULLISH_INSIDE_BAR,-0.29714943852577497,0.14166426720414838,1.8174488914483125
2009-05-22,00:00:00,953.04,954.63,951.51,953.93,1904,90.44528977399868,True,BEARISH_INSIDE_BAR,-0.20861069470505125,0.17821014120533432,0.26417032696320436
2009-05-22,20:00:00,957.4,958.83,955.87,956.95,2164,85.11627906976778,True,BEARISH_INSIDE_BAR,-0.052249333820993775,-0.3730602434819008,0.15674800146298135
2009-05-25,20:00:00,958.18,958.98,958.08,958.45,52,81.4464449191335,True,BEARISH_INSIDE_BAR,-0.24727424487453747,-1.0558714591267153,-0.7334759246700492
2009-07-16,00:00:00,938.62,940.19,937.73,938.4,1535,89.91416309012827,True,BEARISH_INSIDE_BAR,-0.16624040920715533,-0.0021312872975257683,-0.20140664961636684
2009-07-29,12:00:00,935.16,937.91,933.29,933.44,7825,17.66304347826093,True,BULLISH_INSIDE_BAR,-0.4842303736715906,-0.3920980459376159,0.0
2009-07-29,20:00:00,928.95,929.58,926.45,929.28,5317,13.731343283582206,True,BULLISH_INSIDE_BAR,0.05380509641873278,0.12482782369146886,0.5057679063360931
2009-08-04,00:00:00,956.4,956.72,954.81,956.46,2823,81.2006764374296,True,BEARISH_INSIDE_BAR,-0.31156556468644986,0.0501850573991613,0.900194467097423
2009-08-04,20:00:00,967.91,968.53,962.68,966.46,7745,83.7854628287431,True,BEARISH_INSIDE_BAR,-0.14382385199594255,-0.1521014837654975,-0.3590422780042658
2009-09-04,00:00:00,991.55,994.12,989.48,991.0,2841,85.29411764705904,True,BEARISH_INSIDE_BAR,-0.02219979818365563,-0.08274470232089304,0.07063572149344556
2009-09-04,20:00:00,994.55,995.41,990.41,993.37,6123,80.49568965517246,True,BEARISH_INSIDE_BAR,-0.16811459979664767,0.05939378076648498,0.11375419028156633
2009-10-06,20:00:00,1039.19,1042.12,1035.72,1041.69,5141,93.1513903192585,True,BEARISH_INSIDE_BAR,-0.26111415104301927,0.5721471839030841,0.20447541975058622
2009-10-07,00:00:00,1041.64,1041.72,1037.15,1038.97,2036,86.90220573882488,True,BEARISH_INSIDE_BAR,0.05871199360904549,0.16073611365102675,0.7757683089983296
2009-10-07,20:00:00,1042.73,1043.87,1039.38,1043.82,4895,81.98815830476777,True,BEARISH_INSIDE_BAR,0.3075242857964052,1.182196164089608,1.0509474813665218
2009-11-05,00:00:00,1091.9,1093.08,1089.08,1089.32,4762,90.25408348457331,True,BEARISH_INSIDE_BAR,-0.19278081739065742,0.11658649432673429,-0.02754011677009093
2009-11-05,16:00:00,1090.55,1092.96,1087.08,1089.88,13846,85.16430099163931,True,BEARISH_INSIDE_BAR,0.06973244760891023,0.12294931552096727,0.39545638051895116
2009-11-05,20:00:00,1089.87,1091.35,1087.14,1090.64,10820,83.11573356937396,True,BEARISH_INSIDE_BAR,-0.1485366390376401,0.3080759920780367,0.3740922760947633
2009-11-06,00:00:00,1090.63,1090.98,1088.26,1089.02,3337,82.58575197889166,True,BEARISH_INSIDE_BAR,0.2020164918917968,0.38199482103176086,0.9623331068299956
2009-11-09,16:00:00,1109.28,1109.93,1104.83,1106.9,12772,81.99741435035624,True,BEARISH_INSIDE_BAR,-0.3442045351883795,-0.4688770439967526,-0.5727708013370806
2009-11-17,00:00:00,1138.2,1140.95,1136.92,1139.16,3578,80.26808594520011,True,BEARISH_INSIDE_BAR,-0.2352610695600323,-0.6891042522560602,0.14396572913373648
2009-12-02,20:00:00,1210.53,1215.5,1207.8,1214.98,5864,85.26561977948555,True,BEARISH_INSIDE_BAR,0.7448682282835895,0.3489769378919825,-0.35638446723402256
2009-12-03,12:00:00,1219.25,1219.45,1214.27,1219.03,5716,81.53941458881827,True,BEARISH_INSIDE_BAR,-0.6964553784566425,-1.3904497838445358,-1.1304069629131337
2009-12-07,16:00:00,1141.71,1145.98,1137.24,1145.45,7434,9.489291598023158,True,BULLISH_INSIDE_BAR,0.763018900868655,1.6622288183683238,0.4609542101357521
2009-12-28,12:00:00,1111.93,1113.3,1109.7,1111.98,5984,80.38995965934564,True,BEARISH_INSIDE_BAR,-0.7985755139481024,-0.6331049119588449,-0.37950322847533474
2010-01-22,20:00:00,1094.7,1096.41,1087.03,1092.76,18928,17.70175438596509,True,BULLISH_INSIDE_BAR,0.1409275595739196,0.6643727808484928,0.41454665251290057
2010-02-05,00:00:00,1065.0,1068.61,1061.53,1065.71,6004,15.066932497864016,True,BULLISH_INSIDE_BAR,-0.10790928113652784,-1.1813720430511252,0.24490715110113445
2010-02-05,12:00:00,1053.52,1056.99,1050.42,1053.12,17146,13.162478228415168,True,BULLISH_INSIDE_BAR,-0.29911121239743466,1.4433302947432436,1.6170996657551087
2010-02-16,20:00:00,1117.34,1120.69,1115.39,1118.46,13496,88.13035204567076,True,BEARISH_INSIDE_BAR,-0.18149956189760677,0.44793734241725147,-0.300413067968468
2010-02-17,00:00:00,1118.51,1119.69,1116.35,1116.43,4429,83.45510252180068,True,BEARISH_INSIDE_BAR,0.2391551642288227,0.7362754494236116,-1.5540607113746616
2010-03-17,00:00:00,1127.31,1127.65,1124.85,1127.43,1376,93.75419744795198,True,BEARISH_INSIDE_BAR,0.007095784217195501,-0.17473368634860056,-0.5020267333670455
2010-03-29,12:00:00,1112.1,1112.43,1109.58,1110.37,11111,81.76435760805228,True,BEARISH_INSIDE_BAR,0.14049370930412142,-0.08735826796471446,0.009006007006685739
2010-05-21,08:00:00,1175.17,1180.55,1172.26,1175.75,16395,19.081605171020584,True,BULLISH_INSIDE_BAR,-0.17095470975972707,0.09015522007228964,0.8165001063151103
2010-07-02,00:00:00,1201.8,1203.68,1200.46,1203.08,1765,17.495094833224613,True,BULLISH_INSIDE_BAR,0.38567676297503906,0.1496159856368805,0.7272999301792068
2010-07-19,20:00:00,1181.51,1184.66,1180.21,1182.64,4427,15.786082474227044,True,BULLISH_INSIDE_BAR,-0.15473855103836792,0.033822634106732696,0.7787661503077697
2010-07-28,20:00:00,1160.78,1163.53,1159.18,1163.0,3189,19.009370816599713,True,BULLISH_INSIDE_BAR,0.16766981943250606,0.30954428202922696,0.41272570937230907
2010-08-02,00:00:00,1181.13,1183.15,1179.35,1182.53,1229,83.24142156862789,True,BEARISH_INSIDE_BAR,0.046510447937892024,-0.19449823683119705,0.10993378603502277
2010-08-02,20:00:00,1182.43,1184.48,1181.22,1182.48,3497,84.02777777777794,True,BEARISH_INSIDE_BAR,0.114166835802712,0.02706176848656521,0.28753129016982026
2010-08-16,16:00:00,1225.63,1225.7,1221.52,1223.3,5856,80.61767838125596,True,BEARISH_INSIDE_BAR,0.13324613749694345,0.05722226763672407,0.22071446088449648
2010-09-14,20:00:00,1269.66,1272.85,1266.95,1267.94,3800,82.57717492984096,True,BEARISH_INSIDE_BAR,0.10331719166521644,0.19243812798713303,-0.014984936195723345
2010-09-15,00:00:00,1268.95,1269.6,1267.8,1269.25,1128,81.65024630541868,True,BEARISH_INSIDE_BAR,-0.039393342525113256,-0.17727004136300964,-0.2560567264132362
2010-09-15,20:00:00,1267.13,1268.1,1264.11,1267.75,2725,81.86961869618682,True,BEARISH_INSIDE_BAR,-0.13803983435219877,0.08992309209229739,0.5663577203707405
2010-10-06,08:00:00,1347.95,1349.45,1344.41,1346.22,12161,82.7078056642874,True,BEARISH_INSIDE_BAR,-0.1574779753680764,0.17901977388540372,-0.9820088841348388
2010-10-06,20:00:00,1346.46,1349.01,1344.06,1348.63,13776,88.97932248130188,True,BEARISH_INSIDE_BAR,-1.4155105551559837,-1.15895390136658,-0.10529203710432607
2010-10-15,00:00:00,1380.13,1380.79,1376.24,1377.9,4309,80.50215770890571,True,BEARISH_INSIDE_BAR,0.11611873140285281,-0.49713331881850176,-1.297626823426962
2010-11-08,00:00:00,1397.7,1397.7,1394.43,1394.79,786,84.6951524237881,True,BEARISH_INSIDE_BAR,-0.3914567784397678,-0.2071996501265332,0.6388058417396226
2010-12-16,20:00:00,1369.96,1373.1,1364.95,1370.0,6471,16.280395136777756,True,BULLISH_INSIDE_BAR,0.21897810218978103,0.36496350364963503,0.35401459854013934
2010-12-29,00:00:00,1405.05,1405.8,1404.4,1405.3,500,85.04584255453672,True,BEARISH_INSIDE_BAR,-0.015655020280369122,-0.046253469010166054,0.42339713940084295
2010-12-30,00:00:00,1410.35,1411.25,1410.03,1411.25,561,93.53435778486512,True,BEARISH_INSIDE_BAR,0.08432240921169562,0.016297608503101378,-0.4875110717449147
2011-01-06,00:00:00,1376.61,1378.21,1376.17,1377.98,797,17.211902022028923,True,BULLISH_INSIDE_BAR,-0.28157157578485237,-0.6095879475754431,-0.48404185837240543
2011-01-21,20:00:00,1342.69,1344.22,1340.84,1342.35,16525,11.619800139437146,True,BULLISH_INSIDE_BAR,0.5006145938093662,0.4767758036279727,-0.5132789510932225
2011-02-16,04:00:00,1371.1,1373.55,1370.87,1372.72,2368,80.27850959728958,True,BEARISH_INSIDE_BAR,0.31324669269770633,0.29357771431901425,0.38973716417039955
2011-03-21,16:00:00,1432.9,1434.2,1426.71,1427.6,4669,83.96467580757597,True,BEARISH_INSIDE_BAR,-0.006304286915096536,0.08125525357243499,-0.21714766040907182
2011-03-22,00:00:00,1427.4,1428.71,1426.48,1427.91,326,82.98856169384283,True,BEARISH_INSIDE_BAR,0.059527561260857405,-0.4503084928321857,-0.07073274926290808
2011-04-18,20:00:00,1494.3,1496.8,1491.3,1495.0,2684,83.82222222222232,True,BEARISH_INSIDE_BAR,0.033444816053511704,-0.25418060200668596,0.5685618729096991
2011-04-28,20:00:00,1531.1,1536.5,1525.1,1535.75,3608,86.4398881640262,True,BEARISH_INSIDE_BAR,-0.04232459710239889,-0.15301969721633787,1.7939117694937297
2011-06-14,00:00:00,1516.45,1517.6,1514.6,1517.3,352,4.933703361085165,True,BULLISH_INSIDE_BAR,0.21090094246358965,0.04613458116391257,0.5898635734528469
2011-06-21,20:00:00,1543.6,1547.05,1543.1,1546.74,5176,83.05695746214782,True,BEARISH_INSIDE_BAR,-0.09503859730788802,-0.015516505682920794,0.18102589963406612
2011-07-06,20:00:00,1528.52,1530.79,1527.4,1528.26,10979,80.5141225007932,True,BEARISH_INSIDE_BAR,-0.03337128499077323,0.06935992566709497,0.1786345255388493
2011-07-08,20:00:00,1543.45,1544.74,1539.56,1543.75,12998,81.99052132701411,True,BEARISH_INSIDE_BAR,-0.10558704453442003,0.14769230769230593,0.7507692307692254
2011-08-03,12:00:00,1668.01,1670.56,1665.06,1668.95,7855,82.47680228408299,True,BEARISH_INSIDE_BAR,-0.03954582222355863,-0.4841367326762428,-1.182180412834418
2011-08-10,00:00:00,1732.23,1763.38,1730.4,1763.25,2275,81.93308550185877,True,BEARISH_INSIDE_BAR,-0.39415851410747454,0.11342691053452432,2.5600453707642195
2011-08-19,00:00:00,1824.16,1825.72,1820.9,1825.37,1509,83.75249500997997,True,BEARISH_INSIDE_BAR,0.7932638314423935,2.14093581027409,2.475114634293325
2011-09-05,16:00:00,1889.43,1902.31,1884.28,1899.83,8317,85.63594381373863,True,BEARISH_INSIDE_BAR,-0.012632709242406379,0.44109209771401175,-1.5769832037603384
2011-09-05,20:00:00,1899.95,1902.07,1898.95,1899.59,1527,87.43614931237724,True,BEARISH_INSIDE_BAR,-0.10581230686621804,-0.9059849757052738,-1.112871724951167
2011-09-23,00:00:00,1737.55,1742.44,1735.55,1741.61,4442,17.325083293669692,True,BULLISH_INSIDE_BAR,0.08784974822148472,-2.885261338646425,-5.274429981453936
2011-09-26,00:00:00,1647.36,1654.59,1629.26,1649.75,3266,4.813184198001025,True,BULLISH_INSIDE_BAR,-1.1777542051826073,-1.4777996666161606,-1.8875587210183422
2011-10-04,04:00:00,1667.09,1668.27,1656.26,1667.54,8767,84.42363112391936,True,BEARISH_INSIDE_BAR,-0.27225733715532846,-2.861100783189611,-2.3831512287561325
2011-10-26,00:00:00,1701.45,1705.38,1694.73,1695.88,2009,83.16705336426934,True,BEARISH_INSIDE_BAR,1.1244899403259627,0.9004174823690344,1.217656909686998
2011-10-27,00:00:00,1721.38,1725.7,1716.35,1716.53,3845,81.09773994716763,True,BEARISH_INSIDE_BAR,0.49518505356737136,-0.07573418466324239,1.502449709588528
2011-10-27,08:00:00,1724.86,1725.0,1718.88,1720.48,6896,81.62897558338597,True,BEARISH_INSIDE_BAR,-0.305147400725379,1.3891472147307782,1.0357574630335682
2011-11-22,00:00:00,1675.84,1684.35,1667.73,1677.53,5221,18.608379649422886,True,BULLISH_INSIDE_BAR,-0.09537832408361753,1.1773261879072208,1.4002730204526899
2011-12-12,20:00:00,1664.02,1668.59,1659.93,1665.08,10650,17.319679430097963,True,BULLISH_INSIDE_BAR,0.003002858721513795,-0.46484253008864496,-1.8203329569750368
2011-12-14,08:00:00,1639.77,1641.21,1635.74,1636.55,9019,19.39082987213962,True,BULLISH_INSIDE_BAR,-0.623873392197002,-4.160581711527294,-3.639974336256145
2011-12-15,20:00:00,1568.98,1579.57,1563.6,1566.8,12897,18.522896963663413,True,BULLISH_INSIDE_BAR,0.5450599948940492,1.6607097268317577,2.032167475108511
2011-12-29,16:00:00,1523.63,1537.48,1523.42,1532.66,13227,15.60176705096437,True,BULLISH_INSIDE_BAR,0.7966541829237932,1.3499406261010156,2.6268056842352507
2012-01-04,00:00:00,1604.58,1606.57,1602.43,1605.72,3420,90.28451698279649,True,BEARISH_INSIDE_BAR,-0.46334354682012147,-0.4110305657275326,0.3313155469197579
2012-01-04,08:00:00,1598.12,1605.28,1596.34,1604.88,10138,81.59265971907554,True,BEARISH_INSIDE_BAR,-0.358905338716927,0.5065799312098026,1.2094362195304231
2012-02-07,00:00:00,1720.57,1722.48,1719.28,1720.06,2149,18.030605455755534,True,BULLISH_INSIDE_BAR,-0.01976675232258864,-0.2790600327895512,1.4458797948908828
2012-02-23,00:00:00,1778.01,1779.3,1773.93,1775.51,3482,80.21945866861762,True,BEARISH_INSIDE_BAR,-0.1177126572083468,0.03435632578807779,0.18811496415114068
2012-03-06,20:00:00,1669.97,1675.7,1665.2,1668.91,14606,15.645371577574963,True,BULLISH_INSIDE_BAR,0.3193701278079661,0.2846169056450018,0.8622394257329558
2012-03-15,00:00:00,1642.92,1644.55,1642.11,1644.17,712,19.455128205128403,True,BULLISH_INSIDE_BAR,0.13745537261961904,0.3022801778404926,0.8539262971590507
2012-04-05,16:00:00,1625.8,1627.67,1621.44,1624.58,5756,17.168296965136705,True,BULLISH_INSIDE_BAR,0.33793349665759825,1.0938211722414397,1.0014896157776152
2012-04-13,00:00:00,1675.09,1676.66,1674.62,1675.25,1850,81.14525139664812,True,BEARISH_INSIDE_BAR,-0.06446798985225652,-0.17788389792568382,-1.3454708252499605
2012-05-04,00:00:00,1637.02,1637.02,1634.58,1635.79,2554,15.235999021765721,True,BULLISH_INSIDE_BAR,0.03667952487789609,-0.2726511349256345,0.19073352936502352
2012-05-09,00:00:00,1606.46,1606.88,1602.83,1602.85,4122,15.563749272268865,True,BULLISH_INSIDE_BAR,-0.8509841844214914,-1.006956358985549,-0.8584708488005734
2012-05-16,00:00:00,1542.21,1545.34,1542.2,1542.83,6618,18.714918759231935,True,BULLISH_INSIDE_BAR,-0.6351963599359589,-0.2514859057705568,0.003888957305741579
2012-05-18,20:00:00,1590.38,1594.14,1585.86,1592.18,33214,82.8539686458463,True,BEARISH_INSIDE_BAR,0.1174490321445999,0.16769460739362668,0.05212978432086367
2012-05-21,20:00:00,1591.3,1594.46,1587.33,1593.01,21442,80.00669232056208,True,BEARISH_INSIDE_BAR,0.07972329112811481,-0.6126766310318197,-1.6402910213997326
2012-06-21,00:00:00,1606.44,1607.73,1602.42,1604.02,4437,19.282639885221982,True,BULLISH_INSIDE_BAR,-0.11034775127492062,-0.5604668270969196,-2.2281517686811894
2012-06-22,00:00:00,1566.39,1569.11,1564.66,1568.28,4551,5.187367043036929,True,BULLISH_INSIDE_BAR,-0.13454230111969162,0.15239625577065957,0.08608156706711406
2012-07-09,00:00:00,1579.15,1580.67,1576.4,1578.49,2391,10.682556879739721,True,BULLISH_INSIDE_BAR,0.18752098524539507,0.23186716418856515,0.5733327420509445
2012-08-07,00:00:00,1611.02,1611.77,1610.29,1611.48,2151,80.06060606060574,True,BEARISH_INSIDE_BAR,0.02420135527588755,0.1321766326606524,-0.05646982897709446
2012-08-21,20:00:00,1637.69,1640.45,1635.99,1637.29,10717,81.64083377872778,True,BEARISH_INSIDE_BAR,0.014047603051384801,0.16857123661660373,1.0389118604523322
2012-08-22,16:00:00,1639.13,1643.93,1637.9,1641.08,26435,81.19001919385813,True,BEARISH_INSIDE_BAR,0.8055670655909539,1.3497209154946799,1.9602944402466713
2012-08-23,00:00:00,1654.28,1655.41,1652.27,1655.41,3392,92.05110007097255,True,BEARISH_INSIDE_BAR,0.47239052560996586,0.19088926610325263,0.7846998628738505
2012-08-23,20:00:00,1673.24,1673.94,1668.29,1669.17,16566,84.17741428122058,True,BEARISH_INSIDE_BAR,-0.04613071167106896,-0.27259056896542483,0.016175704092452045
2012-09-04,08:00:00,1696.01,1696.44,1692.39,1693.71,12791,85.7995894756486,True,BEARISH_INSIDE_BAR,-0.06081324429801871,0.09446717560856989,-0.10155221377922002
2012-09-04,20:00:00,1691.68,1698.2,1691.2,1695.31,15138,83.12205722564293,True,BEARISH_INSIDE_BAR,-0.15690345718481308,-0.1958343901705255,-0.08611994266535539
2012-10-19,20:00:00,1719.09,1723.35,1717.62,1721.75,34384,19.102093675804156,True,BULLISH_INSIDE_BAR,-0.41759837374764364,0.22477130826193648,0.23348337447364492
2012-11-05,00:00:00,1677.93,1682.22,1677.89,1682.22,2633,19.991101883434695,True,BULLISH_INSIDE_BAR,-0.18725255911831334,-0.08441226474540028,0.22767533378511298
2012-11-26,00:00:00,1750.35,1751.32,1749.6,1750.35,2610,87.27514990006617,True,BEARISH_INSIDE_BAR,-0.13083097666180843,-0.09483817522209013,-0.04856171622817774
2012-11-28,20:00:00,1714.19,1721.77,1712.4,1718.67,39586,14.897100093545205,True,BULLISH_INSIDE_BAR,0.2181919740264274,0.12509673177514377,0.4998050818365316
2012-12-04,20:00:00,1699.32,1699.38,1691.77,1694.74,39666,14.215786253314022,True,BULLISH_INSIDE_BAR,0.017701830369257498,0.6797502861795899,-0.041304270861609774
2012-12-05,00:00:00,1694.72,1697.78,1694.72,1695.04,7416,19.051362683437688,True,BULLISH_INSIDE_BAR,0.4070700396450875,0.44954691334718466,-0.15692845006606654
2013-01-24,20:00:00,1672.38,1675.02,1665.76,1669.62,26108,10.986703988803555,True,BULLISH_INSIDE_BAR,-0.11679304272827458,0.08864292473736649,-0.6414633269845719
2013-01-25,00:00:00,1669.6,1669.65,1667.02,1667.67,7145,8.425275827483063,True,BULLISH_INSIDE_BAR,0.021587004623210823,-0.08814693554480366,-0.49830002338593204
2013-01-25,20:00:00,1659.54,1663.05,1656.76,1658.91,28292,8.496408223928313,True,BULLISH_INSIDE_BAR,0.02712624554676372,0.04460760378803003,-0.22605204622312242
2013-01-28,00:00:00,1659.66,1660.42,1658.64,1659.36,1619,10.771793448083642,True,BULLISH_INSIDE_BAR,0.03856908687687422,-0.31879760871661145,-0.1410182238935444
2013-02-11,20:00:00,1647.73,1651.36,1645.09,1648.96,29174,14.457188583622482,True,BULLISH_INSIDE_BAR,-0.02728992819716946,-0.26440908208811176,0.12068212691635995
2013-02-12,00:00:00,1648.99,1651.1,1646.08,1648.51,6764,6.524863466513324,True,BULLISH_INSIDE_BAR,-0.22262527979812516,-0.10615646856858617,0.1886552098561671
2013-02-12,08:00:00,1644.89,1647.44,1643.06,1644.6,16769,7.320219284101853,True,BULLISH_INSIDE_BAR,0.13133892739876457,0.3861121245287691,0.24261218533382034
2013-02-15,20:00:00,1604.24,1610.9,1603.45,1609.23,46911,18.089773877826573,True,BULLISH_INSIDE_BAR,0.2237094759605469,0.4026770567289957,0.024856608440067048
2013-03-13,00:00:00,1593.28,1593.55,1592.31,1592.61,1752,80.52730696798463,True,BEARISH_INSIDE_BAR,0.05462730988755051,0.18460263341308009,-0.283810851369763
2013-04-04,00:00:00,1557.91,1559.51,1554.89,1555.28,3907,15.389457120377372,True,BULLISH_INSIDE_BAR,-0.6301116197726425,-0.5310940795226577,-0.17488812303894008
2013-04-04,08:00:00,1545.47,1555.47,1544.71,1548.64,31948,13.927842069434774,True,BULLISH_INSIDE_BAR,-0.1046079140407143,0.2918689947308594,0.19242690360573086
2013-04-15,08:00:00,1441.53,1459.21,1433.48,1437.73,67717,13.050847457627313,True,BULLISH_INSIDE_BAR,-1.9579475979495518,-5.590062111801251,-4.525189013236139
2013-06-20,16:00:00,1307.03,1308.08,1291.39,1294.59,153641,10.208352288235844,True,BULLISH_INSIDE_BAR,-1.2235534030078958,-0.3089781320727026,-0.16530330065888604
2013-06-27,00:00:00,1224.05,1233.34,1223.94,1228.2,12917,17.50091340884174,True,BULLISH_INSIDE_BAR,0.6709005048037786,0.3387070509688857,-1.8669597785377028
2013-06-28,00:00:00,1199.47,1205.39,1198.59,1205.27,11725,18.350714223118075,True,BULLISH_INSIDE_BAR,-0.3285570867938335,-0.19165830062972988,2.8250931326590685
2013-07-23,00:00:00,1333.61,1337.74,1333.32,1334.56,4480,92.9044630404464,True,BEARISH_INSIDE_BAR,0.10115693561924054,-0.4218618870638923,0.6346661071813952
2013-07-24,00:00:00,1342.59,1346.23,1341.13,1343.03,2618,88.79974326059046,True,BEARISH_INSIDE_BAR,-0.24645763683610536,-0.10796482580434133,-1.7981727883963774
2013-08-07,00:00:00,1283.52,1284.68,1281.84,1282.25,3203,18.41934787302955,True,BULLISH_INSIDE_BAR,-0.2924546695262234,-0.34860596607526045,0.20120881263403606
2013-08-09,20:00:00,1313.96,1316.12,1309.8,1314.24,25652,82.0161573586231,True,BEARISH_INSIDE_BAR,1.1405831507182864,1.1367786705624585,1.6967981495008486
2013-08-12,20:00:00,1337.45,1338.13,1334.1,1336.54,20757,88.01687763713062,True,BEARISH_INSIDE_BAR,-0.26561120505184693,0.09053226989091508,-1.086387238690947
2013-08-16,00:00:00,1362.72,1366.6,1360.66,1362.85,8021,87.51371115173684,True,BEARISH_INSIDE_BAR,0.14675129324577174,0.13501118978612067,1.0125839233958382
2013-10-02,00:00:00,1289.98,1291.07,1286.78,1289.19,16882,15.358697178154912,True,BULLISH_INSIDE_BAR,0.10006283014916059,0.39792427803503605,1.9903970710290844
2013-10-02,08:00:00,1290.49,1293.07,1285.92,1291.63,24980,14.119209206255249,True,BULLISH_INSIDE_BAR,0.20826397652577186,1.8890858837283018,1.542237328027364
2013-11-04,00:00:00,1314.57,1315.99,1313.55,1314.09,1115,12.877524550676014,True,BULLISH_INSIDE_BAR,-0.18567982406074374,0.27167089012169365,0.0799032029769789
2013-11-08,20:00:00,1286.35,1288.8,1283.7,1287.8,14514,15.695467738334756,True,BULLISH_INSIDE_BAR,-0.05047367603664107,-0.14054977480974884,-0.33002018947041467
2013-11-11,00:00:00,1288.43,1288.63,1286.35,1287.15,1424,15.629168519342286,True,BULLISH_INSIDE_BAR,-0.03962242162918004,-0.024861127296753577,-0.37524764013519435
2013-11-11,08:00:00,1286.65,1287.3,1284.64,1285.99,9123,14.140730717185733,True,BULLISH_INSIDE_BAR,0.06531932596675855,-0.18973708971298803,-0.37480851328547937
2013-11-12,00:00:00,1283.59,1283.8,1281.88,1282.32,1878,16.682442025556327,True,BULLISH_INSIDE_BAR,-0.29867739721753755,-0.21133570403643684,-1.1596169442884687
2013-11-12,12:00:00,1281.17,1283.18,1277.27,1279.61,12775,15.017793594306298,True,BULLISH_INSIDE_BAR,-0.005470416767603906,-0.9502895413446172,-0.6455091785778473
2013-11-21,00:00:00,1242.25,1247.51,1242.25,1246.95,5576,19.82475355969298,True,BULLISH_INSIDE_BAR,0.08179959100204352,0.15237178716066108,-0.23096355106460636
2013-12-13,00:00:00,1226.91,1227.87,1225.07,1227.77,4451,14.078498293515551,True,BULLISH_INSIDE_BAR,0.03095042231037647,0.08144847976412521,0.670320988458752
2013-12-20,08:00:00,1197.11,1197.18,1192.73,1194.23,11629,17.02198534310466,True,BULLISH_INSIDE_BAR,0.10801939324920355,0.7285028847039553,0.5962000619646041
2014-01-13,08:00:00,1250.25,1252.16,1247.66,1249.17,8006,89.2333901192502,True,BEARISH_INSIDE_BAR,-0.2417605289912487,0.315409431862743,0.30660358478028826
2014-02-11,08:00:00,1283.6,1286.15,1282.56,1284.96,7719,91.48439778361022,True,BEARISH_INSIDE_BAR,-0.014786452496580015,0.5470987423733014,0.1533121653592351
2014-02-14,20:00:00,1316.01,1320.27,1315.43,1318.14,15919,85.03034389750495,True,BEARISH_INSIDE_BAR,0.41573732683931836,0.41422003732530754,0.7730590073891868
2014-02-17,08:00:00,1325.53,1328.43,1323.17,1323.6,10570,85.2557006862957,True,BEARISH_INSIDE_BAR,0.22589906316107655,0.357358718646118,-0.45104261106072835
2014-03-25,20:00:00,1312.02,1312.13,1310.12,1311.77,10868,14.959432048681677,True,BULLISH_INSIDE_BAR,-0.1539904099041739,0.3316130114273012,-0.8103554739016657
2014-05-05,20:00:00,1309.04,1310.76,1308.34,1310.69,10177,87.52648305084698,True,BEARISH_INSIDE_BAR,0.019073922895574087,0.08011047616140769,-0.2388055146525959
2014-05-28,20:00:00,1258.26,1260.0,1257.58,1258.66,7237,7.7337249143422895,True,BULLISH_INSIDE_BAR,-0.09454499229339572,-0.4600130297300455,-0.2264312840640154
2014-05-29,20:00:00,1256.27,1257.1,1254.87,1255.81,7739,18.099878197320763,True,BULLISH_INSIDE_BAR,0.07644468510364119,0.0668890994656951,-0.5239646124811816
2014-06-20,20:00:00,1315.37,1316.16,1312.52,1314.9,10654,82.76422764227661,True,BEARISH_INSIDE_BAR,-0.10342991862500017,0.002281542322608009,0.1931705833143177
2014-06-23,00:00:00,1314.38,1314.97,1312.77,1313.54,2169,80.91188975223578,True,BEARISH_INSIDE_BAR,-0.08678837340316037,-0.061665423207511415,0.044916789743756985
2014-07-14,20:00:00,1306.28,1308.98,1303.71,1306.26,7463,14.007625928155392,True,BULLISH_INSIDE_BAR,0.2158835147673462,0.24420865677583747,-0.9592271063953557
2014-07-15,20:00:00,1295.13,1297.61,1292.42,1293.73,10997,14.91199999999995,True,BULLISH_INSIDE_BAR,0.12985707991621617,0.2805840476760902,0.3470585052522558
2014-07-16,00:00:00,1293.71,1295.6,1293.06,1295.41,2886,17.560664112388295,True,BULLISH_INSIDE_BAR,0.06716020410525554,0.1821817030901336,0.2840799438015637
2014-07-16,12:00:00,1297.34,1299.16,1296.08,1297.77,8327,19.031690140844987,True,BULLISH_INSIDE_BAR,0.23964184716861442,0.10171293834808451,0.15642217033834754
2014-08-08,00:00:00,1311.36,1312.46,1310.6,1311.09,2447,87.48593925759265,True,BEARISH_INSIDE_BAR,0.41034559031036083,0.2905978994577163,-0.12127313914375965
2014-08-19,00:00:00,1298.59,1299.19,1297.53,1297.92,2249,9.523809523808794,True,BULLISH_INSIDE_BAR,0.14946992110452315,0.22266395463509864,-0.25425295857989566
2014-08-21,12:00:00,1280.15,1283.14,1278.85,1279.01,6374,14.8160647991903,True,BULLISH_INSIDE_BAR,-0.20562779024400762,-0.11806006207926373,-0.05629353953448584
2014-08-22,00:00:00,1277.01,1277.55,1276.12,1277.5,1326,15.76196220345821,True,BULLISH_INSIDE_BAR,0.11506849315068707,0.061839530332678166,-0.115851272015657
2014-09-02,20:00:00,1264.09,1266.06,1263.0,1264.93,10359,18.581081081080967,True,BULLISH_INSIDE_BAR,0.13676646138521642,0.26483678938754784,0.38104875368596963
2014-09-03,16:00:00,1268.41,1268.6,1264.66,1267.58,14315,17.05097087378708,True,BULLISH_INSIDE_BAR,0.17119235077865483,0.37394089524921575,0.03392290821881567
2014-10-24,00:00:00,1232.56,1233.2,1230.87,1231.22,1933,18.93545426735976,True,BULLISH_INSIDE_BAR,-0.10396192394535281,0.13157680999333107,-0.2712756452949041
2014-10-30,20:00:00,1198.47,1203.08,1198.26,1198.56,15894,14.704408817635056,True,BULLISH_INSIDE_BAR,0.12264717661193661,-2.0190895741556574,-2.2560405820317686
2014-10-31,12:00:00,1174.28,1177.47,1171.35,1175.0,18830,6.267988487368186,True,BULLISH_INSIDE_BAR,-0.7668085106382971,-0.7565957446808597,-0.18127659574469013
2014-10-31,20:00:00,1166.14,1174.46,1164.64,1171.52,23092,12.626937466595436,True,BULLISH_INSIDE_BAR,-0.4617932258945713,-0.11182054083583254,-0.34997268505871937
2014-12-01,04:00:00,1150.78,1155.02,1146.56,1151.84,24608,12.424093221729464,True,BULLISH_INSIDE_BAR,0.4696832893457496,3.9528059452701743,4.611751632171146
2014-12-10,00:00:00,1229.68,1230.94,1227.42,1230.62,4175,80.94826094480014,True,BEARISH_INSIDE_BAR,0.3429165786351618,-0.1909606539792876,-0.07069607189870886
2015-01-07,20:00:00,1214.36,1216.3,1209.26,1215.58,18461,84.7689075630253,True,BEARISH_INSIDE_BAR,-0.2797018707119123,-0.5890192336168623,-0.6622353115385211
2015-01-30,00:00:00,1256.29,1260.78,1254.67,1260.56,4275,13.776824034334538,True,BULLISH_INSIDE_BAR,-0.019039157199975336,0.17611220409976736,1.5913562226312072
2015-03-23,00:00:00,1185.8,1187.07,1185.33,1186.36,795,80.93212830054932,True,BEARISH_INSIDE_BAR,-0.3767827640850838,-0.14498128729894805,0.2596176540004851
2015-03-30,20:00:00,1184.87,1186.55,1183.14,1186.18,8841,13.63488447770871,True,BULLISH_INSIDE_BAR,-0.030349525367155683,-0.5943448717732515,-0.17113760137584283
2015-04-09,00:00:00,1203.1,1203.21,1200.98,1201.06,1669,14.212999216914966,True,BULLISH_INSIDE_BAR,-0.25394235092334727,0.03829950210647565,-0.55534278054384
2015-04-29,00:00:00,1212.36,1212.36,1211.41,1211.59,2107,89.54377311960495,True,BEARISH_INSIDE_BAR,-0.03879200059426269,-0.2616396635825523,-0.581054647199132
2015-05-01,00:00:00,1182.68,1184.62,1182.68,1184.37,2294,19.97899159663801,True,BULLISH_INSIDE_BAR,-0.1570455178702517,-0.4002127713467736,-0.4981551373303836
2015-05-14,20:00:00,1222.95,1225.6,1221.0,1221.84,15737,88.70025048705779,True,BEARISH_INSIDE_BAR,-0.07284096117330197,-0.17105349309237855,0.15877692660250564
2015-05-26,20:00:00,1186.95,1188.76,1186.24,1187.48,7063,16.334991708125813,True,BULLISH_INSIDE_BAR,0.06821167514399783,0.15831845588977345,0.011789672247100808
2015-06-23,20:00:00,1178.52,1178.8,1176.22,1177.56,6566,4.4160583941607,True,BULLISH_INSIDE_BAR,0.09341349909984514,-0.15116002581609198,-0.27344678827406055
2015-06-24,20:00:00,1174.1,1175.09,1173.19,1174.34,5599,14.736842105263563,True,BULLISH_INSIDE_BAR,0.08430267213924496,0.1370982849941352,-0.10644276785258104
2015-07-20,20:00:00,1109.32,1110.97,1102.4,1102.76,14131,17.754690649713197,True,BULLISH_INSIDE_BAR,-0.31466502230766685,0.41078747868983034,-0.29290144727774114
2015-08-21,20:00:00,1160.44,1160.66,1156.55,1160.54,20320,83.54602688446505,True,BEARISH_INSIDE_BAR,0.20593861478278214,-0.19732193633997652,-0.6204008478811627
2015-09-03,20:00:00,1124.34,1126.05,1122.62,1125.19,13679,16.35750421585317,True,BULLISH_INSIDE_BAR,0.04177072316675648,-0.03554955163128813,-0.25417929416366364
2015-09-04,00:00:00,1125.21,1125.68,1123.68,1125.66,1734,19.85394796896574,True,BULLISH_INSIDE_BAR,-0.09239024216905557,-0.13503189240090097,-0.4486256951477517
2015-09-04,08:00:00,1124.61,1125.59,1124.16,1124.79,12219,16.90205011389672,True,BULLISH_INSIDE_BAR,-0.057788564976561284,-0.21870749206518875,-0.16002987224281462
2015-09-04,20:00:00,1121.31,1123.52,1120.25,1122.33,11673,12.791208791209769,True,BULLISH_INSIDE_BAR,-0.15325260841285784,0.05880623346075413,-0.15414361195014106
2015-09-07,00:00:00,1122.99,1123.14,1120.35,1120.61,1280,14.726720647774343,True,BULLISH_INSIDE_BAR,0.23290886213759715,0.049972782680876744,0.11243876103193716
2015-09-18,20:00:00,1137.23,1139.72,1136.07,1139.04,16982,81.16349047141438,True,BEARISH_INSIDE_BAR,-0.15276021913190135,-0.014046916701771184,-0.5065669335580825
2015-09-24,20:00:00,1155.01,1155.03,1150.44,1152.87,25017,80.03392294645018,True,BEARISH_INSIDE_BAR,-0.2671593501435485,-0.7242794070450189,-0.6340697563471984
2015-10-06,20:00:00,1147.85,1148.64,1144.57,1146.87,12045,85.17130620985013,True,BEARISH_INSIDE_BAR,-0.036621413063367726,0.16566829719149434,-0.10027291672115093
2015-11-02,20:00:00,1134.48,1136.79,1133.93,1135.18,18110,18.11926605504658,True,BULLISH_INSIDE_BAR,-0.17706443031061073,0.15592240878098468,-1.5213446325692825
2015-11-06,20:00:00,1087.73,1090.51,1086.87,1088.62,23558,17.54018169112466,True,BULLISH_INSIDE_BAR,0.11941724385002866,0.42255332439236254,0.1782072715915613
2016-01-07,08:00:00,1097.78,1100.63,1096.27,1097.02,22355,83.72615039281713,True,BEARISH_INSIDE_BAR,0.08021731600154136,1.1540354779311301,0.35459699914314236
2016-02-05,00:00:00,1155.86,1156.58,1154.33,1155.37,10859,86.04226454474315,True,BEARISH_INSIDE_BAR,0.020772566364022704,0.3046643066723395,0.8170542769848669
2016-02-12,20:00:00,1237.81,1239.97,1233.02,1238.13,46625,80.60978284711574,True,BEARISH_INSIDE_BAR,-0.3957581190989711,-2.1144790934716116,-2.3470879471461132
2016-03-15,08:00:00,1228.75,1231.25,1227.1,1230.47,10006,17.638600415402024,True,BULLISH_INSIDE_BAR,0.3226409420790452,0.23405690508503918,0.06095231903256479
2016-04-29,00:00:00,1268.32,1268.42,1264.94,1265.51,3442,80.58684831019107,True,BEARISH_INSIDE_BAR,0.7119659267805067,0.9221578652084987,2.3239642515665686
2016-04-29,08:00:00,1274.54,1277.54,1271.05,1276.94,15677,84.89912370083542,True,BEARISH_INSIDE_BAR,0.018794931633436894,1.3109464814321745,1.379078108603372
2016-04-29,20:00:00,1291.52,1294.75,1287.51,1293.68,14060,88.08298488259884,True,BEARISH_INSIDE_BAR,0.09585059674726432,0.06725001545976524,-0.31074145074515963
2016-06-13,20:00:00,1284.18,1285.32,1280.04,1283.99,9726,80.80687514920031,True,BEARISH_INSIDE_BAR,-0.11604451748066645,-0.4470439800933036,0.10903511709593461
2016-06-23,04:00:00,1262.62,1266.91,1260.95,1264.96,9175,16.234467855213808,True,BULLISH_INSIDE_BAR,0.30910068302553867,-0.04664179104478762,5.664210726030851
2016-07-04,08:00:00,1345.82,1353.1,1344.91,1349.88,19703,87.45590828924153,True,BEARISH_INSIDE_BAR,0.08519275787476394,0.07037662607045204,-0.2852105372329493
2016-07-04,12:00:00,1349.8,1352.89,1347.6,1351.03,16059,89.99118165784839,True,BEARISH_INSIDE_BAR,-0.021465104401824062,-0.11324693011998052,-0.15913784297905031
2016-07-04,20:00:00,1350.77,1351.68,1350.24,1350.83,3237,88.73337998600434,True,BEARISH_INSIDE_BAR,-0.0984579850906426,-0.3553370890489517,0.3272062361659182
2016-07-06,08:00:00,1366.83,1370.87,1364.09,1366.7,30245,80.845578757412,True,BEARISH_INSIDE_BAR,0.35267432501645835,-0.2173117728835902,0.03658447354942562
2016-08-22,08:00:00,1333.71,1334.51,1332.13,1333.26,19343,15.393093313740664,True,BULLISH_INSIDE_BAR,0.22576241693293064,0.3922715749366229,0.5077779277860269
2016-08-25,20:00:00,1321.89,1322.82,1321.01,1322.33,12848,12.748538011695132,True,BULLISH_INSIDE_BAR,-0.02495594896886006,0.14217328503475754,-0.036299562136533105
2016-09-07,00:00:00,1348.65,1350.43,1347.25,1348.98,4750,92.36790606653615,True,BEARISH_INSIDE_BAR,0.2008925262049872,-0.12157333689158475,-0.35211789648475145
2016-09-07,08:00:00,1351.6,1352.32,1347.83,1347.96,14759,87.58131283264333,True,BEARISH_INSIDE_BAR,-0.04599543013146668,-0.24629810973618924,-0.014837235526280116
2016-09-22,04:00:00,1333.19,1334.71,1332.35,1332.75,13031,86.94497153700112,True,BEARISH_INSIDE_BAR,-0.015006565372353814,0.746576627274436,0.12380416432189766
2016-10-05,12:00:00,1272.36,1274.7,1271.37,1273.37,17344,16.748224151538935,True,BULLISH_INSIDE_BAR,-0.5222362706832943,-0.3384719288187994,-0.7342720497577224
2016-10-19,20:00:00,1271.07,1271.07,1267.82,1269.29,17660,80.12279355333834,True,BEARISH_INSIDE_BAR,0.052785415468495994,-0.06460304579725172,-0.2592000252109419
2016-11-14,00:00:00,1228.97,1231.15,1227.52,1229.55,2745,18.78839228976912,True,BULLISH_INSIDE_BAR,-1.041844577284368,-0.3790004473181127,-0.48961001992598774
2016-12-12,08:00:00,1158.66,1158.78,1155.34,1155.7,15717,19.405370843989715,True,BULLISH_INSIDE_BAR,0.015574976204902974,0.5537769317296758,0.4923423033659301
2016-12-15,08:00:00,1142.35,1143.84,1137.42,1138.58,23714,16.301635708345017,True,BULLISH_INSIDE_BAR,-0.9248361994765386,-0.6200706142739154,-0.3759068313161985
2017-01-31,20:00:00,1212.45,1214.65,1208.67,1212.83,40073,84.35754189944161,True,BEARISH_INSIDE_BAR,-0.10636280435015324,-0.43287187816924055,-0.32156196663999603
2017-02-01,00:00:00,1212.81,1213.14,1209.14,1211.54,10617,80.31576266870414,True,BEARISH_INSIDE_BAR,-0.16095217656866842,-0.0016507915545489055,-0.15104742724135622
2017-02-27,00:00:00,1256.22,1256.65,1254.93,1255.81,2038,87.0370370370367,True,BEARISH_INSIDE_BAR,0.06450020305619046,-0.05653721502456872,-0.19827840198756255
2017-02-27,08:00:00,1256.65,1257.89,1255.55,1256.28,8787,86.32797908106069,True,BEARISH_INSIDE_BAR,-0.0939281051994829,-0.0907441016333837,-0.22686025408347735
2017-03-08,20:00:00,1207.87,1211.41,1207.14,1209.26,14392,16.43749999999949,True,BULLISH_INSIDE_BAR,-0.08021434596364944,-0.3622049848667683,-0.5524039495228539
2017-03-10,12:00:00,1195.82,1197.67,1195.25,1197.36,16723,11.825572801182005,True,BULLISH_INSIDE_BAR,0.38167301396406794,0.7165764682301192,0.6105097882007227
2017-05-04,20:00:00,1227.63,1232.21,1226.05,1227.66,16473,11.04400345125093,True,BULLISH_INSIDE_BAR,0.05538992880763699,0.48466187706692554,-0.008145577765842042
2017-05-05,00:00:00,1227.6,1229.08,1227.2,1228.34,4547,11.299110983653193,True,BULLISH_INSIDE_BAR,0.02686552583162273,0.288193822557288,0.5071885634270656
2017-05-29,00:00:00,1267.29,1269.1,1267.0,1268.25,2770,86.24629707998314,True,BEARISH_INSIDE_BAR,-0.17583284052828846,-0.10959984230239307,-0.11748472304356468
2017-06-06,20:00:00,1293.72,1295.07,1290.34,1293.76,12251,93.32229580573936,True,BEARISH_INSIDE_BAR,-0.01236705416770358,-0.10666584219637969,-0.5217350976997279
2017-06-07,00:00:00,1293.78,1294.37,1292.13,1293.6,5004,88.44086021505315,True,BEARISH_INSIDE_BAR,-0.18243661100803185,-0.37183055040197477,-0.701144094001232
2017-06-09,20:00:00,1267.45,1270.87,1265.75,1266.6,19422,15.575550729134278,True,BULLISH_INSIDE_BAR,0.08842570661614703,0.028422548555197172,-0.12158534659718646
2017-06-12,00:00:00,1266.5,1267.86,1266.28,1267.72,3853,17.570433202059846,True,BULLISH_INSIDE_BAR,-0.07257123024012185,0.07257123024012185,-0.20430378948032044
2017-06-12,20:00:00,1265.52,1267.64,1264.98,1265.06,12435,19.522849462365883,True,BULLISH_INSIDE_BAR,0.005533334387314729,-0.09248573190203195,0.1264762145669088
2017-06-13,08:00:00,1266.38,1266.7,1263.46,1263.89,7322,17.527450183002415,True,BULLISH_INSIDE_BAR,0.01107691333896721,0.21916464249262052,0.24131846917057292
2017-06-19,12:00:00,1250.07,1251.93,1249.76,1250.64,8287,16.815406294034617,True,BULLISH_INSIDE_BAR,-0.21189151154609567,-0.5533167018486593,-0.4589650099149242
2017-07-04,12:00:00,1224.99,1225.54,1223.61,1224.86,7991,13.288364249578464,True,BULLISH_INSIDE_BAR,-0.1387913720751611,0.14450631092534733,-0.28411410283622546
2017-07-04,20:00:00,1223.16,1223.38,1222.67,1223.38,1800,14.518413597733513,True,BULLISH_INSIDE_BAR,0.2656574408605666,0.019617780248147074,0.1487681668819121
2017-07-18,12:00:00,1236.5,1238.31,1235.51,1237.67,11429,88.71624121346667,True,BEARISH_INSIDE_BAR,0.4217602430373223,0.40075302786688183,0.336923412541295
2017-08-11,08:00:00,1285.95,1287.17,1283.93,1286.67,13242,97.69319492502919,True,BEARISH_INSIDE_BAR,0.0722796054932373,0.29067282209113515,-0.2821236214414037
2017-08-11,20:00:00,1287.67,1291.62,1286.66,1290.41,16078,97.33688415446112,True,BEARISH_INSIDE_BAR,-0.12631644206105883,-0.5711363055153105,-0.6525057927325479
2017-08-14,00:00:00,1289.31,1289.39,1287.63,1288.78,3342,89.15369649805436,True,BEARISH_INSIDE_BAR,-0.0644019925821263,-0.6098791104765671,-0.7534257204487994
2017-08-16,12:00:00,1270.27,1271.22,1269.22,1270.77,9165,18.13798219584588,True,BULLISH_INSIDE_BAR,0.22506039645255452,0.9498178269867825,1.1914036371648764
2017-08-29,04:00:00,1317.45,1318.45,1313.9,1316.42,14316,96.90594059405942,True,BEARISH_INSIDE_BAR,0.5264277358289783,-0.0022789079473095756,-0.2544780541164777
2017-09-12,00:00:00,1327.47,1329.06,1326.59,1327.23,5013,19.80410162228347,True,BULLISH_INSIDE_BAR,-0.16123806725285744,-0.1311001107569908,0.2704881595503355
2017-09-19,08:00:00,1308.91,1309.68,1306.24,1309.41,11963,12.024922118380402,True,BULLISH_INSIDE_BAR,-0.13135687065166962,0.11379170771568944,0.2321656318494561
2017-09-19,12:00:00,1309.33,1309.33,1306.64,1307.69,11576,13.058186738836625,True,BULLISH_INSIDE_BAR,0.13764730173052897,0.2355298274055722,0.505471480243781
2017-10-18,20:00:00,1280.91,1282.31,1280.25,1280.65,21263,14.093767867352483,True,BULLISH_INSIDE_BAR,-0.03435755280522036,0.33732870026938944,0.5856401046343653
2017-12-01,00:00:00,1274.6,1275.84,1273.73,1274.82,14221,14.311206281227669,True,BULLISH_INSIDE_BAR,0.03451467658179622,0.10197518080983625,-0.08236456911563629
2017-12-01,08:00:00,1275.26,1276.19,1274.08,1275.14,17887,11.00458524385202,True,BULLISH_INSIDE_BAR,0.0768543061938133,0.3717238891415851,-0.1097918659911924
2017-12-08,20:00:00,1247.59,1248.95,1246.18,1248.04,34252,17.905517013545364,True,BULLISH_INSIDE_BAR,0.03044774205955812,0.1241947373481583,-0.5336367424120905
2017-12-27,00:00:00,1282.51,1283.39,1281.75,1281.97,6800,87.05673758865225,True,BEARISH_INSIDE_BAR,-0.024181533109194867,0.19501236378386388,0.4337074970553091
2017-12-28,00:00:00,1288.56,1288.64,1286.59,1287.53,8066,87.72535481396231,True,BEARISH_INSIDE_BAR,0.14135592957056817,0.40154404169223806,0.5017358818823667
2017-12-29,00:00:00,1294.63,1294.86,1293.73,1293.99,5923,84.42945474986043,True,BEARISH_INSIDE_BAR,0.10510127589856953,0.23261385327552694,1.1816165503597371
2017-12-29,08:00:00,1295.35,1295.98,1294.56,1295.04,10310,85.96587782058441,True,BEARISH_INSIDE_BAR,0.15134667655053408,0.5629169755374324,1.3188781813689097
2018-01-15,00:00:00,1336.05,1337.87,1335.92,1336.74,1608,80.53923263048816,True,BEARISH_INSIDE_BAR,0.3104567829196471,0.35459401229857784,0.34935739186379344
2018-01-15,12:00:00,1342.89,1343.65,1340.31,1341.48,26897,83.30862733471712,True,BEARISH_INSIDE_BAR,-0.03354503980678396,-0.005218117303272232,-0.4919939171661083
2018-01-15,20:00:00,1340.95,1341.54,1339.88,1339.93,7544,84.24680013127683,True,BEARISH_INSIDE_BAR,0.11045353115461391,-0.05373415029143516,-0.09851260886763963
2018-01-25,00:00:00,1358.01,1359.96,1355.7,1355.87,12483,84.7054995118775,True,BEARISH_INSIDE_BAR,0.5361870975831171,0.24117356383725647,-0.680743729118558
2018-02-15,00:00:00,1353.72,1354.91,1349.99,1353.78,16613,82.03056768558946,True,BEARISH_INSIDE_BAR,0.039888312724369074,-0.2046122708268686,0.008125397036455505
2018-02-21,00:00:00,1329.82,1331.77,1328.73,1329.91,11011,8.25718015665791,True,BULLISH_INSIDE_BAR,-0.2624237730372739,-0.13158785180952096,-0.2346023415118405
2018-02-22,04:00:00,1326.79,1326.83,1322.56,1323.91,25975,16.97234352256224,True,BULLISH_INSIDE_BAR,-0.15031233240930342,0.33234887567885,0.3436789509860908
2018-02-28,20:00:00,1318.66,1321.12,1316.24,1318.23,30085,14.259796806966179,True,BULLISH_INSIDE_BAR,-0.06523899471261671,-0.3709519583077384,-0.16233889381975072
2018-03-01,00:00:00,1318.3,1319.2,1317.1,1317.37,11384,17.139119058002024,True,BULLISH_INSIDE_BAR,-0.14346766663882377,-0.5146617882599401,-0.027327174597865444
2018-03-23,12:00:00,1339.45,1343.06,1338.31,1341.15,24379,82.11324330727294,True,BEARISH_INSIDE_BAR,0.6375125824851772,0.6695746187973022,0.4839130596875822
2018-03-23,20:00:00,1349.76,1350.12,1345.48,1347.51,41585,82.5779036827194,True,BEARISH_INSIDE_BAR,0.19443269437704494,-0.20036957054122384,0.5298661976534571
2018-03-29,00:00:00,1325.29,1326.86,1324.16,1326.25,15146,19.545053003533795,True,BULLISH_INSIDE_BAR,0.09575871819038506,-0.09198868991517642,-0.0912346842601347
2018-05-16,00:00:00,1292.21,1293.53,1290.41,1292.8,9272,12.72075761453759,True,BULLISH_INSIDE_BAR,0.10674504950495894,-0.31868811881187276,-0.08044554455445263
2018-05-17,00:00:00,1290.48,1291.98,1290.16,1291.76,5589,16.25818975976678,True,BULLISH_INSIDE_BAR,0.019353440267541957,-0.26165851241715815,-0.17418096240787762
2018-06-21,12:00:00,1264.95,1265.12,1262.09,1264.13,21353,13.854089904200478,True,BULLISH_INSIDE_BAR,0.2665865061346452,0.24997429061883306,0.43903712434638476
2018-08-14,00:00:00,1193.35,1194.81,1192.55,1192.76,2296,17.35767326732612,True,BULLISH_INSIDE_BAR,0.1877997250075463,0.19869881619102905,0.0922230792447692
2018-08-15,00:00:00,1194.23,1194.66,1193.14,1193.86,2062,17.569493941552892,True,BULLISH_INSIDE_BAR,-0.4933576801299878,-0.5972224548941988,-1.6878025899184044
2018-08-16,00:00:00,1174.56,1176.35,1173.31,1173.71,2634,13.079198159710288,True,BULLISH_INSIDE_BAR,-0.08945991769687184,0.587027459934726,0.13717187380186757
2018-09-27,20:00:00,1184.04,1185.32,1182.85,1184.17,8104,16.9046700115789,True,BULLISH_INSIDE_BAR,-0.05573524071713367,-0.13511573507183397,0.6198434346419787
2018-09-28,12:00:00,1182.57,1184.77,1181.67,1183.3,20148,19.25008369601646,True,BULLISH_INSIDE_BAR,0.7766415955379071,0.6388912363728511,0.3169103355024085
2018-10-12,00:00:00,1222.89,1225.18,1221.03,1221.23,2649,86.328655500226,True,BEARISH_INSIDE_BAR,-0.07697157783546545,0.031116169763261776,-0.16868239397983553
2018-10-12,20:00:00,1219.62,1220.65,1217.19,1217.76,11675,82.15453802125919,True,BEARISH_INSIDE_BAR,0.11578636184470519,0.7710878990934257,0.6249178820128679
2018-10-15,00:00:00,1217.78,1220.21,1217.74,1219.17,1759,81.53943751321636,True,BEARISH_INSIDE_BAR,0.20997892008497135,0.7964434820410636,0.6217344586891022
2018-10-31,00:00:00,1223.54,1224.07,1222.27,1222.53,1080,19.539551357732933,True,BULLISH_INSIDE_BAR,-0.4008081601269387,-0.32800831063450314,-0.534956197393926
2018-11-16,20:00:00,1220.83,1223.53,1220.43,1221.2,16175,89.38444526354628,True,BEARISH_INSIDE_BAR,0.10481493612839606,-0.04094333442515558,0.21863740583031813
2018-11-19,00:00:00,1221.94,1222.73,1221.54,1222.48,1213,89.12797281993241,True,BEARISH_INSIDE_BAR,-0.1660558863948672,-0.05562463189582354,0.1325175053988524
2018-11-20,00:00:00,1223.88,1224.49,1223.03,1224.1,3280,84.22733077905559,True,BEARISH_INSIDE_BAR,-0.1895269994281461,0.015521607711792713,-0.20668246058328346
2018-12-05,00:00:00,1237.63,1239.2,1237.55,1238.68,2681,81.20678818353285,True,BEARISH_INSIDE_BAR,-0.26076145574321197,-0.10737236412956974,-0.03794361739916906
2019-01-31,00:00:00,1319.81,1321.03,1317.2,1319.19,5070,85.4770017035787,True,BEARISH_INSIDE_BAR,0.003032163676192483,0.31231285864810154,0.13644736542878239
2019-01-31,04:00:00,1319.2,1320.71,1317.36,1319.23,5874,85.57446808510747,True,BEARISH_INSIDE_BAR,0.08944611629511637,0.2205832189989677,-0.05533530923341784
2019-02-20,00:00:00,1339.8,1341.25,1339.29,1339.51,2910,86.28075253256146,True,BEARISH_INSIDE_BAR,0.33818336555904566,0.3053355331427103,0.07689378952004634
2019-02-20,08:00:00,1344.04,1344.04,1341.31,1342.49,5298,81.85603807257606,True,BEARISH_INSIDE_BAR,0.0826821801279637,-0.10875313782598278,-0.26517888401402956
2019-03-05,00:00:00,1287.0,1287.65,1286.04,1287.04,2567,13.646877409406656,True,BULLISH_INSIDE_BAR,0.09634510193933438,-0.09401417205370746,0.06448906016906446
2019-03-14,00:00:00,1310.67,1310.97,1309.05,1309.33,1651,81.83925811437393,True,BEARISH_INSIDE_BAR,-0.3925671908533275,-0.9203180252495518,-1.0157867000679701
2019-03-29,00:00:00,1290.63,1291.51,1289.87,1291.48,1142,18.500407497962385,True,BULLISH_INSIDE_BAR,-0.1726701149069299,0.1293090098181987,0.02090624709635316
2019-04-09,20:00:00,1305.82,1306.14,1303.28,1304.24,5168,87.68115942028982,True,BEARISH_INSIDE_BAR,0.028369011838303596,-0.07437281481936049,0.29059068883027384
2019-04-10,00:00:00,1304.24,1305.12,1303.87,1304.61,1789,84.99724214009903,True,BEARISH_INSIDE_BAR,-0.15176949433162332,-0.08048382275162344,0.2613807957933852
2019-04-18,00:00:00,1274.14,1274.53,1273.65,1274.11,1539,17.113027689514908,True,BULLISH_INSIDE_BAR,-0.12400813116606316,0.17266954972490958,0.10674117619358825
2019-05-02,20:00:00,1271.44,1272.11,1270.14,1270.6,6833,17.99410029498455,True,BULLISH_INSIDE_BAR,0.008657327246979957,-0.018101684243665844,0.658743900519449
2019-05-20,20:00:00,1276.9,1278.51,1275.54,1277.91,4220,19.80198019801999,True,BULLISH_INSIDE_BAR,-0.0399089137732697,-0.1698085154666661,-0.2527564538973807
2019-06-04,00:00:00,1325.39,1326.18,1324.38,1325.09,2383,99.21996879875148,True,BEARISH_INSIDE_BAR,-0.19470375597128706,-0.13206650114331858,0.015847980137200974
2019-06-04,20:00:00,1322.55,1328.27,1322.36,1326.47,6959,81.14384003440094,True,BEARISH_INSIDE_BAR,-0.08820403024569518,0.5224392560706284,0.20505552330622084
2019-06-14,12:00:00,1354.76,1355.8,1351.98,1354.48,8239,84.3380981976388,True,BEARISH_INSIDE_BAR,-0.3551178311972082,-1.1768353907034474,-1.3806036264839676
2019-06-20,08:00:00,1380.67,1386.77,1378.15,1381.87,16950,85.50529678829642,True,BEARISH_INSIDE_BAR,-0.05137965221039671,0.545637433333106,0.18236158249330323
2019-06-21,00:00:00,1389.41,1391.09,1386.59,1390.78,3914,91.36464497041445,True,BEARISH_INSIDE_BAR,1.0123815412933697,0.3106170638059173,1.1554667165187835
2019-07-19,04:00:00,1442.89,1445.22,1439.45,1442.96,12332,82.80086078463822,True,BEARISH_INSIDE_BAR,-0.2460220657537253,-1.3229749958418906,-1.109524865554138
2019-09-25,00:00:00,1532.73,1533.59,1530.83,1531.66,3297,80.70102232422256,True,BEARISH_INSIDE_BAR,-0.11817244035883766,-0.22916313019860743,-1.6485381873261689
2019-10-01,00:00:00,1473.34,1473.96,1472.23,1473.55,1989,19.019607843137337,True,BULLISH_INSIDE_BAR,-0.6935631637881327,-0.4675782973092106,0.5388347867395104
2019-10-25,00:00:00,1501.96,1503.53,1501.96,1502.65,2575,82.90689410092406,True,BEARISH_INSIDE_BAR,-0.004658436761731854,0.42192127241872146,0.0865138255748148
2019-10-31,20:00:00,1509.51,1513.11,1509.21,1511.29,13110,86.17052446527978,True,BEARISH_INSIDE_BAR,0.06352189189368264,0.0741088738759681,0.17270014358595157
2019-11-01,00:00:00,1511.39,1512.85,1511.17,1512.25,1516,84.64541314248528,True,BEARISH_INSIDE_BAR,-0.1097702099520636,-0.12762440072739717,0.037692180525702515
2019-11-01,20:00:00,1510.52,1514.05,1507.0,1513.9,16871,84.14185346269606,True,BEARISH_INSIDE_BAR,-0.07133892595284726,-0.019816368320244526,-0.3745293612523993
2019-11-04,00:00:00,1512.69,1513.16,1512.03,1512.82,866,80.52860488457598,True,BEARISH_INSIDE_BAR,-0.05023730516518759,-0.02577966975581184,-0.40850861305375635
2019-11-06,00:00:00,1483.59,1485.19,1483.42,1484.35,5212,17.560854446100194,True,BULLISH_INSIDE_BAR,0.1650554114595645,0.08286455350827085,0.39276450971806887
2019-11-06,08:00:00,1486.82,1487.1,1483.75,1485.88,7651,15.567484662576604,True,BULLISH_INSIDE_BAR,-0.02019005572456604,0.33582792688506347,0.06797318760599717
2019-12-26,12:00:00,1502.81,1504.99,1502.71,1504.77,5897,99.2657856093986,True,BEARISH_INSIDE_BAR,0.48445941904742673,0.42132684729227177,0.3449032077992022
2019-12-26,20:00:00,1512.06,1512.39,1506.55,1509.79,11277,92.72887842213768,True,BEARISH_INSIDE_BAR,0.08742937759555543,-0.08610469005622998,0.05563687665172942
2019-12-27,00:00:00,1509.8,1511.93,1509.69,1511.11,4233,92.4140049140054,True,BEARISH_INSIDE_BAR,0.11647067387549491,-0.07610299713454768,0.1561765854239683
2019-12-27,12:00:00,1508.55,1512.43,1507.9,1509.96,9419,82.1466244725743,True,BEARISH_INSIDE_BAR,0.09602903388169524,0.232456488913613,0.05695515112982463
2019-12-30,00:00:00,1511.16,1513.95,1510.75,1513.47,1086,80.6912681912685,True,BEARISH_INSIDE_BAR,0.09712779242403399,-0.1750943196759824,0.09118119288785914
2020-01-06,04:00:00,1569.07,1579.96,1566.95,1578.0,18976,91.56929448306458,True,BEARISH_INSIDE_BAR,-0.24588086185045052,-0.8770595690747731,-1.2059569074778183
2020-01-06,08:00:00,1578.0,1578.33,1570.13,1574.12,17168,86.57511210762313,True,BEARISH_INSIDE_BAR,0.29730897263233197,-0.5958884964297437,-0.2833329098162662
2020-02-05,00:00:00,1552.53,1555.35,1552.05,1554.1,4535,15.532215713997218,True,BULLISH_INSIDE_BAR,0.20140274113635606,0.05147673894859931,0.12225725500290142
2020-02-19,00:00:00,1601.42,1603.37,1600.45,1600.85,4926,83.270353830298,True,BEARISH_INSIDE_BAR,0.03997876128307462,0.5134772152294111,0.5909360652153566
2020-02-21,00:00:00,1619.85,1622.66,1618.93,1622.06,6847,81.4028882994401,True,BEARISH_INSIDE_BAR,0.17693550176936232,0.8131635081316384,2.6756100267561056
2020-02-21,20:00:00,1643.31,1648.43,1638.24,1643.73,30907,87.62483716891043,True,BEARISH_INSIDE_BAR,1.3219932714010219,1.746028849020219,0.6077640488401385
2020-02-24,04:00:00,1665.62,1667.75,1658.5,1660.79,21535,88.87775551102206,True,BEARISH_INSIDE_BAR,0.7008712721054499,0.8279192432517055,-0.25048320377650724
2020-03-25,16:00:00,1608.23,1620.29,1600.51,1612.7,23020,82.87814562429573,True,BEARISH_INSIDE_BAR,-0.2560922676257276,-0.43157437837167706,0.8941526632355581
2020-03-25,20:00:00,1612.7,1617.69,1607.35,1608.57,13724,80.66004829621673,True,BEARISH_INSIDE_BAR,0.1019539093729275,-0.22131458376072818,1.338455895609142
2020-04-13,04:00:00,1686.35,1691.15,1679.79,1682.21,7665,80.28648164726945,True,BEARISH_INSIDE_BAR,0.5142045285665798,1.5961146349147792,2.2535830841571416
2020-04-14,00:00:00,1716.53,1720.14,1711.46,1716.99,3457,94.04327741308063,True,BEARISH_INSIDE_BAR,0.18229576176913562,0.22073512367573275,0.4944699736166203
2020-04-23,20:00:00,1729.85,1735.21,1720.66,1732.88,44288,86.83651804670897,True,BEARISH_INSIDE_BAR,-0.2567979317667724,-0.19562808734592702,-0.3733668805687657
2020-04-24,00:00:00,1732.93,1734.65,1725.85,1728.43,3315,80.43163732818888,True,BEARISH_INSIDE_BAR,-0.2725016344312489,0.1324901789485234,-0.18687479388809602
2020-06-04,08:00:00,1703.01,1705.19,1697.92,1702.27,9762,18.36276083467122,True,BULLISH_INSIDE_BAR,0.32897248967554554,0.810094755826042,0.42120227695959356
2020-06-11,00:00:00,1738.45,1739.55,1732.56,1735.51,5138,80.04643540016397,True,BEARISH_INSIDE_BAR,-0.22932740231978022,-0.4459784155666063,-0.5128175579512703
2020-06-22,20:00:00,1757.77,1758.99,1751.81,1755.13,21712,80.43758043758064,True,BEARISH_INSIDE_BAR,0.00797661711667356,0.017662509329790126,0.852358514753882
2020-06-23,00:00:00,1755.18,1757.04,1753.31,1755.27,2766,80.3726249769417,True,BEARISH_INSIDE_BAR,-0.21990918776028187,0.14755564670961835,0.760566750414461
2020-07-22,08:00:00,1857.06,1861.11,1850.97,1854.19,17634,91.88738655306557,True,BEARISH_INSIDE_BAR,0.2944682044450696,0.7744621640716378,1.1735582653341885
2020-07-23,08:00:00,1868.45,1876.31,1867.67,1875.95,15428,93.36025123373733,True,BEARISH_INSIDE_BAR,0.1268690530131337,0.536261627442093,1.0922465950585043
2020-07-23,20:00:00,1896.63,1896.82,1879.02,1886.01,35467,82.8820663872211,True,BEARISH_INSIDE_BAR,-0.02439011458051847,0.5530193371191067,0.8282034559731983
2020-07-27,08:00:00,1931.82,1937.89,1929.57,1933.37,20462,84.11144578313235,True,BEARISH_INSIDE_BAR,0.3522346989970969,0.2793050476628939,-1.0510145497240537
2020-07-27,20:00:00,1938.38,1940.97,1931.83,1938.77,26947,83.38488731771972,True,BEARISH_INSIDE_BAR,1.3513722617948516,-1.3266142966932657,0.859823496340467
2020-08-06,20:00:00,2057.86,2063.82,2053.47,2063.05,28509,81.75040066894292,True,BEARISH_INSIDE_BAR,0.30198007803979626,0.07173844550544185,-1.4493104869004672
2020-08-18,12:00:00,2005.39,2009.67,2001.25,2007.11,18765,80.53032675644648,True,BEARISH_INSIDE_BAR,-0.23616044960166654,-0.10014398812222504,-1.057739735241207
2020-08-19,00:00:00,2003.52,2006.37,1999.73,2005.1,4090,81.77217804399471,True,BEARISH_INSIDE_BAR,-0.5550845344371793,-0.9585556830083188,-3.86464515485512
2020-09-03,12:00:00,1935.77,1937.58,1927.27,1934.63,16161,16.51090342679157,True,BULLISH_INSIDE_BAR,-0.43109018261890625,-0.3473532406713442,0.2630994040204027
2020-09-03,20:00:00,1926.1,1938.47,1924.53,1929.16,25731,9.639688088196081,True,BULLISH_INSIDE_BAR,-0.0647950403284331,0.3384892906757331,0.20371560679258516
2020-09-04,00:00:00,1929.16,1932.43,1925.62,1927.91,3389,12.030201342282268,True,BULLISH_INSIDE_BAR,0.44815370012084965,0.6125804627809361,0.3324844002053962
2020-10-13,00:00:00,1923.36,1925.37,1921.55,1925.03,2364,86.17594254937154,True,BEARISH_INSIDE_BAR,-0.7095993309195224,-0.24830781857944928,-1.6430912764995809
2020-11-16,00:00:00,1887.89,1891.54,1887.63,1890.46,2038,82.47783481101267,True,BEARISH_INSIDE_BAR,0.27929710229256227,-1.1235360705859954,-0.03173830707870764
2020-11-24,20:00:00,1805.54,1808.26,1802.84,1803.91,18503,18.14917410485269,True,BULLISH_INSIDE_BAR,0.2860453126818885,0.343143504942033,0.15854449501360376
2021-01-04,20:00:00,1942.97,1943.72,1932.68,1942.5,25033,86.68883283650547,True,BEARISH_INSIDE_BAR,-0.03500643500643828,-0.1441441441441418,0.4612612612612631
2021-01-05,08:00:00,1941.12,1943.95,1936.7,1939.7,12583,80.37319531462832,True,BEARISH_INSIDE_BAR,0.5258545135845772,0.6062793215445682,0.42326132907150776
2021-01-11,00:00:00,1854.74,1855.59,1841.45,1844.72,4086,19.238401209486867,True,BULLISH_INSIDE_BAR,-0.7540439741532634,0.25749165184960315,0.13552192202610694
2021-01-20,20:00:00,1866.7,1869.32,1862.09,1868.13,22989,80.1827125790584,True,BEARISH_INSIDE_BAR,0.09635303752950568,-0.03372356313533368,0.06584124231181934
2021-02-03,20:00:00,1833.68,1838.03,1832.6,1833.22,20048,18.136952498457347,True,BULLISH_INSIDE_BAR,0.056730779720926224,-0.4363906132379093,-2.0794012720786443
2021-02-26,12:00:00,1759.4,1770.13,1757.62,1759.92,39525,18.271348969806837,True,BULLISH_INSIDE_BAR,-1.7006454838856346,-1.181303695622526,-0.9307241238238163
2021-03-30,20:00:00,1684.29,1687.6,1681.63,1681.69,24761,17.978190391983745,True,BULLISH_INSIDE_BAR,0.22655780791941116,0.14687605920235164,1.5531994600669499
2021-04-13,00:00:00,1732.5,1733.59,1731.73,1731.96,3761,12.840588787972948,True,BULLISH_INSIDE_BAR,-0.012124991339294,-0.1622439317305218,0.8481720132104699
2021-04-13,12:00:00,1727.69,1730.3,1724.6,1729.15,20539,15.554282440561138,True,BULLISH_INSIDE_BAR,0.8460804441488523,1.0120579475464824,0.9010207327299498
2021-04-19,00:00:00,1775.67,1778.16,1774.85,1776.79,2311,87.57717492984149,True,BEARISH_INSIDE_BAR,0.0337687627688211,0.2999791759296218,-0.25776822246860503
2021-04-22,00:00:00,1794.49,1795.1,1793.49,1793.55,2819,83.38528678304199,True,BEARISH_INSIDE_BAR,-0.006690641465244396,-0.40924423629114987,-0.57874048674416
2021-05-07,00:00:00,1815.32,1816.04,1813.95,1814.79,2889,87.96278348517117,True,BEARISH_INSIDE_BAR,0.3195962067236405,0.29369789342017133,1.1869141884184926
2021-05-07,08:00:00,1820.59,1821.58,1817.28,1819.06,16847,86.15879828326152,True,BEARISH_INSIDE_BAR,0.05827185469417972,0.6481369498532189,0.8658318032390356
2021-05-07,20:00:00,1835.13,1835.32,1828.97,1830.85,22577,89.22916044218672,True,BEARISH_INSIDE_BAR,0.29931452603981856,0.21629297867111102,0.3938061556107839
2021-06-17,20:00:00,1776.18,1780.52,1769.48,1772.08,26162,11.603898249091486,True,BULLISH_INSIDE_BAR,0.26748228070967506,1.186176696311678,-0.42661730847365503
2021-06-18,00:00:00,1772.1,1776.91,1769.64,1776.82,5829,16.109396433470465,True,BULLISH_INSIDE_BAR,0.5037088731554151,0.9742123569072937,-0.41985119483121736
2021-07-14,20:00:00,1822.61,1827.31,1820.12,1827.31,8850,81.99341795956735,True,BEARISH_INSIDE_BAR,-0.051988989279325645,0.1909911290366719,0.06293403965392248
2021-08-09,04:00:00,1718.48,1741.86,1706.34,1738.07,23141,19.514410768849643,True,BULLISH_INSIDE_BAR,0.6363380070998391,-0.5546381906367335,-0.04315131151219456
2021-08-16,20:00:00,1786.07,1788.44,1785.43,1787.4,9394,85.65789473684228,True,BEARISH_INSIDE_BAR,0.0027973592928250265,0.30547163477676004,-0.12532169631867568
2021-08-30,12:00:00,1815.15,1817.79,1813.7,1817.14,6651,80.21048287247233,True,BEARISH_INSIDE_BAR,-0.37916726284161373,-0.3681609562279216,-0.24048779950912522
2021-09-08,00:00:00,1793.67,1795.76,1793.39,1795.67,1634,9.163636363636357,True,BULLISH_INSIDE_BAR,0.13699621868160833,0.07239637572604958,-0.27287864696743225
2021-09-08,12:00:00,1798.86,1799.84,1796.4,1796.97,9973,16.18130577736008,True,BULLISH_INSIDE_BAR,-0.2832545896703851,-0.34502523692660675,0.10795950961897274
2021-09-08,20:00:00,1791.88,1793.4,1788.54,1788.72,8875,13.750514615067672,True,BULLISH_INSIDE_BAR,0.11460709334048674,0.19958406011001928,0.40755400509861595
2021-09-09,00:00:00,1788.72,1790.88,1788.59,1790.77,2499,17.926078028747156,True,BULLISH_INSIDE_BAR,-0.1435136840576923,0.4545530693500617,0.21108238355567566
2021-09-17,20:00:00,1752.69,1754.46,1750.13,1753.92,11851,14.546256802470822,True,BULLISH_INSIDE_BAR,0.010832877212177704,0.022235905856588252,0.5627394636015263
2021-10-13,20:00:00,1794.46,1795.55,1790.68,1791.95,15920,82.06502940159106,True,BEARISH_INSIDE_BAR,-0.00948687184352648,0.11328441083735444,0.26005189876948875
2021-10-14,00:00:00,1791.86,1793.75,1791.69,1791.78,2938,80.96098265895931,True,BEARISH_INSIDE_BAR,-0.17691904140017597,0.21375392068222254,0.20482425297749016
2021-10-14,16:00:00,1795.64,1799.73,1793.82,1798.3,29309,86.1144945188791,True,BEARISH_INSIDE_BAR,-0.0939776455541375,-0.1729411110493188,-1.6548962909414444
2021-10-14,20:00:00,1798.3,1799.16,1795.87,1796.61,9530,82.0892757918129,True,BEARISH_INSIDE_BAR,-0.06456604382697717,-0.5476981648771808,-1.6247265683704215
2021-10-25,20:00:00,1808.18,1808.73,1805.07,1806.8,11534,81.01598423472727,True,BEARISH_INSIDE_BAR,0.06032765109586814,-0.34536196590657564,-0.7416426831968045
2021-11-08,00:00:00,1815.69,1818.24,1815.46,1815.86,1467,86.61814109742423,True,BEARISH_INSIDE_BAR,0.1795292588635683,0.06002665403721353,0.48186534204178744
2021-11-11,20:00:00,1861.6,1863.73,1859.8,1862.08,8836,80.11345729593455,True,BEARISH_INSIDE_BAR,0.010740677092286339,-0.3034241278570128,0.12190668499742127
2021-11-23,00:00:00,1803.59,1809.81,1802.86,1809.05,7454,19.203860072376244,True,BULLISH_INSIDE_BAR,-0.03869434233437691,-0.831375583869985,-1.0093695586081088
2021-12-24,00:00:00,1809.2,1809.44,1807.16,1807.76,1786,83.54898336414017,True,BEARISH_INSIDE_BAR,-0.024339514094794363,0.05918927291232997,0.08352878700712434
2022-01-28,00:00:00,1793.03,1798.23,1792.27,1797.28,8733,16.247792419508244,True,BULLISH_INSIDE_BAR,0.1029333214635525,-0.6487581233864552,-0.43176355381465276
2022-01-28,16:00:00,1785.62,1793.09,1780.72,1782.8,42190,11.3443783988873,True,BULLISH_INSIDE_BAR,0.4924837334529938,0.24175454341484998,0.758357639667937
2022-02-09,00:00:00,1827.0,1827.86,1825.55,1825.99,5564,82.02671312427397,True,BEARISH_INSIDE_BAR,0.11500610627659018,0.04874068313627676,0.36199541070870594
2022-02-18,00:00:00,1899.9,1900.25,1897.38,1899.94,7183,95.98087818696887,True,BEARISH_INSIDE_BAR,-0.46738318052149586,-0.46317252123751035,0.2579028811436079
2022-02-18,08:00:00,1891.06,1893.4,1889.56,1891.73,14360,83.43103448275846,True,BEARISH_INSIDE_BAR,-0.03118838312020839,0.29655394797354273,-0.006343399956659684
2022-02-18,20:00:00,1891.9,1899.4,1891.27,1897.34,27799,83.67346938775498,True,BEARISH_INSIDE_BAR,0.39529024845309746,-0.30200174981816746,0.32255684273773383
2022-03-14,20:00:00,1955.11,1961.97,1950.63,1952.6,16273,12.391149179157566,True,BULLISH_INSIDE_BAR,-0.022534057154554296,-1.1968657175048598,-1.838062071084701
2022-03-15,00:00:00,1952.6,1954.5,1951.07,1952.16,3173,14.380384360503442,True,BULLISH_INSIDE_BAR,-0.5153266125727487,-1.3175149577903464,-1.7493443160396736
2022-05-13,20:00:00,1809.19,1813.04,1807.02,1811.66,18725,16.994022203245194,True,BULLISH_INSIDE_BAR,0.07396531357980626,-1.0333064703089998,0.8075466699049424
2022-05-16,12:00:00,1792.97,1807.32,1792.74,1800.52,17779,18.233514821536545,True,BULLISH_INSIDE_BAR,0.7431186546108963,1.4356963543865056,1.8933419234443336
2022-07-07,00:00:00,1739.43,1740.72,1738.17,1739.99,4405,14.190353143841563,True,BULLISH_INSIDE_BAR,0.3356341128397243,0.21609319593790716,0.0982764268760186
2022-07-07,20:00:00,1739.83,1742.99,1738.75,1740.73,13030,17.564667344402977,True,BULLISH_INSIDE_BAR,0.0557237480827025,-0.24242702774123656,0.09880912031159499
2022-07-28,20:00:00,1753.11,1755.6,1750.39,1755.35,17821,83.13316849169883,True,BEARISH_INSIDE_BAR,-0.026775286979793197,0.6357706440311096,0.6067166092232371
2022-07-29,20:00:00,1765.89,1766.73,1760.93,1766.0,19143,81.52476349471343,True,BEARISH_INSIDE_BAR,-0.21630804077009833,-0.08776896942242098,0.2797281993205014
2022-08-22,20:00:00,1736.82,1737.81,1733.8,1735.02,14012,9.816783533137155,True,BULLISH_INSIDE_BAR,0.013256331339121059,0.19019953660476274,0.7060437343661745
2022-08-23,00:00:00,1734.95,1736.15,1734.4,1735.25,2746,13.57694592988696,True,BULLISH_INSIDE_BAR,0.18786918311482442,0.16136003457714765,0.622388704797577
2022-09-01,08:00:00,1704.66,1708.52,1702.74,1705.09,16539,15.453998797353904,True,BULLISH_INSIDE_BAR,-0.19236521239347912,-0.6075925610964759,-0.0809341442387136
2022-09-01,20:00:00,1695.48,1699.63,1694.45,1694.73,18723,12.058706862355749,True,BULLISH_INSIDE_BAR,0.14515586553610524,0.5298779156561823,1.0650664117588025
2022-09-16,00:00:00,1663.89,1665.23,1661.32,1662.36,4520,14.74183543149077,True,BULLISH_INSIDE_BAR,0.11850622007266941,0.18467720590005557,0.939026444332162
2022-10-05,00:00:00,1724.84,1726.48,1723.61,1725.58,3956,81.8459370596524,True,BEARISH_INSIDE_BAR,-0.35987899720673844,-1.1196235468653981,-0.4143534347871362
2022-10-10,20:00:00,1666.94,1671.68,1666.85,1668.98,20030,16.398478642481237,True,BULLISH_INSIDE_BAR,0.06950352910161188,-0.2546465505877842,-0.1533870987069914
2022-10-11,00:00:00,1668.96,1670.25,1667.5,1670.14,3037,19.6786509704108,True,BULLISH_INSIDE_BAR,-0.3580538158477743,0.0059875220041379195,-0.3610475768498569
2022-10-11,08:00:00,1664.17,1669.66,1661.81,1664.73,22251,11.10561871807576,True,BULLISH_INSIDE_BAR,0.33098460410997527,0.10151796387402488,0.260102238801483
2022-11-07,20:00:00,1678.98,1680.26,1675.19,1675.46,23735,80.17568593428064,True,BEARISH_INSIDE_BAR,-0.07997803588269164,-0.3026034641232817,2.165375478972937
2022-11-14,20:00:00,1771.54,1773.97,1766.6,1772.92,27898,82.05580029368566,True,BEARISH_INSIDE_BAR,-0.19290210500192184,0.5640412426956658,0.3186833021230435
2022-12-16,00:00:00,1777.9,1778.97,1775.53,1776.49,7267,18.522018522018485,True,BULLISH_INSIDE_BAR,0.1711239579170141,0.3377446537835845,0.8179049699125789
2022-12-20,20:00:00,1815.32,1820.91,1813.81,1818.68,30643,80.72677874002389,True,BEARISH_INSIDE_BAR,-0.0808278531682334,-0.12591549915323,-0.23588536740932783
2023-01-10,00:00:00,1875.24,1875.24,1869.22,1870.51,8138,81.27238859435457,True,BEARISH_INSIDE_BAR,0.07270744342451524,0.25233759776745524,0.35765646802209317
2023-01-10,08:00:00,1871.94,1875.21,1870.64,1872.1,14526,81.56881616939361,True,BEARISH_INSIDE_BAR,0.16719192350836543,0.24304257251216185,0.5122589605256207
2023-01-10,20:00:00,1875.72,1877.37,1871.23,1876.65,24264,84.65140478668039,True,BEARISH_INSIDE_BAR,0.029307542695758637,0.2685636639756994,0.058615085391517274
2023-02-06,20:00:00,1865.96,1871.29,1863.59,1865.74,29881,12.554695388757892,True,BULLISH_INSIDE_BAR,0.14739459946187572,0.5617074190401673,0.32266017773108696
2023-02-07,00:00:00,1865.66,1869.87,1865.22,1868.49,8692,19.00204323045476,True,BULLISH_INSIDE_BAR,0.23227311893560676,-0.05405434334676615,0.23548426804532485
2023-02-24,20:00:00,1810.5,1814.26,1808.95,1810.82,31063,18.11380639310778,True,BULLISH_INSIDE_BAR,0.053014656343536984,-0.005522360035779871,0.3639235263582325
2023-03-14,00:00:00,1913.34,1914.14,1909.91,1912.04,6536,90.37194885703228,True,BEARISH_INSIDE_BAR,-0.47436246103637664,-0.41160226773497893,-0.4686094433170873
2023-04-13,20:00:00,2038.98,2044.17,2036.61,2040.49,24042,81.12062256809328,True,BEARISH_INSIDE_BAR,-0.03675587726477464,-0.060279638714231296,-1.7677126572538917
2023-05-04,04:00:00,2052.06,2057.09,2038.35,2040.91,29874,81.65232714833627,True,BEARISH_INSIDE_BAR,-0.30280610119995804,0.49340735260251245,0.4316701863384332
2023-05-18,00:00:00,1982.92,1983.68,1981.27,1982.75,3057,14.197910264289519,True,BULLISH_INSIDE_BAR,-0.02269575085109295,-0.43323666624637086,-1.2321270962047695
2023-05-18,20:00:00,1956.02,1958.96,1953.94,1957.3,20596,9.483773331090816,True,BULLISH_INSIDE_BAR,0.0521126040974803,0.49404792315945806,1.032033924283454
2023-06-22,20:00:00,1913.44,1917.8,1913.03,1913.95,20225,8.961124533274656,True,BULLISH_INSIDE_BAR,0.025601504741503647,0.21526163170406182,0.3437916351001817
2023-07-13,00:00:00,1958.68,1958.7,1957.04,1957.75,4143,80.30491047686569,True,BEARISH_INSIDE_BAR,0.13127314519218164,0.11237389860809836,0.11799259353849804
2023-07-20,00:00:00,1978.36,1978.7,1976.41,1977.69,3749,80.34727703235995,True,BEARISH_INSIDE_BAR,0.37670211206003196,0.19113207833381232,-0.2791135112176318
2023-08-15,20:00:00,1906.89,1907.47,1902.44,1902.65,22808,17.544554455446374,True,BULLISH_INSIDE_BAR,-0.06412109426326583,0.10091188605365388,-0.5481827976769277
2023-09-05,20:00:00,1926.07,1927.96,1925.48,1925.91,13688,19.83818770226567,True,BULLISH_INSIDE_BAR,0.03478874921464894,-0.1516166383683595,-0.4766577877470942
2023-09-06,20:00:00,1916.81,1920.7,1916.03,1916.73,14227,9.996795898750108,True,BULLISH_INSIDE_BAR,0.01773854429157566,0.08764927767604533,0.10903987520411941
2023-09-13,20:00:00,1910.46,1911.72,1908.2,1908.86,16657,19.621661721068094,True,BULLISH_INSIDE_BAR,0.017811678174415386,-0.15559024758231615,0.03143237324896202
2023-09-27,00:00:00,1900.53,1902.02,1900.1,1901.54,2615,7.612568837058987,True,BULLISH_INSIDE_BAR,-0.08624588491432589,-0.45173911671592065,-1.2595054534745547
2023-09-28,00:00:00,1876.74,1877.68,1874.6,1877.59,4353,5.8237378210807975,True,BULLISH_INSIDE_BAR,-0.15445331515399335,-0.08148743868469542,-0.5784010353698039
2023-09-28,20:00:00,1864.78,1867.36,1861.01,1867.17,23169,10.143626570915444,True,BULLISH_INSIDE_BAR,-0.023565074417436792,0.3416935790527848,-0.9870552761666084
2023-09-29,00:00:00,1867.17,1867.29,1863.64,1866.73,4473,12.026394210302016,True,BULLISH_INSIDE_BAR,-0.18160098139527944,0.14678073422508928,-0.9846094507507839
2023-10-02,20:00:00,1832.62,1833.6,1829.22,1829.38,23762,17.53824756606413,True,BULLISH_INSIDE_BAR,-0.23997201237578306,-0.2886223747936568,-0.3006483070767145
2023-10-03,08:00:00,1820.52,1824.65,1818.21,1824.1,21586,19.64107676969087,True,BULLISH_INSIDE_BAR,0.10251630941286762,-0.012060742283855048,-0.05427334027739757
2023-10-03,20:00:00,1824.83,1828.11,1821.91,1823.88,28088,9.647725261108235,True,BULLISH_INSIDE_BAR,-0.030703774371130376,-0.04221768976030271,-0.030703774371130376
2023-10-04,00:00:00,1823.93,1824.99,1822.11,1823.32,4748,12.862874675477997,True,BULLISH_INSIDE_BAR,-0.13875787025864758,0.09268806353246027,-0.043327556325821234
2023-10-10,00:00:00,1863.28,1863.28,1860.35,1862.55,4907,90.71700727398665,True,BEARISH_INSIDE_BAR,-0.004832085044692392,-0.2883144076669024,-0.15462672143029083
2023-10-12,00:00:00,1873.61,1875.7,1873.41,1875.28,3790,80.22454707833668,True,BEARISH_INSIDE_BAR,0.13011390299048967,0.4415340642464044,-0.2506292393669236
2023-10-18,20:00:00,1945.21,1956.62,1944.66,1950.42,31175,81.39325031582752,True,BEARISH_INSIDE_BAR,0.019995693235296638,-0.049220167963825036,1.2274279385978315
2023-11-09,08:00:00,1949.26,1950.51,1948.01,1949.38,14700,18.861047835990888,True,BULLISH_INSIDE_BAR,-0.02975304968760091,0.4647631554648117,0.30830315279729914
2023-11-27,08:00:00,2009.47,2013.72,2008.42,2010.91,11357,81.02102102102161,True,BEARISH_INSIDE_BAR,0.08205240413543438,0.0969710230691487,0.12730554823437873
2023-11-28,12:00:00,2013.47,2016.7,2012.51,2015.14,10506,86.02401601067426,True,BEARISH_INSIDE_BAR,0.7795984398106239,1.4495270800043574,1.2361424020167262
2023-11-30,00:00:00,2046.26,2046.44,2042.76,2044.57,4823,84.45606273878943,True,BEARISH_INSIDE_BAR,0.0728759592481553,-0.3614451938549364,-0.22058427933501867
2023-12-12,00:00:00,1981.64,1984.22,1980.35,1982.85,3556,17.687169496242916,True,BULLISH_INSIDE_BAR,0.13213304082508098,0.2748568978994904,-0.020677307915366996
2023-12-15,00:00:00,2033.23,2038.61,2032.75,2035.47,4767,81.65784832451526,True,BEARISH_INSIDE_BAR,0.016212471812403387,0.30361538121416987,-0.8867730794361968
2024-01-18,00:00:00,2005.54,2009.95,2004.64,2009.51,22066,13.663563829787265,True,BULLISH_INSIDE_BAR,-0.0751426964782455,0.15824753298068003,0.7101233634069989
2024-01-18,12:00:00,2012.22,2013.57,2008.03,2012.69,82085,19.27831607083222,True,BULLISH_INSIDE_BAR,0.046703665244029365,0.5510038803789913,0.9335764573779352
2024-03-04,00:00:00,2082.51,2086.23,2081.96,2083.41,4079,84.04437987055877,True,BEARISH_INSIDE_BAR,-0.09407653798340396,-0.06671754479434545,1.4985048550213476
2024-03-05,00:00:00,2116.44,2118.58,2113.52,2114.63,8337,85.17106238745917,True,BEARISH_INSIDE_BAR,-0.08512127417090375,0.4691127998751589,0.6369908683788559
2024-03-05,20:00:00,2126.53,2134.78,2123.58,2129.67,35896,88.85983263598321,True,BEARISH_INSIDE_BAR,-0.07372034164918338,-0.05869453952959848,0.6860217780219531
2024-03-06,00:00:00,2129.54,2131.0,2126.92,2128.1,10163,85.36351658881277,True,BEARISH_INSIDE_BAR,-0.1555378036746368,0.20487759033880584,0.9069122691602924
2024-03-07,00:00:00,2144.27,2151.47,2143.16,2147.4,10909,84.87226277372275,True,BEARISH_INSIDE_BAR,0.2053646269907728,0.4009499860296232,0.6724410915525777
2024-03-07,12:00:00,2156.08,2159.86,2153.23,2156.01,31845,90.62852841550624,True,BEARISH_INSIDE_BAR,-0.10621472071096229,0.27040690905885995,0.5709621012889524
2024-03-07,20:00:00,2153.73,2160.94,2149.21,2159.98,26570,85.4512707624568,True,BEARISH_INSIDE_BAR,0.08611190844360259,0.059722775210879896,0.8597301826868843
2024-03-08,08:00:00,2157.66,2162.0,2156.29,2161.27,18452,81.34568134568096,True,BEARISH_INSIDE_BAR,0.3261970970771899,0.7995299060274839,0.9758151457245113
2024-03-11,00:00:00,2181.21,2183.84,2177.09,2181.52,5054,87.74518961330035,True,BEARISH_INSIDE_BAR,-0.08938721625287956,-0.11368220323444288,0.09947192783014012
2024-06-20,20:00:00,2353.74,2361.06,2352.83,2358.94,11799,90.9958580947236,True,BEARISH_INSIDE_BAR,0.08181640906508161,0.1699916063994745,-1.5905449057627572
2024-07-11,20:00:00,2417.25,2419.22,2410.03,2414.21,14218,86.49495775415659,True,BEARISH_INSIDE_BAR,0.06917376698796181,-0.41628524444850207,-0.10852411347811047
2024-07-12,00:00:00,2414.1,2416.01,2411.23,2415.88,5242,86.53715527781566,True,BEARISH_INSIDE_BAR,-0.29554448068614037,-0.5873636107753719,-0.2972001920625317
2024-07-19,20:00:00,2405.31,2405.89,2395.54,2400.3,27487,14.250538627270231,True,BULLISH_INSIDE_BAR,0.4641086530850257,0.08915552222638305,-0.057909427988181786
2024-08-01,08:00:00,2442.62,2448.75,2439.85,2440.22,35204,83.602089484442,True,BEARISH_INSIDE_BAR,0.018850759357764316,0.11597314996190435,0.8728721180877209
2024-08-02,00:00:00,2443.03,2447.54,2441.7,2445.69,13054,86.24535315985112,True,BEARISH_INSIDE_BAR,0.35654559653920975,0.5495381671430171,-0.1970813962521891
2024-08-02,12:00:00,2461.52,2465.26,2457.52,2459.13,33143,80.36270898271457,True,BEARISH_INSIDE_BAR,-1.0576911346695872,-0.7425390280302472,-2.9469771829874896
2024-08-19,08:00:00,2503.18,2505.11,2498.69,2502.95,33659,80.39927404718676,True,BEARISH_INSIDE_BAR,-0.34239597275214084,0.09788449629438356,0.4754389820012422
2024-09-16,20:00:00,2579.83,2584.01,2579.48,2582.42,19678,85.05785491766812,True,BEARISH_INSIDE_BAR,0.04569357424430713,0.050340378404741565,-0.5374803478907423
2024-09-23,12:00:00,2615.05,2625.65,2614.59,2623.98,29861,81.17537119717575,True,BEARISH_INSIDE_BAR,0.198172242166473,0.08574760478357304,0.08574760478357304
2024-10-21,08:00:00,2731.53,2732.5,2723.53,2730.36,16135,86.07156598691793,True,BEARISH_INSIDE_BAR,0.14759958393763992,-0.3823671603744581,0.11939817459967782
2024-10-30,12:00:00,2782.28,2786.5,2778.39,2778.6,16376,84.4798421201013,True,BEARISH_INSIDE_BAR,0.21881523069171263,0.24220830634132362,0.030231051608729055
2024-10-31,00:00:00,2787.66,2788.11,2784.75,2785.33,4587,88.81338212232019,True,BEARISH_INSIDE_BAR,-0.0280038630970027,-0.21146506877102078,-1.3887043905030942
2024-11-06,20:00:00,2675.93,2678.18,2661.54,2667.02,19891,12.292392864466038,True,BULLISH_INSIDE_BAR,-0.11061034412939603,-0.13910656837969104,1.0209897188622514
2024-11-13,00:00:00,2598.05,2601.35,2595.09,2598.97,6339,10.95238095238065,True,BULLISH_INSIDE_BAR,0.4863465141960211,0.4559498570587719,-1.0788889444664602
2024-11-13,08:00:00,2611.6,2612.42,2603.6,2606.24,14651,18.600790513834085,True,BULLISH_INSIDE_BAR,0.17573208913992502,-0.9692123518939071,-1.8989041684572328
2025-01-22,16:00:00,2756.52,2761.63,2750.25,2759.4,20595,87.72451046590125,True,BEARISH_INSIDE_BAR,-0.14894542291803026,-0.34029136768862334,-0.4627817641516265
2025-01-22,20:00:00,2759.45,2760.2,2754.89,2755.29,15019,82.01634877384173,True,BEARISH_INSIDE_BAR,0.009436393265326637,-0.09073455062806456,-0.04536727531403228
2025-02-19,08:00:00,2928.81,2935.84,2926.48,2934.25,11821,85.56433847350016,True,BEARISH_INSIDE_BAR,0.023856181306971733,-0.08179262162392743,0.5009798074465304
2025-03-17,16:00:00,2997.44,3000.59,2984.8,2997.14,16739,80.78989255869456,True,BEARISH_INSIDE_BAR,0.10409924127669531,0.47378500837465964,1.15309928798788
2025-03-19,00:00:00,3035.58,3035.9,3031.57,3031.82,3139,86.07885085574513,True,BEARISH_INSIDE_BAR,0.14941520274949519,0.23088441925971856,0.6029381691525137
2025-03-20,00:00:00,3047.62,3051.33,3044.04,3050.1,4164,84.30940658201595,True,BEARISH_INSIDE_BAR,-0.0016392905150561343,-0.5140815055244037,-0.12524179535096255
2025-03-28,20:00:00,3083.55,3086.68,3073.56,3084.2,15763,80.0509878903759,True,BEARISH_INSIDE_BAR,0.16146812787757014,1.3073082160690022,1.304390117372415
2025-03-31,12:00:00,3123.88,3127.11,3111.9,3119.48,13902,89.04246612712544,True,BEARISH_INSIDE_BAR,-0.18176106274122844,0.03622398604896038,0.34909664431250953
2025-03-31,20:00:00,3113.83,3124.63,3111.59,3124.43,14302,83.1718898385563,True,BEARISH_INSIDE_BAR,-0.12226230064362809,0.10177856441015774,-0.1833934509654567
2025-04-11,08:00:00,3217.77,3219.24,3187.15,3212.43,20023,90.0482199651175,True,BEARISH_INSIDE_BAR,0.0454484611337846,0.7813399825054668,0.47969916854220357
2025-04-14,08:00:00,3232.45,3238.06,3221.49,3227.84,16466,80.99736379613373,True,BEARISH_INSIDE_BAR,-0.13910230990384395,-0.46687568157034315,-0.068776643204132
2025-05-06,08:00:00,3360.46,3379.51,3350.2,3371.25,15341,83.81981618018368,True,BEARISH_INSIDE_BAR,0.23492769744160397,1.5427512050426464,0.49506859473489223
2025-05-22,00:00:00,3318.49,3324.13,3313.21,3320.02,8083,81.88306538822016,True,BEARISH_INSIDE_BAR,0.46415383039860764,-0.16445684062144314,-0.6015024005879422
2025-05-22,08:00:00,3335.41,3339.41,3322.61,3327.54,16373,84.99633406652012,True,BEARISH_INSIDE_BAR,-0.3900779554866363,-1.1185440295233056,0.05138931462882599
2025-07-11,20:00:00,3358.87,3359.75,3349.22,3355.5,18140,91.04217497385802,True,BEARISH_INSIDE_BAR,0.366562360303984,0.4902399046341772,-0.3415288332588299
2025-07-21,20:00:00,3397.93,3399.74,3391.56,3398.81,15412,88.82175226586098,True,BEARISH_INSIDE_BAR,-0.0664938610866675,-0.33129242293625605,0.9597476763926166
2025-07-22,12:00:00,3387.41,3391.72,3384.65,3391.33,12744,81.66499274634539,True,BEARISH_INSIDE_BAR,1.039710084244241,1.0653637363512283,1.0848251276048029
2025-07-25,20:00:00,3327.87,3340.21,3326.27,3336.65,12099,14.713370881876259,True,BULLISH_INSIDE_BAR,-0.08931113542025738,-0.0503499018476703,-0.585617310775777
2025-09-01,00:00:00,3445.94,3452.54,3442.46,3448.01,4757,80.59914407988654,True,BEARISH_INSIDE_BAR,0.7688492782793485,0.6389192606749906,0.9060298549018065
2025-09-01,20:00:00,3474.07,3478.86,3472.36,3476.37,5879,81.75349204954783,True,BEARISH_INSIDE_BAR,0.08284503663304278,0.01380750610550713,1.7423346766886196
2025-09-08,20:00:00,3639.3,3641.74,3631.77,3636.5,15668,80.79810618870465,True,BEARISH_INSIDE_BAR,-0.04152344287089835,0.2150419359274072,-0.19826756496631476
2025-09-09,12:00:00,3643.86,3656.6,3642.06,3648.04,15793,80.58815502183393,True,BEARISH_INSIDE_BAR,-0.07127114834266919,-0.39747371191105363,0.03399085536343452
2026-04-29,20:00:00,4545.49,4554.43,4518.32,4543.45,25059,12.812798471824237,True,BULLISH_INSIDE_BAR,0.5883194488769652,1.6027468113438161,1.7255609723888357
2026-05-07,12:00:00,4731.16,4752.67,4721.86,4750.06,19271,90.12533372886408,True,BEARISH_INSIDE_BAR,-0.737043321558048,-1.0254607310223456,-0.5397826553769915
2026-05-15,20:00:00,4544.43,4564.48,4533.16,4538.43,17168,17.649677275761974,True,BULLISH_INSIDE_BAR,-0.4946644544479198,0.25449329393643333,0.6103432244190131
