trade_date,trade_time,open,high,low,close,volume,prev_day_high,prev_day_low,rsi,recent_low,recent_high,distance_to_prev_day_low_pct,distance_to_prev_day_high_pct,distance_to_recent_low_pct,distance_to_recent_high_pct,signal,forward_1,forward_3,forward_6
2004-09-07,12:00:00,401.3,401.6,397.6,398.3,458,406.3,398.6,19.374999999999858,398.6,408.1,-0.07526342197692207,-1.968988432192961,-0.07526342197692207,-2.40137221269297,BULLISH_DAILY_STRUCTURE_DOUBLE_BOTTOM,-0.050213406979660716,-0.050213406979660716,-0.6778809942254553
2004-10-21,08:00:00,423.8,425.6,423.8,425.2,135,425.5,419.3,93.44262295081998,416.7,425.5,1.407107083233956,-0.07050528789659491,2.0398368130549556,-0.07050528789659491,BEARISH_DAILY_STRUCTURE_DOUBLE_TOP,-0.752587017873939,-0.4468485418626475,-0.7055503292568204
2004-11-18,00:00:00,444.3,444.7,444.1,444.3,22,444.6,438.0,84.09090909090898,435.3,444.6,1.4383561643835643,-0.0674763832658595,2.0675396278428666,-0.0674763832658595,BEARISH_DAILY_STRUCTURE_DOUBLE_TOP,0.09002925950933542,-0.2925950934053593,-0.607697501688046
2004-11-18,04:00:00,444.3,444.8,444.1,444.7,50,444.6,438.0,83.33333333333319,436.3,444.7,1.5296803652968012,0.022492127755277976,1.9252807701123027,0.0,BEARISH_DAILY_STRUCTURE_DOUBLE_TOP,0.17989655947830255,-0.7870474477175624,-0.5396896784348949
2005-02-04,16:00:00,415.6,417.3,413.3,414.1,1084,421.5,414.2,15.31531531531526,414.2,421.5,-0.024142926122637832,-1.7556346381969103,-0.024142926122637832,-1.7556346381969103,BULLISH_DAILY_STRUCTURE_DOUBLE_BOTTOM,0.024148756339040303,-0.07244626901714836,-0.3863801014247821
2005-02-07,08:00:00,413.8,414.3,413.5,413.7,131,417.3,413.3,9.195402298850126,413.3,417.3,0.09678199854826453,-0.8626887131560084,0.09678199854826453,-0.8626887131560084,BULLISH_DAILY_STRUCTURE_DOUBLE_BOTTOM,0.1208605269518975,-0.14503263234226876,-0.36258158085569253
2005-03-10,04:00:00,440.3,442.2,440.1,441.7,144,442.1,438.5,84.34782608695676,434.3,442.1,0.7297605473204078,-0.09047726758652659,1.7038913193644896,-0.09047726758652659,BEARISH_DAILY_STRUCTURE_DOUBLE_TOP,-0.09055920307900776,0.06791940230926226,-0.11319900384876615
2005-05-16,00:00:00,419.8,420.2,418.6,418.6,91,422.1,418.2,18.69918699186971,418.2,426.2,0.0956480153036906,-0.8291873963515755,0.0956480153036906,-1.7832003754105974,BULLISH_DAILY_STRUCTURE_DOUBLE_BOTTOM,-0.0716674629718135,-0.143334925943627,0.21500238891542695
2005-05-16,04:00:00,418.7,419.2,418.2,418.3,142,422.1,418.2,15.573770491803174,418.2,426.0,0.02391200382592605,-0.9002606017531417,0.02391200382592605,-1.8075117370891993,BULLISH_DAILY_STRUCTURE_DOUBLE_BOTTOM,0.11953143676786994,0.11953143676786994,0.47812574707147976
2005-05-16,12:00:00,419.0,419.7,417.7,418.0,374,422.1,418.2,19.199999999999903,417.8,422.1,-0.04782400765183851,-0.9713338071547081,0.04786979415988239,-0.9713338071547081,BULLISH_DAILY_STRUCTURE_DOUBLE_BOTTOM,0.19138755980861516,0.3588516746411483,0.3588516746411483
2005-06-20,04:00:00,438.1,438.8,437.8,438.5,95,438.8,435.0,85.91549295774647,430.3,438.8,0.8045977011494253,-0.06836827711941917,1.9056472228677641,-0.06836827711941917,BEARISH_DAILY_STRUCTURE_DOUBLE_TOP,0.29646522234891937,-0.27366020524515133,-0.7297605473204078
2005-06-29,00:00:00,434.8,435.6,434.8,435.1,32,439.6,434.8,19.696969696969276,434.8,439.8,0.0689972401103982,-1.0236578707916288,0.0689972401103982,-1.0686675761709843,BULLISH_DAILY_STRUCTURE_DOUBLE_BOTTOM,-0.06894966674328001,-0.06894966674328001,0.344748333716387
2005-06-29,04:00:00,435.0,435.1,434.6,434.8,35,439.6,434.8,16.417910447760846,434.8,439.8,0.0,-1.0919017288444066,0.0,-1.1368804001819008,BULLISH_DAILY_STRUCTURE_DOUBLE_BOTTOM,-0.022999080036803756,0.45998160073597055,0.5289788408463687
2005-06-29,08:00:00,434.6,434.8,433.5,434.7,95,439.6,434.8,16.176470588234906,434.6,439.8,-0.022999080036803756,-1.1146496815286702,0.02300966405889689,-1.159618008185544,BULLISH_DAILY_STRUCTURE_DOUBLE_BOTTOM,0.023004370830463017,0.4830917874396188,0.4830917874396188
2005-07-04,00:00:00,427.2,427.6,426.1,426.3,56,436.2,426.3,13.793103448275858,426.3,438.3,0.0,-2.2696011004126495,0.0,-2.737850787132101,BULLISH_DAILY_STRUCTURE_DOUBLE_BOTTOM,0.0,0.04691531785127577,-0.7506450856204524
2005-07-04,04:00:00,426.3,426.6,425.8,426.3,56,436.2,426.3,13.793103448275858,426.1,438.3,0.0,-2.2696011004126495,0.04693733865289571,-2.737850787132101,BULLISH_DAILY_STRUCTURE_DOUBLE_BOTTOM,0.04691531785127577,-0.46915317851278443,-0.774102744546097
2005-07-22,00:00:00,425.3,426.3,425.3,425.6,41,425.3,422.5,83.90804597701174,420.0,425.3,0.7337278106508929,0.07053844345168384,1.3333333333333388,0.07053844345168384,BEARISH_DAILY_STRUCTURE_DOUBLE_TOP,0.046992481203004845,-0.32894736842106065,-0.18796992481203273
2005-09-16,04:00:00,454.6,455.8,453.8,455.6,91,455.3,448.1,82.00000000000009,447.1,455.3,1.673733541620174,0.06589062156819929,1.9011406844106464,0.06589062156819929,BEARISH_DAILY_STRUCTURE_DOUBLE_TOP,0.3731343283582064,0.5487269534679543,0.7901668129938467
2005-09-19,00:00:00,458.8,459.6,458.8,459.6,6,459.8,453.8,81.76470588235307,448.1,459.8,1.2780960775672126,-0.04349717268377308,2.5663914304842668,-0.04349717268377308,BEARISH_DAILY_STRUCTURE_DOUBLE_TOP,-0.08703220191471586,0.892080069625754,1.2402088772845927
2005-09-30,08:00:00,472.7,473.8,472.1,473.3,103,473.3,467.8,85.53459119496851,462.7,473.3,1.1757161179991449,0.0,2.290901231899724,0.0,BEARISH_DAILY_STRUCTURE_DOUBLE_TOP,-0.04225649693640157,-0.9507711810690893,-2.0071836044791884
2005-09-30,12:00:00,473.3,474.1,472.3,473.1,202,473.3,467.8,83.87096774193549,467.8,473.8,1.1329628046173603,-0.04225649693640157,1.1329628046173603,-0.14774166314900564,BEARISH_DAILY_STRUCTURE_DOUBLE_TOP,-0.972310293806811,-1.3950538998097701,-1.225956457408584
2005-11-10,12:00:00,466.3,467.3,466.2,467.2,74,467.6,459.6,87.6811594202899,459.6,467.6,1.6536118363794527,-0.08554319931566169,1.6536118363794527,-0.08554319931566169,BEARISH_DAILY_STRUCTURE_DOUBLE_TOP,-0.14982876712328524,-0.34246575342465024,-0.2996575342465705
2005-12-23,08:00:00,503.5,504.3,502.0,503.7,66,504.2,493.2,83.5897435897434,489.3,504.3,2.128953771289538,-0.09916699722332409,2.942979767014097,-0.11897679952409732,BEARISH_DAILY_STRUCTURE_DOUBLE_TOP,-0.21838395870557195,-0.2779432201707321,0.4764740917212695
2005-12-27,08:00:00,505.8,506.3,505.7,506.2,11,505.8,499.7,80.18018018018023,493.2,505.8,1.3007804682809687,0.07908264136021693,2.6358475263584755,0.07908264136021693,BEARISH_DAILY_STRUCTURE_DOUBLE_TOP,0.1185302252074324,0.2765705254840052,0.4148557882260021
2006-01-04,00:00:00,533.0,535.2,532.6,533.2,154,533.1,518.5,85.19855595667865,512.5,533.1,2.8351012536162092,0.01875820671544227,4.039024390243911,0.01875820671544227,BEARISH_DAILY_STRUCTURE_DOUBLE_TOP,-0.037509377344344605,-0.0937734433608402,-0.0937734433608402
2006-02-08,12:00:00,548.2,549.0,545.5,546.0,157,571.2,546.2,11.180124223602533,546.2,571.6,-0.03661662394728039,-4.411764705882361,-0.03661662394728039,-4.47865640307908,BULLISH_DAILY_STRUCTURE_DOUBLE_BOTTOM,1.0256410256410298,2.1062271062271063,1.959706959706968
2006-04-18,00:00:00,613.2,615.0,613.0,614.6,51,615.2,603.2,80.86419753086412,590.2,615.2,1.889920424403179,-0.09752925877763698,4.134191799390033,-0.09752925877763698,BEARISH_DAILY_STRUCTURE_DOUBLE_TOP,0.48812235600390497,-0.06508298080051696,1.399284087211198
2006-06-14,00:00:00,561.6,566.5,559.1,560.0,146,604.6,560.5,6.194690265486727,560.5,611.2,-0.08920606601248886,-7.3767780350645085,-0.08920606601248886,-8.376963350785347,BULLISH_DAILY_STRUCTURE_DOUBLE_BOTTOM,-1.7857142857142856,0.6607142857142938,-0.4285714285714245
2006-09-01,00:00:00,626.5,627.2,624.6,627.0,67,627.1,618.1,88.62559241706167,612.2,627.1,1.4398964568839956,-0.015946420028707182,2.417510617445272,-0.015946420028707182,BEARISH_DAILY_STRUCTURE_DOUBLE_TOP,-0.07974481658692185,-0.6858054226475206,1.4673046251993693
2006-09-01,04:00:00,627.2,627.5,626.2,626.5,76,627.1,618.1,83.97790055248623,612.2,627.2,1.3590033975084899,-0.09567852017222496,2.3358379614504985,-0.1116071428571501,BEARISH_DAILY_STRUCTURE_DOUBLE_TOP,-0.287310454908213,-0.287310454908213,1.867517956903439
2006-09-06,04:00:00,638.3,639.7,638.1,639.7,103,640.2,627.2,82.51748251748253,619.7,640.2,1.992984693877551,-0.07810059356451109,3.2273680813296757,-0.07810059356451109,BEARISH_DAILY_STRUCTURE_DOUBLE_TOP,-0.5471314678755665,-0.7816163826793809,-0.9379396592152571
2006-09-08,08:00:00,618.2,618.7,613.7,614.5,169,635.7,614.0,11.356466876971666,614.0,638.7,0.08143322475570033,-3.3349064023910717,0.08143322475570033,-3.7889462971661256,BULLISH_DAILY_STRUCTURE_DOUBLE_BOTTOM,-1.204231082180631,-0.6997558991049561,-3.075671277461347
2006-10-16,00:00:00,592.7,593.2,590.1,590.2,132,589.7,576.7,87.23404255319149,570.7,589.7,2.34090514999133,0.08478887569950821,3.416856492027335,0.08478887569950821,BEARISH_DAILY_STRUCTURE_DOUBLE_TOP,0.08471704506946796,0.42358522534733983,1.1521518129447568
2006-10-24,04:00:00,581.2,581.5,579.7,579.7,87,592.6,579.2,8.695652173913047,579.2,600.2,0.08632596685082873,-2.1768477894026286,0.08632596685082873,-3.4155281572809058,BULLISH_DAILY_STRUCTURE_DOUBLE_BOTTOM,-0.43125754700707264,0.43125754700707264,0.7590132827324438
2006-11-03,16:00:00,624.7,626.2,617.1,626.2,1148,625.6,613.7,85.2272727272728,613.7,627.0,2.0368258106566723,0.09590792838875044,2.0368258106566723,-0.1275917065390677,BEARISH_DAILY_STRUCTURE_DOUBLE_TOP,0.11178537208558476,0.28744809964866724,0.04790801660810516
2006-11-06,00:00:00,628.2,629.3,627.6,628.4,50,629.0,617.1,82.27272727272728,613.7,629.0,1.8311456814130538,-0.09538950715421665,2.3953071533322357,-0.09538950715421665,BEARISH_DAILY_STRUCTURE_DOUBLE_TOP,-0.06365372374283534,-0.8274984086568956,-0.7479312539783469
2006-12-07,16:00:00,629.7,632.2,624.5,627.5,1402,643.7,627.2,17.241379310344797,626.7,643.7,0.04783163265305397,-2.5167003262389382,0.12765278442635303,-2.5167003262389382,BULLISH_DAILY_STRUCTURE_DOUBLE_BOTTOM,0.6374501992031872,0.796812749003984,0.33466135458167695
2006-12-18,16:00:00,615.7,617.2,611.1,613.6,1217,628.7,614.1,18.803418803418722,614.1,628.7,-0.08141996417521577,-2.4017814537935456,-0.08141996417521577,-2.4017814537935456,BULLISH_DAILY_STRUCTURE_DOUBLE_BOTTOM,0.26075619295958646,0.3422425032594561,1.2059973924380667
2007-01-03,00:00:00,639.6,640.2,639.5,640.1,34,640.7,636.6,87.28323699421993,631.6,640.7,0.5497957901350926,-0.09364757296707081,1.3457884737175427,-0.09364757296707081,BEARISH_DAILY_STRUCTURE_DOUBLE_TOP,-0.09373535385096433,-0.9998437744102449,-1.96844243087018
2007-01-15,12:00:00,625.6,627.2,625.1,627.1,163,627.2,609.2,82.1678321678321,609.2,627.2,2.938279711096516,-0.015943877551024034,2.938279711096516,-0.015943877551024034,BEARISH_DAILY_STRUCTURE_DOUBLE_TOP,-0.1435177802583284,-0.22324988040184615,-0.3029819805453639
2007-03-08,04:00:00,648.8,652.7,648.7,651.8,568,651.2,642.3,85.77405857740587,640.6,651.2,1.4790596294566405,0.09213759213757816,1.7483609116453218,0.09213759213757816,BEARISH_DAILY_STRUCTURE_DOUBLE_TOP,-0.015342129487558922,-0.015342129487558922,-0.015342129487558922
2007-05-07,12:00:00,688.8,690.4,688.3,689.8,576,690.2,679.9,92.50000000000048,679.9,690.2,1.4560964847771698,-0.057954216169239486,1.4560964847771698,-0.057954216169239486,BEARISH_DAILY_STRUCTURE_DOUBLE_TOP,-0.1304726007538384,-0.43490866917947235,-0.8118295158016686
2007-06-04,16:00:00,669.4,673.6,668.9,671.6,1147,671.3,660.0,84.11214953271,660.0,672.0,1.757575757575761,0.04468940861016956,1.757575757575761,-0.059523809523806134,BEARISH_DAILY_STRUCTURE_DOUBLE_TOP,-0.14889815366289458,-0.13400833829660175,-0.29779630732578916
2007-07-10,16:00:00,660.6,664.6,659.8,662.8,1728,662.9,653.3,82.75862068965544,653.3,663.2,1.454155824276749,-0.01508523155830785,1.454155824276749,-0.060313630880592724,BEARISH_DAILY_STRUCTURE_DOUBLE_TOP,-0.030175015087497255,0.16596258298129493,-0.18105009052503498
2007-09-06,04:00:00,682.0,683.6,682.0,682.9,334,682.6,678.0,84.51612903225708,672.3,682.9,0.7227138643067813,0.043949604453553254,1.5766770786851143,0.0,BEARISH_DAILY_STRUCTURE_DOUBLE_TOP,0.0878605945233596,1.9036462146727193,1.508273539317626
2007-10-01,04:00:00,743.4,745.2,743.2,745.2,333,745.4,733.0,87.11111111111083,728.5,745.4,1.664392905866309,-0.026831231553519155,2.292381606039814,-0.026831231553519155,BEARISH_DAILY_STRUCTURE_DOUBLE_TOP,-0.026838432635540182,0.18786902844873551,-0.8588298443371029
2007-10-01,08:00:00,745.3,746.2,743.6,745.0,755,745.4,733.0,90.74074074074032,729.3,745.4,1.6371077762619373,-0.05366246310705357,2.1527492115727473,-0.05366246310705357,BEARISH_DAILY_STRUCTURE_DOUBLE_TOP,-0.37583892617449055,0.22818791946309336,-1.3154362416107321
2007-11-13,00:00:00,797.4,797.5,790.5,797.4,1410,831.2,796.8,15.640599001663972,796.8,836.4,0.07530120481927996,-4.066410009624647,0.07530120481927996,-4.66284074605452,BULLISH_DAILY_STRUCTURE_DOUBLE_BOTTOM,0.9029345372460553,0.7649862051667949,0.6897416603962879
2007-12-28,00:00:00,823.7,825.0,823.6,823.8,93,824.4,822.6,85.5384615384614,807.9,824.8,0.14587892049598003,-0.07278020378457335,1.9680653546230942,-0.12124151309408343,BEARISH_DAILY_STRUCTURE_DOUBLE_TOP,0.2670551104637103,0.8497208060208788,2.002913328477786
2008-01-03,08:00:00,855.8,862.8,855.6,861.7,1172,861.0,839.5,81.09965635738833,828.5,861.0,2.644431209053013,0.08130081300813537,4.007242003621007,0.08130081300813537,BEARISH_DAILY_STRUCTURE_DOUBLE_TOP,0.2669142392944127,0.3597539747011615,-0.034814900777540694
2008-02-28,16:00:00,959.4,967.0,956.5,965.4,3667,964.7,947.3,83.24225865209466,947.3,964.7,1.910693550089731,0.07256141805742011,1.910693550089731,0.07256141805742011,BEARISH_DAILY_STRUCTURE_DOUBLE_TOP,0.6111456391133185,0.7665216490573832,0.7147296457426949
2008-04-25,08:00:00,889.1,890.5,877.5,882.8,958,906.4,882.8,14.176245210727913,882.8,907.5,0.0,-2.603706972639014,0.0,-2.7217630853994543,BULLISH_DAILY_STRUCTURE_DOUBLE_BOTTOM,0.8269143633892239,0.33982782057091077,1.0194834617127324
2008-05-14,08:00:00,866.0,869.0,859.6,860.9,1098,885.2,860.5,15.750000000000114,860.5,887.7,0.04648460197559294,-2.745142340713971,0.04648460197559294,-3.0190379632758892,BULLISH_DAILY_STRUCTURE_DOUBLE_BOTTOM,0.9524915785805604,0.3368567777906815,0.5227087931234754
2008-05-19,00:00:00,905.1,905.6,903.7,904.4,359,904.4,879.8,89.9159663865545,862.6,904.4,2.796090020459198,0.0,4.845814977973563,0.0,BEARISH_DAILY_STRUCTURE_DOUBLE_TOP,0.11057054400707653,0.4865103936311342,-0.11057054400707653
2008-09-11,00:00:00,752.0,754.7,749.0,751.9,943,783.4,751.3,18.668407310704936,751.3,804.6,0.0798615732729965,-4.020934388562676,0.0798615732729965,-6.549838429033065,BULLISH_DAILY_STRUCTURE_DOUBLE_BOTTOM,0.4654874318393403,-0.638382763665375,-0.26599281819390874
2008-10-17,12:00:00,803.1,803.5,778.4,784.8,2437,849.9,785.1,14.14868105515582,785.1,849.9,-0.038211692777998754,-7.659724673491001,-0.038211692777998754,-7.659724673491001,BULLISH_DAILY_STRUCTURE_DOUBLE_BOTTOM,0.43323139653416043,1.7456676860346645,1.1850152905198865
2008-10-23,00:00:00,729.2,729.6,719.3,720.2,906,775.9,720.2,13.617463617463542,720.2,798.5,0.0,-7.178760149503793,0.0,-9.80588603631809,BULLISH_DAILY_STRUCTURE_DOUBLE_BOTTOM,0.5970563732296521,-1.6384337683976766,0.6387114690363661
2008-12-11,08:00:00,804.0,818.7,804.0,813.2,1624,812.9,774.5,80.63540090771562,762.5,812.9,4.996772111039386,0.036904908352819316,6.649180327868859,0.036904908352819316,BEARISH_DAILY_STRUCTURE_DOUBLE_TOP,2.336448598130841,0.6640432857845521,0.5287752090506584
2009-03-04,20:00:00,909.8,911.4,899.5,905.2,6491,932.0,905.0,18.922852983988264,905.0,932.0,0.02209944751381718,-2.8755364806866903,0.02209944751381718,-2.8755364806866903,BULLISH_DAILY_STRUCTURE_DOUBLE_BOTTOM,0.37560760053026704,0.7512152010605341,3.258948298718515
2009-05-22,12:00:00,951.84,959.36,951.23,955.63,5957,955.88,935.73,84.68229040831133,934.68,955.88,2.1266818419843307,-0.02615391053270285,2.2414088244104984,-0.02615391053270285,BEARISH_DAILY_STRUCTURE_DOUBLE_TOP,0.18417169825141433,0.08580726850350555,-0.03662505362954519
2009-07-29,12:00:00,935.16,937.91,933.29,933.44,7825,956.48,934.14,17.66304347826093,932.83,956.48,-0.07493523454727684,-2.4088323854131777,0.06539240804862768,-2.4088323854131777,BULLISH_DAILY_STRUCTURE_DOUBLE_BOTTOM,-0.4842303736715906,-0.3920980459376159,0.0
2010-03-17,00:00:00,1127.31,1127.65,1124.85,1127.43,1376,1128.43,1108.07,93.75419744795198,1101.24,1128.43,1.7471820372359264,-0.08861870031814113,2.378228179143516,-0.08861870031814113,BEARISH_DAILY_STRUCTURE_DOUBLE_TOP,0.007095784217195501,-0.17473368634860056,-0.5020267333670455
2010-03-17,04:00:00,1127.45,1128.84,1126.48,1127.51,4649,1128.43,1108.07,93.7457969065235,1101.24,1128.43,1.7544017977203656,-0.08152920429269629,2.385492717300496,-0.08152920429269629,BEARISH_DAILY_STRUCTURE_DOUBLE_TOP,0.15077471596704645,-0.27582903921028634,-0.4088655532988532
2010-03-17,08:00:00,1127.58,1132.76,1126.5,1129.21,7087,1128.43,1108.07,93.76466644317833,1101.24,1128.84,1.9078217080148459,0.06912258624814765,2.5398641531364667,0.03277701002800382,BEARISH_DAILY_STRUCTURE_DOUBLE_TOP,-0.33209057659779845,-0.8041019828021295,-0.6570965542281837
2010-05-21,04:00:00,1182.01,1183.68,1166.34,1175.16,14656,1197.85,1175.01,17.67538721853441,1175.01,1215.21,0.012765848801294537,-1.8942271569895923,0.012765848801294537,-3.295726664527115,BULLISH_DAILY_STRUCTURE_DOUBLE_BOTTOM,0.0502059294053506,0.16423295551242692,0.9573164505258858
2010-08-02,00:00:00,1181.13,1183.15,1179.35,1182.53,1229,1183.28,1165.56,83.24142156862789,1159.37,1183.28,1.4559525035176248,-0.06338313839496991,1.997636647489592,-0.06338313839496991,BEARISH_DAILY_STRUCTURE_DOUBLE_TOP,0.046510447937892024,-0.19449823683119705,0.10993378603502277
2010-08-02,04:00:00,1182.51,1183.83,1181.0,1183.08,3268,1183.28,1165.56,82.36621534493912,1159.37,1183.28,1.503140121486666,-0.016902170238662487,2.0450762051804032,-0.016902170238662487,BEARISH_DAILY_STRUCTURE_DOUBLE_TOP,-0.16735977279643122,-0.057477093687648875,-0.10988267910876312
2010-08-16,00:00:00,1214.7,1218.1,1214.05,1216.73,724,1217.38,1210.7,82.67182962245813,1198.55,1217.38,0.4980589741471853,-0.05339335293828475,1.516832839681287,-0.05339335293828475,BEARISH_DAILY_STRUCTURE_DOUBLE_TOP,0.12739062898095344,0.7331125229097724,0.621337519416793
2010-08-16,04:00:00,1216.7,1219.48,1216.6,1218.28,1694,1217.38,1210.7,82.77189605389728,1199.65,1218.1,0.6260840835880009,0.07392925791452656,1.5529529446088342,0.014777111895580305,BEARISH_DAILY_STRUCTURE_DOUBLE_TOP,0.3587024329382505,0.41205634172768013,0.4695143973470818
2010-09-16,12:00:00,1268.93,1277.57,1268.83,1272.73,7061,1271.75,1263.13,81.05590062111774,1263.13,1272.85,0.7600167837039662,0.07705917043444216,0.7600167837039662,-0.009427662332552215,BEARISH_DAILY_STRUCTURE_DOUBLE_TOP,-0.034571354489958954,0.054999882143113264,0.4007134270426492
2010-10-06,00:00:00,1340.35,1343.97,1338.75,1342.03,3326,1341.4,1312.55,83.02865612648202,1312.27,1341.4,2.246009675821875,0.0469658565677562,2.267825980933801,0.0469658565677562,BEARISH_DAILY_STRUCTURE_DOUBLE_TOP,0.4277102598302578,0.1542439438760636,-0.9306796420348284
2010-11-01,00:00:00,1361.2,1362.0,1357.0,1358.3,1176,1359.3,1334.99,84.05221339387052,1322.76,1359.3,1.746080494984977,-0.07356727727506805,2.6868063745501805,-0.07356727727506805,BEARISH_DAILY_STRUCTURE_DOUBLE_TOP,0.21718324376058645,0.11264080100124955,-0.3901936243834171
2010-12-21,08:00:00,1386.16,1389.43,1385.06,1387.04,11813,1387.95,1375.92,80.86956521739134,1364.63,1387.95,0.8081865224722288,-0.06556432148132726,1.6422033811362677,-0.06556432148132726,BEARISH_DAILY_STRUCTURE_DOUBLE_TOP,-0.07497981312723236,-0.1211212365901534,0.08795708847618146
2010-12-29,00:00:00,1405.05,1405.8,1404.4,1405.3,500,1406.18,1382.56,85.04584255453672,1377.8,1406.18,1.6447749103113072,-0.06258089291556622,1.9959355494266222,-0.06258089291556622,BEARISH_DAILY_STRUCTURE_DOUBLE_TOP,-0.015655020280369122,-0.046253469010166054,0.42339713940084295
2010-12-29,04:00:00,1402.4,1405.08,1401.97,1405.08,3052,1406.18,1382.56,85.12658227848083,1377.8,1406.18,1.6288624001851624,-0.07822611614445778,1.9799680650312073,-0.07822611614445778,BEARISH_DAILY_STRUCTURE_DOUBLE_TOP,-0.052666040367808885,0.4369857944031728,0.523813590685237
2010-12-30,04:00:00,1410.72,1413.22,1410.71,1412.44,3047,1413.63,1400.9,93.50989522700812,1389.75,1413.63,0.8237561567563683,-0.0841804432560185,1.6326677459974854,-0.0841804432560185,BEARISH_DAILY_STRUCTURE_DOUBLE_TOP,0.07433944096740071,-0.6754269207895531,-0.29948174789725707
2010-12-30,08:00:00,1411.9,1414.48,1411.2,1413.49,4768,1413.63,1400.9,93.56607039815346,1395.46,1413.63,0.8987079734456362,-0.009903581559538212,1.2920470669170003,-0.009903581559538212,BEARISH_DAILY_STRUCTURE_DOUBLE_TOP,-0.14220121826118268,-0.6770475914226445,-0.37920324869648175
2011-01-21,16:00:00,1345.0,1346.33,1337.61,1342.68,23940,1370.9,1343.32,17.48741518931901,1340.73,1370.9,-0.047643152785626114,-2.0585017142023507,0.14544315410261913,-2.0585017142023507,BULLISH_DAILY_STRUCTURE_DOUBLE_BOTTOM,-0.024577710251151026,0.710519259987485,0.18544999553132607
2011-02-16,08:00:00,1372.75,1377.69,1372.53,1377.02,5531,1376.3,1360.98,84.2814863531728,1356.2,1376.3,1.178562506429188,0.052314175688442,1.5351718035687905,0.052314175688442,BEARISH_DAILY_STRUCTURE_DOUBLE_TOP,-0.17574181929093788,-0.18590870139866855,0.13652670258965804
2011-02-18,08:00:00,1384.72,1388.2,1383.45,1386.08,7525,1384.74,1374.09,80.28340080971634,1368.05,1385.13,0.8725774876463702,0.09676906856160132,1.3179342860275556,0.06858562012228586,BEARISH_DAILY_STRUCTURE_DOUBLE_TOP,-0.17315017892184173,0.2676613182500315,0.8607006810573751
2011-02-21,00:00:00,1391.4,1392.67,1390.63,1392.38,724,1391.65,1381.68,80.85274378207689,1376.04,1391.65,0.774419547217883,0.05245571803255259,1.1874654806546427,0.05245571803255259,BEARISH_DAILY_STRUCTURE_DOUBLE_TOP,0.14651172812019445,0.5781467702782254,1.2245220413967417
2011-02-22,00:00:00,1405.83,1410.78,1405.83,1409.43,3289,1408.26,1390.63,88.0660780404447,1381.68,1408.26,1.3519052515766203,0.083081249201147,2.0084245266631924,0.083081249201147,BEARISH_DAILY_STRUCTURE_DOUBLE_TOP,-0.4959451693237698,-0.7002830931653304,-0.9443533910871892
2011-04-06,12:00:00,1455.1,1460.75,1454.8,1458.05,4491,1456.95,1429.75,80.90010976948427,1429.75,1458.75,1.9793670222066764,0.07550018875046563,1.9793670222066764,-0.04798628963153696,BEARISH_DAILY_STRUCTURE_DOUBLE_TOP,-0.13716950721854532,-0.16803264634272114,-0.12002331881622716
2011-04-29,12:00:00,1533.5,1540.25,1532.9,1537.11,2860,1538.2,1523.78,86.12672457843668,1511.7,1538.2,0.874798199215105,-0.0708620465479226,1.6808890652907225,-0.0708620465479226,BEARISH_DAILY_STRUCTURE_DOUBLE_TOP,0.7442538269870117,0.5360709383193141,1.053275302353121
2011-05-25,12:00:00,1525.3,1528.4,1522.7,1527.15,4797,1527.5,1513.05,88.12392426850188,1511.2,1527.5,0.9318925349459791,-0.022913256955804193,1.055452620434095,-0.022913256955804193,BEARISH_DAILY_STRUCTURE_DOUBLE_TOP,0.1604295583275918,-0.10804439642471866,-0.4485479487935131
2011-05-30,20:00:00,1538.2,1539.0,1537.73,1537.95,275,1538.15,1519.1,83.85116992711866,1522.4,1538.6,1.2408663024159132,-0.013002633033192178,1.0214135575407222,-0.042246197842185335,BEARISH_DAILY_STRUCTURE_DOUBLE_TOP,0.029259728859848854,0.07477486264181953,-0.17880945414350272
2011-05-31,00:00:00,1538.4,1538.6,1537.0,1538.4,415,1539.0,1534.05,86.40588690937206,1522.4,1539.0,0.2835631172386908,-0.03898635477582255,1.0509721492380453,-0.03898635477582255,BEARISH_DAILY_STRUCTURE_DOUBLE_TOP,-0.11050442017681002,-0.1755070202808142,-0.2125585023400924
2011-06-21,20:00:00,1543.6,1547.05,1543.1,1546.74,5176,1546.68,1532.84,83.05695746214782,1532.84,1547.95,0.9068134965162764,0.0038792769027817925,0.9068134965162764,-0.07816789947995971,BEARISH_DAILY_STRUCTURE_DOUBLE_TOP,-0.09503859730788802,-0.015516505682920794,0.18102589963406612
2011-06-30,04:00:00,1510.35,1513.97,1509.28,1512.98,8498,1512.73,1499.99,81.7721518987337,1495.63,1512.73,0.866005773371823,0.01652641251247744,1.1600462681278063,0.01652641251247744,BEARISH_DAILY_STRUCTURE_DOUBLE_TOP,-0.2974262713320731,-0.43424235614482254,-0.83345450699944
2011-09-26,04:00:00,1649.7,1663.46,1629.45,1630.32,12591,1755.09,1628.82,4.787832159555023,1628.82,1773.98,0.09209120713154309,-7.109037143394355,0.09209120713154309,-8.098174725757906,BULLISH_DAILY_STRUCTURE_DOUBLE_BOTTOM,-2.0204622405417236,-1.7168408655969385,0.8164041415182401
2011-10-27,04:00:00,1716.52,1728.1,1716.49,1725.03,7182,1726.46,1694.73,82.42358078602624,1648.68,1726.46,1.787895416969072,-0.08282844664805808,4.630977509280146,-0.08282844664805808,BEARISH_DAILY_STRUCTURE_DOUBLE_TOP,-0.263763528750222,0.12985281415395727,1.0985316197399493
2011-12-29,00:00:00,1556.79,1561.0,1549.55,1555.35,4589,1593.95,1554.25,10.597536870913515,1554.25,1600.64,0.07077368505709565,-2.4216568901157585,0.07077368505709565,-2.829493202718924,BULLISH_DAILY_STRUCTURE_DOUBLE_BOTTOM,0.09258366284116468,-2.041984119330054,-0.40183881441476194
2012-01-04,00:00:00,1604.58,1606.57,1602.43,1605.72,3420,1607.27,1566.07,90.28451698279649,1552.35,1607.27,2.5318153083834116,-0.09643681522083748,3.4380133346217105,-0.09643681522083748,BEARISH_DAILY_STRUCTURE_DOUBLE_TOP,-0.46334354682012147,-0.4110305657275326,0.3313155469197579
2012-02-22,00:00:00,1755.93,1760.1,1754.87,1757.25,3442,1757.58,1730.76,83.81222177256174,1728.47,1757.58,1.5305414962213137,-0.0187758167480244,1.6650563793412656,-0.0187758167480244,BEARISH_DAILY_STRUCTURE_DOUBLE_TOP,-0.07113387395077536,-0.23047375160050956,1.039123630672926
2012-02-22,08:00:00,1756.01,1759.42,1754.3,1758.51,4762,1757.58,1730.76,80.05293551491826,1730.76,1760.1,1.6033418844900509,0.052913665380811326,1.6033418844900509,-0.0903357763763376,BEARISH_DAILY_STRUCTURE_DOUBLE_TOP,-0.30196018219970006,1.1083246612188733,0.841052936861318
2012-03-27,00:00:00,1688.75,1693.5,1687.86,1689.07,4244,1689.5,1655.47,83.56718834322714,1642.06,1689.5,2.0296350885247034,-0.025451316957683552,2.862867373908383,-0.025451316957683552,BEARISH_DAILY_STRUCTURE_DOUBLE_TOP,-0.10183118520842992,0.258722255442351,-0.5150763437868202
2012-05-03,08:00:00,1648.65,1649.2,1642.49,1645.78,20317,1663.0,1646.91,18.096107055961156,1646.91,1671.45,-0.06861334256274533,-1.0354780517137718,-0.06861334256274533,-1.5357922761674039,BULLISH_DAILY_STRUCTURE_DOUBLE_BOTTOM,0.005468531638488628,-0.5328780274398754,-0.895016344833454
2012-05-04,08:00:00,1636.41,1636.67,1630.03,1631.05,15833,1654.2,1631.06,13.717740060451192,1631.06,1659.7,-0.0006130982305979489,-1.399468020795556,-0.0006130982305979489,-1.726215581129125,BULLISH_DAILY_STRUCTURE_DOUBLE_BOTTOM,0.017166855706445095,0.6204592133901548,0.42917139266116916
2012-05-04,12:00:00,1631.03,1633.46,1626.43,1631.33,26099,1654.2,1631.06,15.217926619059455,1630.03,1655.64,0.01655365222615856,-1.382541409744899,0.0797531333779105,-1.4683143678577573,BULLISH_DAILY_STRUCTURE_DOUBLE_BOTTOM,0.4297107268302546,0.46465154199335235,0.44319665548969356
2012-05-16,00:00:00,1542.21,1545.34,1542.2,1542.83,6618,1564.12,1541.39,18.714918759231935,1541.39,1581.95,0.09342217089768501,-1.3611487609646298,0.09342217089768501,-2.4728973734947446,BULLISH_DAILY_STRUCTURE_DOUBLE_BOTTOM,-0.6351963599359589,-0.2514859057705568,0.003888957305741579
2012-05-21,04:00:00,1594.07,1598.41,1591.83,1597.89,17427,1597.59,1567.94,92.31214709714789,1545.55,1597.59,1.910149623072314,0.018778284791478535,3.386496716379292,0.018778284791478535,BEARISH_DAILY_STRUCTURE_DOUBLE_TOP,-0.19025089336563786,-0.4155480039301892,-0.49252451670641395
2012-08-07,08:00:00,1611.89,1615.08,1609.22,1614.67,15228,1615.33,1600.74,89.07407407407422,1585.58,1615.33,0.8702225220835403,-0.04085852426438279,1.834659872097286,-0.04085852426438279,BEARISH_DAILY_STRUCTURE_DOUBLE_TOP,-0.06564808908322894,-0.2254330606253971,-0.44219561891904224
2012-08-22,08:00:00,1637.6,1640.68,1637.45,1640.05,11333,1641.22,1618.43,82.51629356758278,1609.75,1641.22,1.3358625334428977,-0.07128843177636593,1.882279857120668,-0.07128843177636593,BEARISH_DAILY_STRUCTURE_DOUBLE_TOP,-0.05548611322824636,0.8688759489039969,1.402396268406451
2012-08-23,00:00:00,1654.28,1655.41,1652.27,1655.41,3392,1655.63,1634.22,92.05110007097255,1620.64,1655.63,1.2966430468358028,-0.01328799309024524,2.1454487116200993,-0.01328799309024524,BEARISH_DAILY_STRUCTURE_DOUBLE_TOP,0.47239052560996586,0.19088926610325263,0.7846998628738505
2012-09-04,00:00:00,1692.83,1692.85,1690.23,1692.44,2025,1692.3,1685.35,83.47312237895562,1645.91,1692.78,0.4206841308927015,0.008272764876209895,2.8270075520532694,-0.020085303465300755,BEARISH_DAILY_STRUCTURE_DOUBLE_TOP,0.21211977972630747,0.014180709508166262,0.012408120819647159
2012-09-14,04:00:00,1768.01,1775.13,1766.86,1773.25,16620,1772.66,1715.46,80.04667444574092,1715.46,1772.66,3.3687757219637864,0.033283314341154994,3.3687757219637864,0.033283314341154994,BEARISH_DAILY_STRUCTURE_DOUBLE_TOP,-0.06767235302411083,0.047934583392071566,0.05864937262089179
2012-10-05,04:00:00,1792.35,1795.87,1791.44,1793.91,12854,1795.1,1776.97,87.64000000000033,1773.29,1795.1,0.9533081593949281,-0.06629157150018536,1.1628103694263272,-0.06629157150018536,BEARISH_DAILY_STRUCTURE_DOUBLE_TOP,-0.1332285343188956,-0.6321387360570009,-1.225256562480839
2012-10-22,00:00:00,1718.34,1719.22,1713.41,1714.56,4861,1743.3,1715.52,14.800686629792366,1715.52,1751.4,-0.05595970900951527,-1.6485974875236626,-0.05595970900951527,-2.103460089071608,BULLISH_DAILY_STRUCTURE_DOUBLE_BOTTOM,0.520833333333337,0.6048198954833962,0.7972891004106052
2012-11-05,08:00:00,1679.09,1680.93,1675.55,1675.81,16355,1716.82,1674.43,18.927267621454675,1674.43,1726.98,0.08241610577927305,-2.3887186775550138,0.08241610577927305,-2.962975830640776,BULLISH_DAILY_STRUCTURE_DOUBLE_BOTTOM,0.2977664532375394,0.4714138237628425,0.562712956719441
2012-11-07,04:00:00,1711.21,1723.1,1705.78,1721.6,29276,1720.84,1683.43,84.06847624922891,1672.63,1720.84,2.267394545659745,0.04416447781316049,2.927724601376264,0.04416447781316049,BEARISH_DAILY_STRUCTURE_DOUBLE_TOP,0.2764869888475831,-0.9572490706319714,-0.29449349442378814
2013-02-12,04:00:00,1648.57,1648.68,1642.52,1644.84,13942,1669.54,1643.77,7.360570687418843,1643.77,1673.64,0.06509426501274122,-1.4794494291840894,0.06509426501274122,-1.7208001720800281,BULLISH_DAILY_STRUCTURE_DOUBLE_BOTTOM,-0.01459108484715894,0.30884462926486195,0.4286131173852886
2013-02-12,08:00:00,1644.89,1647.44,1643.06,1644.6,16769,1669.54,1643.77,7.320219284101853,1642.52,1673.49,0.05049368220614364,-1.4938246463097653,0.12663468329152322,-1.7263323951741631,BULLISH_DAILY_STRUCTURE_DOUBLE_BOTTOM,0.13133892739876457,0.3861121245287691,0.24261218533382034
2013-07-02,08:00:00,1258.64,1267.47,1256.28,1262.95,31410,1261.74,1225.05,83.81008206330603,1186.75,1261.74,3.0937512754581524,0.09589931364623745,6.42089740888983,0.09589931364623745,BEARISH_DAILY_STRUCTURE_DOUBLE_TOP,-0.44261451363871457,-1.6152658458371345,-1.644562334217505
2013-08-07,04:00:00,1282.27,1283.25,1273.46,1278.5,23469,1306.98,1279.33,15.469163443924131,1279.33,1316.54,-0.064877709426022,-2.1790693048095626,-0.064877709426022,-2.8893918908654475,BULLISH_DAILY_STRUCTURE_DOUBLE_BOTTOM,-0.0516229956980901,0.7344544387954712,1.1967149002737547
2013-08-19,04:00:00,1376.65,1384.4,1375.44,1380.6,39981,1379.57,1357.74,88.3134353455526,1318.9,1379.96,1.6836802333289067,0.07466094507708726,4.678140874971553,0.04637815588856725,BEARISH_DAILY_STRUCTURE_DOUBLE_TOP,-0.4490801100970461,-1.1437056352310564,-1.2132406200202812
2013-11-12,04:00:00,1282.33,1282.59,1276.47,1278.49,9540,1288.63,1279.09,16.902421481659403,1279.09,1313.74,-0.046908348904292047,-0.7868821927163033,-0.046908348904292047,-2.683179320109002,BULLISH_DAILY_STRUCTURE_DOUBLE_BOTTOM,0.20962228879381645,0.08212813553488525,-0.6210451391876396
2014-01-06,04:00:00,1234.15,1246.23,1232.88,1240.97,12638,1240.14,1222.13,82.24112056028007,1213.57,1240.14,1.5415708639833665,0.06692792749205148,2.257801362920976,0.06692792749205148,BEARISH_DAILY_STRUCTURE_DOUBLE_TOP,-0.08219376777842992,0.05560166643835505,-0.0032232850109159463
2014-01-13,00:00:00,1250.1,1250.25,1247.34,1248.82,1581,1248.84,1227.16,91.7903066271012,1223.49,1248.84,1.7650510120929508,-0.0016014861791728173,2.070307072391268,-0.0016014861791728173,BEARISH_DAILY_STRUCTURE_DOUBLE_TOP,0.10009448919780274,-0.21380182892649424,0.4203968546307715
2014-01-13,04:00:00,1248.52,1254.82,1247.46,1250.07,8412,1248.84,1227.16,92.79106858054165,1223.49,1250.25,1.8669122200853885,0.0984914000192193,2.172473824878007,-0.014397120575889915,BEARISH_DAILY_STRUCTURE_DOUBLE_TOP,-0.07199596822576844,-0.10479413152863004,0.10399417632612211
2014-01-14,00:00:00,1253.15,1254.99,1251.64,1254.07,3722,1254.82,1243.57,87.37043098745247,1227.16,1254.82,0.8443433019452061,-0.05976952869734305,2.1928680856611895,-0.05976952869734305,BEARISH_DAILY_STRUCTURE_DOUBLE_TOP,-0.21529898649995977,-0.5071487237554443,-0.8548167167701984
2014-03-20,00:00:00,1329.03,1330.77,1325.79,1328.34,3694,1359.61,1327.68,4.8738858334916415,1327.68,1364.0,0.049710773680393956,-2.299924242981442,0.049710773680393956,-2.6143695014662818,BULLISH_DAILY_STRUCTURE_DOUBLE_BOTTOM,0.3026333619404657,-0.40576960717887534,0.19799147808543818
2014-05-28,00:00:00,1265.59,1265.93,1263.09,1263.33,3077,1293.32,1264.28,11.670663469225317,1264.28,1293.8,-0.07514158256082873,-2.318838338539573,-0.07514158256082873,-2.355078064615862,BULLISH_DAILY_STRUCTURE_DOUBLE_BOTTOM,0.05699223480800957,0.14327214583681008,-0.46385346663183014
2014-05-28,04:00:00,1263.37,1265.3,1260.8,1264.05,11193,1293.32,1264.28,13.265306122449246,1263.09,1293.8,-0.018192172619990683,-2.2631676615222824,0.07600408521958345,-2.2994280414283508,BULLISH_DAILY_STRUCTURE_DOUBLE_BOTTOM,0.009493295360161247,-0.45805150112732596,-0.3765673826193577
2014-06-13,08:00:00,1272.59,1277.14,1270.68,1274.67,10606,1274.76,1259.8,81.34736842105255,1258.51,1275.45,1.180346086680435,-0.007060152499287564,1.2840581322357456,-0.06115488651064116,BEARISH_DAILY_STRUCTURE_DOUBLE_TOP,-0.04471745628281545,0.15376528827069252,0.5781888645688602
2014-06-16,00:00:00,1277.84,1278.84,1276.53,1278.38,2755,1277.81,1270.68,84.42044038221863,1260.24,1277.81,0.605974753675201,0.044607570765619595,1.4394083666603266,0.044607570765619595,BEARISH_DAILY_STRUCTURE_DOUBLE_TOP,0.2338897667360082,0.16974608488867513,-0.5045448145308942
2014-08-19,16:00:00,1300.83,1301.54,1293.68,1294.53,16647,1303.47,1295.39,14.959723820482353,1295.39,1303.47,-0.06638927272868612,-0.685861584846606,-0.06638927272868612,-0.685861584846606,BULLISH_DAILY_STRUCTURE_DOUBLE_BOTTOM,0.10119502831142928,0.0409415000038603,-0.03707909434312207
2015-03-31,04:00:00,1185.81,1187.35,1181.21,1181.28,11000,1198.3,1182.23,13.769306605323294,1182.23,1203.0,-0.08035661419521122,-1.4203454894433767,-0.08035661419521122,-1.8054862842892792,BULLISH_DAILY_STRUCTURE_DOUBLE_BOTTOM,-0.1820059596369924,0.495225518082092,0.5426317215224233
2015-04-09,04:00:00,1201.08,1201.82,1196.18,1198.01,5969,1212.21,1197.34,14.590032154341074,1197.34,1214.09,0.05595737217499397,-1.1714141939102998,0.05595737217499397,-1.324448764094913,BULLISH_DAILY_STRUCTURE_DOUBLE_BOTTOM,-0.2020016527408012,-0.2671096234589065,-0.2020016527408012
2015-05-14,12:00:00,1214.97,1219.81,1213.15,1217.76,15509,1218.8,1191.22,92.39457831325258,1191.22,1218.8,2.227967965615081,-0.08532983262224841,2.227967965615081,-0.08532983262224841,BEARISH_DAILY_STRUCTURE_DOUBLE_TOP,0.4196229142031188,0.26195637892524426,-0.36214032321640405
2015-06-24,04:00:00,1178.56,1179.29,1176.0,1177.11,4861,1188.02,1176.14,8.339350180505889,1176.14,1196.18,0.08247317496214734,-0.9183347081699031,0.08247317496214734,-1.5942416693139962,BULLISH_DAILY_STRUCTURE_DOUBLE_BOTTOM,-0.11298859070094786,-0.25656055933599936,0.005097229655696818
2015-06-24,08:00:00,1177.09,1179.65,1173.85,1175.78,8084,1188.02,1176.14,8.321325648415481,1176.0,1194.04,-0.030608601016896567,-1.0302856854261722,-0.0187074829931996,-1.5292620012729885,BULLISH_DAILY_STRUCTURE_DOUBLE_BOTTOM,0.12757488645835105,-0.12247189100002165,0.014458487131952642
2015-09-04,16:00:00,1124.23,1132.86,1116.72,1121.3,31319,1134.34,1121.83,8.131487889274538,1121.83,1134.34,-0.0472442348662429,-1.1495671491792554,-0.0472442348662429,-1.1495671491792554,BULLISH_DAILY_STRUCTURE_DOUBLE_BOTTOM,0.09185766521002166,0.17122982252743002,-0.21046999018994916
2015-10-02,04:00:00,1113.62,1113.81,1111.23,1112.01,10588,1119.13,1110.99,16.11607142857177,1110.99,1126.2,0.09181000729079306,-0.6362084833754896,0.09181000729079306,-1.2599893446989925,BULLISH_DAILY_STRUCTURE_DOUBLE_BOTTOM,-0.2490984793302202,2.395661909515211,2.285950665911284
2015-10-20,00:00:00,1169.87,1170.94,1167.59,1169.08,2296,1178.13,1168.49,17.91044776119344,1168.49,1184.34,0.050492515982158016,-0.7681665011501431,0.050492515982158016,-1.2884813482614783,BULLISH_DAILY_STRUCTURE_DOUBLE_BOTTOM,-0.04276867280254559,0.528620795839469,0.6988401135936012
2015-11-05,16:00:00,1108.4,1111.09,1104.41,1107.05,26253,1122.76,1106.35,16.674097191261694,1106.35,1122.76,0.06327111673521449,-1.3992304677758414,0.06327111673521449,-1.3992304677758414,BULLISH_DAILY_STRUCTURE_DOUBLE_BOTTOM,-0.1734339009078041,0.06955422067657123,-1.745178627884914
2016-01-08,00:00:00,1109.68,1110.01,1108.17,1109.16,8723,1109.81,1091.33,91.28875224186504,1077.7,1109.81,1.6337862974535802,-0.058568583811631145,2.9191797346200277,-0.058568583811631145,BEARISH_DAILY_STRUCTURE_DOUBLE_TOP,-0.5274261603375651,-0.8916657650834955,-0.22990371091638553
2016-01-13,12:00:00,1082.21,1083.41,1079.71,1082.6,22639,1099.14,1083.41,16.323948117683855,1081.08,1101.6,-0.07476393978273901,-1.504812853685626,0.14060014060013892,-1.7247639796659406,BULLISH_DAILY_STRUCTURE_DOUBLE_BOTTOM,0.5726953630149683,1.1361537040458325,0.8313319785701091
2016-02-04,12:00:00,1141.8,1147.32,1141.49,1145.13,39174,1145.45,1124.33,80.14911463187354,1122.25,1145.45,1.849990661104852,-0.027936618796100772,2.0387614167966235,-0.027936618796100772,BEARISH_DAILY_STRUCTURE_DOUBLE_TOP,0.5684944067485779,0.8942216167596501,1.2016102975208045
2016-03-15,04:00:00,1236.0,1236.49,1225.6,1228.91,16683,1261.01,1229.3,19.641465315666807,1229.3,1272.08,-0.03172537216300925,-2.5455785441828302,-0.03172537216300925,-3.3936544871391616,BULLISH_DAILY_STRUCTURE_DOUBLE_BOTTOM,0.12694176139830787,0.39709986898958277,0.2709718368310069
2016-07-28,12:00:00,1342.73,1342.94,1338.65,1342.58,20185,1341.76,1315.67,80.07173279533659,1315.67,1342.83,2.045345717391128,0.061113761030283834,2.045345717391128,-0.018617397585695885,BEARISH_DAILY_STRUCTURE_DOUBLE_TOP,-0.6465164087056143,-0.4923356522516275,-0.5891641466430197
2016-09-07,04:00:00,1349.02,1352.51,1347.79,1351.69,15858,1352.45,1324.73,91.56105100463677,1324.72,1352.45,2.0351316872117367,-0.05619431402269887,2.035901926444836,-0.05619431402269887,BEARISH_DAILY_STRUCTURE_DOUBLE_TOP,-0.27595084671781384,-0.6066479740177145,-0.42317395260747853
2016-09-22,12:00:00,1332.51,1334.82,1332.04,1334.37,12453,1335.06,1307.78,86.09094382881065,1307.78,1335.92,2.0332165960635518,-0.051683070423805266,2.0332165960635518,-0.11602491167137118,BEARISH_DAILY_STRUCTURE_DOUBLE_TOP,0.6242646342468847,0.20683918253559497,0.2952704272428228
2016-10-05,00:00:00,1268.58,1270.67,1266.43,1268.13,10464,1313.37,1266.92,5.972198386819997,1266.92,1318.21,0.09550721434660724,-3.4445738824550416,0.09550721434660724,-3.7990911918434787,BULLISH_DAILY_STRUCTURE_DOUBLE_BOTTOM,0.4818118016291626,0.4132068478783548,0.07333632987153021
2016-10-05,16:00:00,1273.35,1277.05,1265.67,1266.72,38133,1313.37,1266.92,14.32487016733971,1266.43,1313.37,-0.015786316420929928,-3.5519312912583554,0.022899015342337407,-3.5519312912583554,BULLISH_DAILY_STRUCTURE_DOUBLE_BOTTOM,-0.032367058229133654,-0.0860490084627951,-0.7618100290514155
2016-10-05,20:00:00,1266.73,1269.1,1262.05,1266.31,17932,1313.37,1266.92,12.840693776417368,1265.67,1312.12,-0.04814826508383539,-3.583148693818189,0.05056610332866171,-3.4912965277566035,BULLISH_DAILY_STRUCTURE_DOUBLE_BOTTOM,0.21716641264777187,-0.18478887476209763,-0.97764370493796
2016-10-20,04:00:00,1269.95,1272.97,1268.14,1272.26,15780,1273.23,1260.17,84.21455938697281,1256.22,1273.23,0.9593943674266106,-0.07618419295806941,1.276846412252628,-0.07618419295806941,BEARISH_DAILY_STRUCTURE_DOUBLE_TOP,-0.29789508433810413,-0.42365554210618117,-0.7993649096882769
2016-11-09,00:00:00,1277.54,1277.54,1267.91,1273.25,11102,1290.57,1272.76,17.165122156697663,1272.76,1293.19,0.038499010025457206,-1.3420426633193037,0.038499010025457206,-1.5419234605897087,BULLISH_DAILY_STRUCTURE_DOUBLE_BOTTOM,3.723542116630676,2.3216179069310776,0.222265855095223
2016-12-01,04:00:00,1172.37,1173.76,1162.03,1169.64,22627,1194.83,1170.63,18.966930855425176,1170.63,1194.83,-0.08456984700545936,-2.108249709163632,-0.08456984700545936,-2.108249709163632,BULLISH_DAILY_STRUCTURE_DOUBLE_BOTTOM,0.23340515030263934,-0.11542012927055643,0.4249170684996922
2016-12-12,08:00:00,1158.66,1158.78,1155.34,1155.7,15717,1171.96,1156.16,19.405370843989715,1154.37,1178.54,-0.03978688070855559,-1.3874193658486629,0.11521435934753631,-1.9379910737013524,BULLISH_DAILY_STRUCTURE_DOUBLE_BOTTOM,0.015574976204902974,0.5537769317296758,0.4923423033659301
2016-12-12,12:00:00,1155.71,1156.81,1151.14,1155.88,20419,1171.96,1156.16,11.38840070298781,1154.37,1171.96,-0.02421810130085565,-1.3720604798798532,0.1308072801614923,-1.3720604798798532,BULLISH_DAILY_STRUCTURE_DOUBLE_BOTTOM,0.31923729106826204,0.6064643388587042,0.19638716821815255
2017-01-26,12:00:00,1196.18,1198.18,1191.39,1192.33,19785,1209.84,1193.22,19.36359151455332,1193.22,1214.58,-0.07458808937162469,-1.447298816372412,-0.07458808937162469,-1.8319089726489817,BULLISH_DAILY_STRUCTURE_DOUBLE_BOTTOM,-0.4965068395494407,-0.3421871461759687,-0.6533426148801057
2017-02-27,16:00:00,1255.1,1260.02,1253.72,1259.69,21872,1260.05,1247.68,85.99813722446399,1247.68,1260.05,0.9625865606565778,-0.028570294829562318,0.9625865606565778,-0.028570294829562318,BEARISH_DAILY_STRUCTURE_DOUBLE_TOP,-0.36119997777230545,-0.5421968897109729,-0.17623383530868922
2017-03-08,08:00:00,1217.99,1218.16,1213.53,1213.64,10513,1227.3,1214.12,11.877268228307301,1214.12,1234.42,-0.03953480710306978,-1.1130123034302823,-0.03953480710306978,-1.6833816691239587,BULLISH_DAILY_STRUCTURE_DOUBLE_BOTTOM,0.014007448666807733,-0.3608977950627953,-0.7217955901255718
2017-03-08,12:00:00,1213.67,1214.51,1211.36,1213.81,12079,1227.3,1214.12,13.63965267727859,1213.53,1228.87,-0.025532896254072533,-1.0991607593905328,0.023073183192831883,-1.2255161245697224,BULLISH_DAILY_STRUCTURE_DOUBLE_BOTTOM,-0.49760670945205293,-0.4547663967177715,-0.8040797159357719
2017-03-09,04:00:00,1208.29,1208.91,1205.8,1206.53,17611,1218.49,1206.59,16.864379608848452,1206.59,1226.09,-0.004972691635099365,-0.9815427291155476,-0.004972691635099365,-1.5953151889339239,BULLISH_DAILY_STRUCTURE_DOUBLE_BOTTOM,-0.13675582041058768,-0.23124165996700982,-0.6705179315889301
2017-04-12,04:00:00,1276.1,1279.72,1273.98,1275.11,14707,1275.06,1252.96,81.48260211800277,1247.08,1276.18,1.7678138168816133,0.00392138409172545,2.2476505115950838,-0.08384397185351311,BEARISH_DAILY_STRUCTURE_DOUBLE_TOP,-0.06430817733371524,-0.10116774239084972,0.8265953525578336
2017-05-04,00:00:00,1239.51,1239.98,1235.81,1238.17,7072,1256.98,1239.37,8.794541319181704,1239.37,1257.25,-0.09682338607516869,-1.4964438574997172,-0.09682338607516869,-1.5175979319944264,BULLISH_DAILY_STRUCTURE_DOUBLE_BOTTOM,0.1445681933821659,-0.3109427623024412,-0.7939135982942692
2017-05-15,12:00:00,1230.09,1233.0,1229.05,1232.48,9133,1231.69,1223.71,90.67000626174188,1222.59,1232.66,0.7166730679654478,0.06413951562487018,0.8089384012629008,-0.014602566806748304,BEARISH_DAILY_STRUCTURE_DOUBLE_TOP,0.09898740750357227,-0.0892509411917361,0.21582500324549542
2017-05-18,00:00:00,1258.85,1263.07,1258.06,1260.24,7941,1261.12,1235.91,89.02941176470532,1232.69,1261.12,1.9685899458698388,-0.06977924384673004,2.234949581808886,-0.06977924384673004,BEARISH_DAILY_STRUCTURE_DOUBLE_TOP,0.10236145496095694,-0.029359487081835063,-0.9379165873166966
2017-05-18,04:00:00,1260.31,1262.95,1257.65,1261.53,14290,1261.12,1235.91,96.95852534562142,1233.3,1263.07,2.0729664781416033,0.032510784064964625,2.2889807832644142,-0.12192515062506146,BEARISH_DAILY_STRUCTURE_DOUBLE_TOP,-0.25524561445229427,-0.4732348814534753,-1.0178117048345992
2017-05-29,00:00:00,1267.29,1269.1,1267.0,1268.25,2770,1269.39,1253.12,86.24629707998314,1253.12,1269.39,1.2073863636363724,-0.08980691513247308,1.2073863636363724,-0.08980691513247308,BEARISH_DAILY_STRUCTURE_DOUBLE_TOP,-0.17583284052828846,-0.10959984230239307,-0.11748472304356468
2017-06-12,16:00:00,1268.64,1268.73,1263.51,1265.53,21861,1280.67,1264.57,18.224592220828455,1264.57,1280.67,0.07591513320733818,-1.182193695487526,0.07591513320733818,-1.182193695487526,BULLISH_DAILY_STRUCTURE_DOUBLE_BOTTOM,-0.03713859015590522,0.06953608369616754,-0.2086082510884667
2017-06-12,20:00:00,1265.52,1267.64,1264.98,1265.06,12435,1280.67,1264.57,19.522849462365883,1263.51,1280.04,0.03874834924124478,-1.218893235572015,0.12267413791738527,-1.170275928877224,BULLISH_DAILY_STRUCTURE_DOUBLE_BOTTOM,0.005533334387314729,-0.09248573190203195,0.1264762145669088
2017-06-13,08:00:00,1266.38,1266.7,1263.46,1263.89,7322,1270.26,1263.51,17.527450183002415,1262.64,1274.21,0.030074949941045905,-0.5014721395619709,0.09899892289171894,-0.8099135935206861,BULLISH_DAILY_STRUCTURE_DOUBLE_BOTTOM,0.01107691333896721,0.21916464249262052,0.24131846917057292
2017-06-19,12:00:00,1250.07,1251.93,1249.76,1250.64,8287,1257.07,1251.76,16.815406294034617,1249.2,1257.07,-0.08947402057901602,-0.5115069168781242,0.1152737752161427,-0.5115069168781242,BULLISH_DAILY_STRUCTURE_DOUBLE_BOTTOM,-0.21189151154609567,-0.5533167018486593,-0.4589650099149242
2017-07-18,04:00:00,1232.81,1238.21,1232.75,1237.1,9952,1235.95,1228.19,86.00528102602777,1217.62,1235.95,0.7254577874758672,0.09304583518749655,1.5998423153364776,0.09304583518749655,BEARISH_DAILY_STRUCTURE_DOUBLE_TOP,-0.0493088675127233,0.4680300703257773,0.3419287042276306
2017-07-18,08:00:00,1237.18,1238.79,1235.16,1236.49,8058,1235.95,1228.19,85.58558558558582,1220.82,1238.21,0.6757912049438567,0.043691087827174534,1.28356350649564,-0.13891020101598495,BEARISH_DAILY_STRUCTURE_DOUBLE_TOP,0.09543142281782009,0.44076377487889473,0.10432757240252356
2017-07-24,12:00:00,1253.76,1257.81,1253.14,1255.95,10392,1255.63,1242.67,82.28834573149186,1242.63,1257.08,1.068666661301872,0.025485214593465935,1.0719200405591314,-0.0898908581792632,BEARISH_DAILY_STRUCTURE_DOUBLE_TOP,-0.008758310442304814,-0.18870177952944928,-0.4673752936024617
2017-08-11,00:00:00,1285.58,1287.13,1284.81,1286.49,6238,1287.76,1274.57,99.70095693779932,1264.34,1287.76,0.9352173674258828,-0.09862086103000417,1.7519021782115642,-0.09862086103000417,BEARISH_DAILY_STRUCTURE_DOUBLE_TOP,-0.03886544007337795,0.08628127696289127,0.1780037155360682
2017-08-11,12:00:00,1286.68,1288.91,1286.38,1287.6,11293,1287.76,1274.57,97.4704890387862,1271.08,1288.87,1.0223055618757677,-0.01242467540536139,1.299682160052867,-0.09853592681961579,BEARISH_DAILY_STRUCTURE_DOUBLE_TOP,0.0038831935383800793,0.09164336750544141,-0.5187946567256786
2017-08-11,16:00:00,1287.61,1291.93,1281.23,1287.65,27058,1287.76,1274.57,97.12643678160961,1274.57,1288.91,1.0262284535176691,-0.00854196434117382,1.0262284535176691,-0.09775701949709373,BEARISH_DAILY_STRUCTURE_DOUBLE_TOP,0.2143439599269981,0.023298256513800682,-0.24152525919311357
2017-09-12,00:00:00,1327.47,1329.06,1326.59,1327.23,5013,1339.96,1326.34,19.80410162228347,1326.34,1357.42,0.06710194972632207,-0.9500283590554955,0.06710194972632207,-2.2240721368478473,BULLISH_DAILY_STRUCTURE_DOUBLE_BOTTOM,-0.16123806725285744,-0.1311001107569908,0.2704881595503355
2017-09-12,04:00:00,1327.26,1327.61,1324.38,1325.09,9821,1339.96,1326.34,15.730002973535377,1326.34,1355.33,-0.0942443114133631,-1.109734618943858,-0.0942443114133631,-2.2311909276707524,BULLISH_DAILY_STRUCTURE_DOUBLE_BOTTOM,0.14036782407233678,0.1577251356511743,0.4912873842531444
2017-09-28,08:00:00,1281.1,1282.7,1277.65,1281.47,15840,1296.14,1282.41,16.38233818364273,1280.61,1302.85,-0.07329949080247772,-1.1318221797028154,0.06715549620884792,-1.6410177687377583,BULLISH_DAILY_STRUCTURE_DOUBLE_BOTTOM,0.2645399424098787,0.35662169227527263,0.5134728085714007
2017-11-14,12:00:00,1276.1,1276.14,1269.8,1272.93,32646,1279.62,1274.19,18.443232523549895,1273.32,1284.18,-0.09888635132907894,-0.5228114596520708,-0.03062859296954989,-0.8760454141942717,BULLISH_DAILY_STRUCTURE_DOUBLE_BOTTOM,0.43207403392173954,0.6159018956266188,0.9772729058157028
2017-12-27,08:00:00,1281.65,1284.84,1281.22,1284.75,12231,1283.58,1276.92,88.52848101265795,1265.71,1283.58,0.6131942486608344,0.09115131117655875,1.5042940325983016,0.09115131117655875,BEARISH_DAILY_STRUCTURE_DOUBLE_TOP,-0.02179412337030338,0.29655575014593855,0.5907764156450608
2017-12-27,12:00:00,1284.75,1286.18,1284.0,1284.47,20974,1283.58,1276.92,86.83774834437064,1267.31,1284.84,0.5912664849794783,0.0693373221770439,1.3540491276798954,-0.028797359982557433,BEARISH_DAILY_STRUCTURE_DOUBLE_TOP,0.13780002647006015,0.2382305542363734,0.640731196524638
2017-12-28,00:00:00,1288.56,1288.64,1286.59,1287.53,8066,1288.8,1281.22,87.72535481396231,1276.92,1288.8,0.49249933656982764,-0.09854127870887507,0.8309056166400323,-0.09854127870887507,BEARISH_DAILY_STRUCTURE_DOUBLE_TOP,0.14135592957056817,0.40154404169223806,0.5017358818823667
2017-12-28,04:00:00,1287.52,1289.83,1287.04,1289.35,11184,1288.8,1281.22,88.34244080145704,1276.92,1288.8,0.634551443155733,0.04267535692116345,0.973436080568856,0.04267535692116345,BEARISH_DAILY_STRUCTURE_DOUBLE_TOP,0.23189979447008255,0.3373792996471196,0.4653507581339435
2017-12-29,00:00:00,1294.63,1294.86,1293.73,1293.99,5923,1295.07,1286.59,84.42945474986043,1281.22,1295.07,0.575163805097202,-0.083393175658453,0.9967062643417978,-0.083393175658453,BEARISH_DAILY_STRUCTURE_DOUBLE_TOP,0.10510127589856953,0.23261385327552694,1.1816165503597371
2017-12-29,04:00:00,1293.97,1296.13,1293.85,1295.35,12140,1295.07,1286.59,84.93746601413898,1282.86,1295.07,0.6808695854934355,0.021620452948487166,0.9736058494301801,0.021620452948487166,BEARISH_DAILY_STRUCTURE_DOUBLE_TOP,-0.02393175589608565,0.5566063226155122,1.1356004168757508
2017-12-29,08:00:00,1295.35,1295.98,1294.56,1295.04,10310,1295.07,1286.59,85.96587782058441,1282.86,1296.13,0.6567748855501788,-0.002316477101621744,0.9494410925588189,-0.0840965026656389,BEARISH_DAILY_STRUCTURE_DOUBLE_TOP,0.15134667655053408,0.5629169755374324,1.3188781813689097
2018-01-25,04:00:00,1355.84,1364.01,1355.83,1363.14,34105,1362.02,1339.42,91.8367346938775,1331.24,1362.02,1.7709157695121789,0.08223080424664236,2.3962621315465347,0.08223080424664236,BEARISH_DAILY_STRUCTURE_DOUBLE_TOP,-0.15772407823114945,-0.41081620376484707,-0.8297020115322103
2018-02-08,12:00:00,1312.34,1313.58,1309.16,1310.82,39459,1332.3,1311.38,17.756460454189707,1309.74,1332.87,-0.04270310665102204,-1.6122494933573532,0.08245911402262489,-1.6543248778950654,BULLISH_DAILY_STRUCTURE_DOUBLE_BOTTOM,0.26700843746662395,0.8551898811431041,0.28608046871424
2018-02-15,04:00:00,1353.86,1355.12,1350.69,1354.32,27128,1355.5,1317.3,85.81400585453733,1317.3,1355.5,2.810293782737416,-0.08705274806344991,2.810293782737416,-0.08705274806344991,BEARISH_DAILY_STRUCTURE_DOUBLE_TOP,0.02658160552898335,-0.16391990076200805,0.16539665662472747
2018-02-15,08:00:00,1354.33,1355.23,1352.21,1354.68,24026,1355.5,1317.3,85.94727435210017,1317.3,1355.5,2.837622409473932,-0.06049428255255893,2.837622409473932,-0.06049428255255893,BEARISH_DAILY_STRUCTURE_DOUBLE_TOP,-0.27091268786725076,0.01328727079456671,0.22219269495378913
2018-02-22,04:00:00,1326.79,1326.83,1322.56,1323.91,25975,1336.22,1325.14,16.97234352256224,1322.14,1343.22,-0.09282038124273798,-0.921255481881722,0.1338738711482885,-1.4375902681615778,BULLISH_DAILY_STRUCTURE_DOUBLE_BOTTOM,-0.15031233240930342,0.33234887567885,0.3436789509860908
2018-03-29,08:00:00,1327.51,1328.3,1322.93,1323.1,20604,1346.99,1323.44,19.02229494784197,1323.44,1348.58,-0.025690624433306046,-1.773584065212073,-0.025690624433306046,-1.8893947707959498,BULLISH_DAILY_STRUCTURE_DOUBLE_BOTTOM,0.14586954878694458,0.057440858589675084,0.47010807951024314
2018-03-29,16:00:00,1325.04,1326.55,1321.63,1322.38,39140,1346.99,1323.44,16.95321871251504,1322.93,1346.99,-0.08009429970379808,-1.82703657785135,-0.04157438413218798,-1.82703657785135,BULLISH_DAILY_STRUCTURE_DOUBLE_BOTTOM,0.11191941801901048,0.3206340083788156,0.8393956351426902
2018-05-16,12:00:00,1295.5,1295.88,1286.66,1288.68,31335,1314.84,1288.66,12.600663192799516,1288.66,1319.98,0.0015519997516786283,-1.9895956922515179,0.0015519997516786283,-2.3712480492128636,BULLISH_DAILY_STRUCTURE_DOUBLE_BOTTOM,0.08303069807864918,0.2390042524133165,-0.023279634975320058
2018-08-03,04:00:00,1208.27,1210.38,1206.34,1207.69,9368,1221.05,1208.41,17.568085922516218,1206.97,1224.68,-0.05958242649432123,-1.0941402890954424,0.059653512514812074,-1.387301172551198,BULLISH_DAILY_STRUCTURE_DOUBLE_BOTTOM,-0.2682807674154799,0.8205748163849873,0.6897465409169511
2018-08-14,00:00:00,1193.35,1194.81,1192.55,1192.76,2296,1213.8,1191.6,17.35767326732612,1191.6,1217.09,0.09734810339040634,-1.7333992420497581,0.09734810339040634,-1.9990304743281049,BULLISH_DAILY_STRUCTURE_DOUBLE_BOTTOM,0.1877997250075463,0.19869881619102905,0.0922230792447692
2018-08-16,00:00:00,1174.56,1176.35,1173.31,1173.71,2634,1194.66,1173.07,13.079198159710288,1173.07,1198.67,0.054557699029051984,-1.7536370180637206,0.054557699029051984,-2.082307891246134,BULLISH_DAILY_STRUCTURE_DOUBLE_BOTTOM,-0.08945991769687184,0.587027459934726,0.13717187380186757
2018-08-16,04:00:00,1173.72,1174.32,1160.07,1172.66,16730,1194.66,1173.07,13.891797556718572,1173.07,1198.67,-0.03495102594046856,-1.8415281335275306,-0.03495102594046856,-2.1699049780173016,BULLISH_DAILY_STRUCTURE_DOUBLE_BOTTOM,0.361571128886464,0.567086794126163,0.3061415926184843
2018-08-28,12:00:00,1210.8,1214.21,1210.51,1212.62,15848,1212.33,1203.11,81.37612448334569,1203.11,1212.39,0.7904514134202185,0.023920879628480992,0.7904514134202185,0.018970793226584744,BEARISH_DAILY_STRUCTURE_DOUBLE_TOP,-0.3257409575959343,-0.8246606521416437,-0.860121060183721
2018-09-28,08:00:00,1184.97,1185.41,1180.66,1182.57,11496,1198.52,1181.84,18.568534773801886,1181.84,1200.2,0.061768090435255045,-1.3308079965290562,0.061768090435255045,-1.4689218463589493,BULLISH_DAILY_STRUCTURE_DOUBLE_BOTTOM,0.061729961017108356,0.7559806184834771,0.35684991163314034
2018-11-20,00:00:00,1223.88,1224.49,1223.03,1224.1,3280,1225.16,1217.97,84.22733077905559,1214.06,1225.23,0.5032964687143264,-0.08651931176337561,0.8269772498887998,-0.09222758176016822,BEARISH_DAILY_STRUCTURE_DOUBLE_TOP,-0.1895269994281461,0.015521607711792713,-0.20668246058328346
2018-12-19,00:00:00,1248.84,1249.97,1248.51,1249.45,2956,1250.33,1244.97,81.74940898345122,1236.38,1250.33,0.35984802846655084,-0.07038141930529394,1.0571183616687374,-0.07038141930529394,BEARISH_DAILY_STRUCTURE_DOUBLE_TOP,0.07923486333987026,-0.09284084997399511,-0.4353915722918127
2018-12-19,04:00:00,1249.44,1251.06,1248.47,1250.44,5850,1250.33,1244.97,80.85317460317427,1237.55,1250.33,0.4393680169000078,0.008797677413173109,1.041574077815046,0.008797677413173109,BEARISH_DAILY_STRUCTURE_DOUBLE_TOP,-0.05198170244074814,0.3118902146444342,-0.4734333514602918
2018-12-19,08:00:00,1250.46,1251.28,1249.3,1249.79,4706,1250.33,1244.97,82.48987854250919,1239.26,1251.06,0.3871579234840949,-0.04318859821006964,0.8497006277940039,-0.10151391619906175,BEARISH_DAILY_STRUCTURE_DOUBLE_TOP,-0.1200201633874491,-0.46167756183038605,-0.10001680282287426
2019-01-29,04:00:00,1303.84,1304.47,1302.66,1303.69,3998,1304.35,1297.56,83.20334261838451,1282.38,1304.35,0.47242516723697625,-0.050599915666796065,1.661753926293294,-0.050599915666796065,BEARISH_DAILY_STRUCTURE_DOUBLE_TOP,0.2922473901004031,0.5515114789558909,0.7263996809057389
2019-01-31,12:00:00,1320.41,1323.69,1319.92,1323.31,7598,1323.37,1308.92,87.38567073170807,1308.58,1323.37,1.0993796412309287,-0.004533879413916398,1.1256476485961897,-0.004533879413916398,BEARISH_DAILY_STRUCTURE_DOUBLE_TOP,-0.0884146571853795,-0.17531795270948883,-0.1443350386530635
2019-01-31,16:00:00,1323.31,1326.25,1321.93,1322.14,12131,1323.37,1308.92,81.0169491525436,1308.92,1323.69,1.009992971304589,-0.09294452798535488,1.009992971304589,-0.11709690335350079,BEARISH_DAILY_STRUCTURE_DOUBLE_TOP,-0.09605639342280009,-0.2753112378416884,-0.297245374922479
2019-03-29,04:00:00,1291.49,1292.59,1288.83,1289.25,2955,1312.24,1288.48,15.027682573161186,1288.48,1319.27,0.05976033776232319,-1.7519661037615077,0.05976033776232319,-2.2755008451643697,BULLISH_DAILY_STRUCTURE_DOUBLE_BOTTOM,-0.09850688384719657,0.47779716889665164,0.3118091913903418
2019-03-29,08:00:00,1289.25,1290.43,1286.66,1287.98,4284,1312.24,1288.48,13.23491323491352,1288.48,1317.82,-0.03880541413137961,-1.8487471803938296,-0.03880541413137961,-2.264345661774743,BULLISH_DAILY_STRUCTURE_DOUBLE_BOTTOM,0.4014037485054172,0.32453920091927385,0.1281075793102448
2019-04-09,20:00:00,1305.82,1306.14,1303.28,1304.24,5168,1303.66,1291.39,87.68115942028982,1291.59,1306.15,0.9950518433625712,0.04449012779405115,0.9794129716086446,-0.14623129043372368,BEARISH_DAILY_STRUCTURE_DOUBLE_TOP,0.028369011838303596,-0.07437281481936049,0.29059068883027384
2019-04-15,00:00:00,1291.22,1291.89,1289.27,1289.68,1044,1295.76,1290.01,6.343984962407518,1289.53,1308.2,-0.025581197044978507,-0.46922269556090074,0.011632145045101001,-1.4156856749732443,BULLISH_DAILY_STRUCTURE_DOUBLE_BOTTOM,-0.04497239625334615,-0.3086036846349496,-0.10545251535265548
2019-04-15,04:00:00,1289.68,1290.34,1286.85,1289.1,6321,1295.76,1290.01,6.241331484051386,1289.27,1305.2,-0.07054208882102324,-0.5139840711242887,-0.013185756280691612,-1.2335274287465625,BULLISH_DAILY_STRUCTURE_DOUBLE_BOTTOM,-0.169110231944755,-0.03878675044604763,-0.30408812349700143
2019-04-18,00:00:00,1274.14,1274.53,1273.65,1274.11,1539,1279.71,1272.93,17.113027689514908,1272.89,1287.35,0.09269952000501491,-0.43759914355597257,0.0958448884035384,-1.0284693362333484,BULLISH_DAILY_STRUCTURE_DOUBLE_BOTTOM,-0.12400813116606316,0.17266954972490958,0.10674117619358825
2019-04-18,04:00:00,1274.11,1274.73,1271.54,1272.53,4776,1279.71,1272.93,16.513359614542907,1272.89,1285.36,-0.03142356610340639,-0.5610646162021132,-0.028282098217452197,-0.9981639385074943,BULLISH_DAILY_STRUCTURE_DOUBLE_BOTTOM,0.2098182361123174,0.09665783910792031,0.33005115792948264
2019-05-21,16:00:00,1272.07,1274.87,1269.41,1273.56,11908,1278.95,1273.61,19.951456310679873,1271.73,1278.95,-0.003925848572165304,-0.42143946205872784,0.14389846901464362,-0.42143946205872784,BULLISH_DAILY_STRUCTURE_DOUBLE_BOTTOM,0.08794246050442212,0.031408021608726015,0.17588492100882636
2019-06-04,08:00:00,1322.51,1328.75,1322.1,1328.39,6715,1327.92,1306.49,93.40508358140579,1295.37,1327.92,1.6762470436053925,0.035393698415569254,2.5490786416236455,0.035393698415569254,BEARISH_DAILY_STRUCTURE_DOUBLE_TOP,-0.38015944112799566,-0.1445358667258917,0.37714827723785865
2019-09-23,08:00:00,1516.61,1518.43,1511.48,1517.7,11038,1517.01,1497.89,80.5415328132171,1496.53,1519.47,1.3225270213433524,0.04548420906915937,1.4146057880563752,-0.11648798594246558,BEARISH_DAILY_STRUCTURE_DOUBLE_TOP,0.09092706068392184,0.45661197865191167,0.3511892995980712
2019-10-01,04:00:00,1473.54,1474.69,1462.63,1463.33,8772,1500.41,1464.43,17.121309370988513,1464.43,1503.02,-0.07511454968828393,-2.47132450463541,-0.07511454968828393,-2.640683424039604,BULLISH_DAILY_STRUCTURE_DOUBLE_BOTTOM,-0.1271073510417951,1.4302993856478077,0.9416877942774339
2019-10-25,00:00:00,1501.96,1503.53,1501.96,1502.65,2575,1503.96,1487.93,82.90689410092406,1487.93,1503.96,0.9892938511892377,-0.0871033804090498,0.9892938511892377,-0.0871033804090498,BEARISH_DAILY_STRUCTURE_DOUBLE_TOP,-0.004658436761731854,0.42192127241872146,0.0865138255748148
2019-10-25,04:00:00,1502.7,1502.81,1500.72,1502.58,7957,1503.96,1487.93,80.41733547351487,1487.93,1503.96,0.9845893287990607,-0.09175775951488796,0.9845893287990607,-0.09175775951488796,BEARISH_DAILY_STRUCTURE_DOUBLE_TOP,0.2815157928363227,0.08518681201666285,0.09982829533202892
2019-11-01,20:00:00,1510.52,1514.05,1507.0,1513.9,16871,1514.19,1493.89,84.14185346269606,1493.89,1516.09,1.3394560509809952,-0.019152153956898645,1.3394560509809952,-0.14445052734335212,BEARISH_DAILY_STRUCTURE_DOUBLE_TOP,-0.07133892595284726,-0.019816368320244526,-0.3745293612523993
2019-12-27,00:00:00,1509.8,1511.93,1509.69,1511.11,4233,1512.56,1502.27,92.4140049140054,1484.33,1512.56,0.5884428231942274,-0.09586396572698244,1.8041810109611727,-0.09586396572698244,BEARISH_DAILY_STRUCTURE_DOUBLE_TOP,0.11647067387549491,-0.07610299713454768,0.1561765854239683
2019-12-27,04:00:00,1511.11,1513.9,1509.13,1512.87,8013,1512.56,1502.27,93.0198598130844,1484.33,1512.56,0.7055988603912685,0.020495054741626478,1.9227530266180677,0.020495054741626478,BEARISH_DAILY_STRUCTURE_DOUBLE_TOP,-0.28951595312220363,-0.0965053177073912,0.13682603263996007
2019-12-30,04:00:00,1513.47,1515.73,1512.96,1514.94,6164,1515.29,1507.28,81.29405840886236,1502.71,1515.29,0.5082002016878139,-0.02309788885295284,0.8138629542626334,-0.02309788885295284,BEARISH_DAILY_STRUCTURE_DOUBLE_TOP,-0.05808810910003756,-0.07855096571481739,0.4561236748650015
2020-01-21,00:00:00,1560.88,1561.43,1559.97,1561.21,712,1562.76,1556.35,86.10919143054491,1554.01,1562.76,0.312269091142746,-0.09918349586628494,0.463317481869489,-0.09918349586628494,BEARISH_DAILY_STRUCTURE_DOUBLE_TOP,0.35741508189160504,-0.35741508189160504,-0.30297013214109686
2020-02-19,08:00:00,1601.49,1605.77,1601.19,1604.84,8936,1605.05,1583.23,86.3018242122711,1580.37,1605.05,1.3649311849825925,-0.013083704557492689,1.548371583869602,-0.013083704557492689,BEARISH_DAILY_STRUCTURE_DOUBLE_TOP,0.26357767752548655,0.1015677575334681,0.1476782732235063
2020-02-20,00:00:00,1606.57,1612.91,1605.97,1610.31,7461,1611.29,1599.53,89.46659482758554,1585.0,1611.29,0.673947972216837,-0.06082083299716489,1.5968454258675042,-0.06082083299716489,BEARISH_DAILY_STRUCTURE_DOUBLE_TOP,-0.011177971943280256,0.4452558824077397,0.729673168520347
2020-02-21,04:00:00,1622.1,1625.08,1618.92,1624.93,15446,1623.73,1603.84,82.51593239124422,1602.38,1623.73,1.3149690742218767,0.07390391259630884,1.4072816685180765,0.07390391259630884,BEARISH_DAILY_STRUCTURE_DOUBLE_TOP,0.5181761675887482,1.1292794151132608,2.2068642956927316
2020-03-25,00:00:00,1620.45,1638.85,1619.43,1630.84,2743,1632.3,1551.07,93.05700116328896,1485.0,1632.3,5.142901351969929,-0.08944434233903305,9.820875420875415,-0.08944434233903305,BEARISH_DAILY_STRUCTURE_DOUBLE_TOP,-0.8805278261509345,-1.3913075470309673,-1.264992273920181
2020-05-14,00:00:00,1717.3,1719.75,1714.14,1718.42,4189,1718.08,1698.93,82.47670574090793,1697.79,1718.08,1.1471926447823046,0.01978953250140538,1.215109053534307,0.01978953250140538,BEARISH_DAILY_STRUCTURE_DOUBLE_TOP,-0.2845637271447085,-0.1542114267757644,0.8286681952025704
2020-05-15,08:00:00,1732.14,1738.54,1730.14,1737.55,17102,1736.39,1711.0,85.32128514056234,1702.45,1736.39,1.5517241379310318,0.06680526840167557,2.061734559017881,0.06680526840167557,BEARISH_DAILY_STRUCTURE_DOUBLE_TOP,-0.3107824235273727,0.24747489280883742,1.4042761359385394
2020-07-21,04:00:00,1817.96,1820.15,1815.59,1819.78,7298,1820.53,1805.62,90.6405575838037,1800.76,1820.53,0.7842181632901765,-0.04119679434010975,1.056220706812678,-0.04119679434010975,BEARISH_DAILY_STRUCTURE_DOUBLE_TOP,0.13353262482278427,1.0907911945400068,2.051896383079269
2020-07-21,08:00:00,1819.72,1824.12,1817.18,1822.21,11474,1820.53,1805.62,90.46975329503229,1805.17,1820.53,0.9187979752107391,0.09228081932184933,0.9439554169413387,0.09228081932184933,BEARISH_DAILY_STRUCTURE_DOUBLE_TOP,0.3155508969877237,1.0339093737823806,1.755011771420419
2020-07-22,00:00:00,1840.91,1847.65,1839.88,1843.17,6551,1843.47,1815.59,92.67151767151785,1807.29,1843.47,1.5190654277672908,-0.016273657830067997,1.985292897100084,-0.016273657830067997,BEARISH_DAILY_STRUCTURE_DOUBLE_TOP,0.75684825599374,0.8941117748227247,1.4529316340869247
2020-07-23,00:00:00,1868.55,1874.19,1867.37,1869.95,6562,1870.42,1839.88,94.7871270533022,1817.18,1870.42,1.6343457181990095,-0.02512804610729287,2.9039500764921464,-0.02512804610729287,BEARISH_DAILY_STRUCTURE_DOUBLE_TOP,-0.08075082221449723,0.44814032460760345,0.8342469049974549
2020-07-24,16:00:00,1894.31,1906.5,1891.9,1900.21,32392,1898.36,1863.64,80.45262043409194,1863.64,1898.36,1.9622888540705252,0.09745253798015847,1.9622888540705252,0.09745253798015847,BEARISH_DAILY_STRUCTURE_DOUBLE_TOP,0.07472858263034468,1.6635003499613148,2.009777866656846
2020-08-12,00:00:00,1916.09,1929.13,1901.25,1908.99,12654,2029.92,1909.87,11.315601222605238,1909.87,2049.85,-0.046076434521715184,-5.957377630645546,-0.046076434521715184,-6.871722321145445,BULLISH_DAILY_STRUCTURE_DOUBLE_BOTTOM,-1.252494774723811,1.0602465177921314,0.6736546550793823
2020-10-12,00:00:00,1926.89,1933.18,1926.53,1929.08,5114,1930.41,1892.92,88.54148161307506,1882.0,1930.41,1.9102761870549125,-0.06889728088852393,2.501594048884162,-0.06889728088852393,BEARISH_DAILY_STRUCTURE_DOUBLE_TOP,-0.09434549111493232,-0.2353453459680243,-0.20994463682169504
2020-10-29,16:00:00,1872.2,1876.71,1859.92,1867.88,40403,1910.87,1869.36,19.91055159847606,1869.36,1910.87,-0.07917148114861722,-2.249760580259242,-0.07917148114861722,-2.249760580259242,BULLISH_DAILY_STRUCTURE_DOUBLE_BOTTOM,0.07280981647642781,0.44542475962052896,0.6124590444782227
2020-11-03,00:00:00,1894.24,1896.16,1893.54,1894.8,4394,1895.09,1873.41,81.61108501643935,1866.69,1895.09,1.1417682194500869,-0.015302703301688238,1.5058740337174303,-0.015302703301688238,BEARISH_DAILY_STRUCTURE_DOUBLE_TOP,-0.0971078741819674,0.23168672155373127,1.0328266835549893
2020-11-09,04:00:00,1958.58,1961.18,1952.61,1960.81,19184,1960.29,1935.59,80.9235733010687,1908.89,1960.29,1.302961887589832,0.026526687377887038,2.7199052852704892,0.026526687377887038,BEARISH_DAILY_STRUCTURE_DOUBLE_TOP,-0.19991738108229995,-5.100953177513374,-4.060056813255741
2020-11-16,04:00:00,1890.46,1899.01,1887.62,1895.74,14297,1896.75,1873.97,84.0957221516307,1863.3,1896.75,1.1617048298531985,-0.05324897851588195,1.7409971555841817,-0.05324897851588195,BEARISH_DAILY_STRUCTURE_DOUBLE_TOP,-0.2173293806112715,-0.30225663856858104,-0.27851920622026083
2020-12-17,00:00:00,1861.3,1865.48,1860.05,1864.51,8776,1865.77,1844.71,83.50316233309927,1833.94,1865.77,1.0733394408877253,-0.06753243968977907,1.666902952114024,-0.06753243968977907,BEARISH_DAILY_STRUCTURE_DOUBLE_TOP,-0.02198969166162058,0.8168365951375975,1.023861497122564
2020-12-17,04:00:00,1864.46,1867.47,1862.01,1864.1,9764,1865.77,1844.71,84.46774480184821,1839.81,1865.77,1.0511137251925708,-0.08950728117614029,1.3202450253015239,-0.08950728117614029,BEARISH_DAILY_STRUCTURE_DOUBLE_TOP,0.571857732954245,1.4409098224344257,1.0326699211415697
2021-02-09,04:00:00,1830.56,1842.52,1829.99,1839.62,16646,1839.19,1807.77,80.5517430688992,1793.47,1839.19,1.7618391720185593,0.02337985743723249,2.573223973637689,0.02337985743723249,BEARISH_DAILY_STRUCTURE_DOUBLE_TOP,0.18699514030071723,-0.01032821995846029,0.20058490340396684
2021-03-11,00:00:00,1723.97,1727.18,1723.4,1726.78,7748,1726.05,1708.2,86.43410852713191,1687.12,1726.05,1.0876946493384807,0.042293096955477436,2.35075157665134,0.042293096955477436,BEARISH_DAILY_STRUCTURE_DOUBLE_TOP,0.2895562839504743,0.3851098576541361,-0.23917349054308493
2021-03-31,04:00:00,1685.5,1686.39,1677.86,1679.46,20666,1714.36,1678.77,10.632948831706912,1678.77,1728.19,0.041101520756271236,-2.035745117711558,0.041101520756271236,-2.819713110248295,BULLISH_DAILY_STRUCTURE_DOUBLE_BOTTOM,0.27985185714456107,1.7029283221987965,1.9839710383099292
2021-04-02,00:00:00,1729.09,1730.4,1728.12,1729.49,1447,1730.1,1705.76,83.81736526946138,1678.56,1730.1,1.3911687458962585,-0.03525807756776487,3.034148317605571,-0.03525807756776487,BEARISH_DAILY_STRUCTURE_DOUBLE_TOP,-0.08326153952899724,-0.16825769446484698,-0.0809487189865273
2021-04-05,16:00:00,1724.91,1733.57,1721.85,1730.35,34697,1730.4,1728.12,86.59065360526775,1705.76,1730.4,0.12904196467837986,-0.0028895053167002946,1.4415861551449158,-0.0028895053167002946,BEARISH_DAILY_STRUCTURE_DOUBLE_TOP,-0.1306094142803474,0.17857658855145755,0.8558962059699006
2021-04-13,08:00:00,1731.75,1732.18,1723.7,1727.7,19782,1745.0,1727.48,11.563044741428925,1727.48,1746.82,0.012735313867600625,-0.9914040114613155,0.012735313867600625,-1.0945604011861492,BULLISH_DAILY_STRUCTURE_DOUBLE_BOTTOM,0.08392660762864186,0.997858424494994,0.9851247323030607
2021-05-10,16:00:00,1841.14,1845.49,1835.53,1841.67,41584,1843.3,1812.85,85.6101743355243,1812.85,1843.3,1.5897619769975544,-0.0884283621765248,1.5897619769975544,-0.0884283621765248,BEARISH_DAILY_STRUCTURE_DOUBLE_TOP,-0.19601774476426975,-0.373573984481482,-0.4490489609973547
2021-05-18,00:00:00,1865.59,1869.05,1865.34,1868.97,3129,1868.41,1843.52,83.02086483217417,1822.12,1868.41,1.380511195972924,0.02997200828511651,2.5711808223388215,0.02997200828511651,BEARISH_DAILY_STRUCTURE_DOUBLE_TOP,-0.04226927130986391,0.06313637993119545,0.06206627179676944
2021-05-18,04:00:00,1868.95,1873.85,1867.3,1868.18,16542,1868.41,1843.52,81.46206045650834,1831.74,1869.05,1.337658392640171,-0.012309931974246454,1.9893653029360092,-0.046547711404183456,BEARISH_DAILY_STRUCTURE_DOUBLE_TOP,0.09849158004046281,-0.17664250768127024,0.02622873598903794
2021-09-08,16:00:00,1796.97,1802.11,1782.43,1791.88,31372,1827.22,1792.04,14.075010535187303,1792.04,1827.22,-0.008928372134542447,-1.9340856601832248,-0.008928372134542447,-1.9340856601832248,BULLISH_DAILY_STRUCTURE_DOUBLE_BOTTOM,-0.17635109493939782,-0.20537089537246153,0.018974484898537744
2021-09-20,04:00:00,1754.12,1754.63,1742.07,1746.38,11098,1767.47,1747.38,14.611398963730238,1745.24,1786.57,-0.057228536437409154,-1.1932310025064028,0.06532052898169306,-2.2495620098848534,BULLISH_DAILY_STRUCTURE_DOUBLE_BOTTOM,0.4540821585221908,0.8978572819203057,0.8909859251709219
2021-10-14,12:00:00,1793.98,1800.57,1793.75,1795.61,15001,1796.15,1757.91,83.08183916208036,1757.91,1796.15,2.144592157732752,-0.030064304206229492,2.144592157732752,-0.030064304206229492,BEARISH_DAILY_STRUCTURE_DOUBLE_TOP,0.14980981393510032,-0.008910620903194708,-0.9584486609007419
2021-11-08,04:00:00,1815.86,1821.06,1812.97,1819.12,13101,1818.27,1785.1,85.24918993982388,1772.31,1818.27,1.905775586801859,0.04674773273495735,2.6411857970671018,0.04674773273495735,BEARISH_DAILY_STRUCTURE_DOUBLE_TOP,-0.15447029332863943,0.1324816394740359,0.2182373895070159
2021-12-15,16:00:00,1769.89,1773.69,1764.34,1766.18,26445,1789.53,1766.43,19.31781957284018,1766.43,1789.53,-0.014152839342628917,-1.3048118779791291,-0.014152839342628917,-1.3048118779791291,BULLISH_DAILY_STRUCTURE_DOUBLE_BOTTOM,0.1919396663986611,0.8640115956471023,1.763693394784216
2021-12-27,04:00:00,1807.32,1811.79,1806.64,1810.84,10223,1809.44,1807.16,81.96567862714468,1788.82,1810.63,0.2036344319263284,0.07737200459810016,1.2309790811820072,0.011598173011593146,BEARISH_DAILY_STRUCTURE_DOUBLE_TOP,-0.1109982107751094,0.09940138278369055,-0.05522299043537805
2022-01-03,00:00:00,1830.63,1831.82,1828.03,1828.49,1353,1828.08,1814.2,83.46180798878781,1796.12,1828.08,0.7876750082681051,0.02242790249880103,1.8022181146025946,0.02242790249880103,BEARISH_DAILY_STRUCTURE_DOUBLE_TOP,-0.15696011463011109,-0.30024774540741317,-1.3322468266164922
2022-02-09,04:00:00,1825.99,1828.75,1825.06,1828.09,10537,1828.75,1815.43,81.02972724486659,1809.94,1828.75,0.6973554474697374,-0.03609022556391425,1.0027956727847256,-0.03609022556391425,BEARISH_DAILY_STRUCTURE_DOUBLE_TOP,-0.07056545356081832,0.02078672275435614,0.3293054499504938
2022-02-10,16:00:00,1832.37,1840.55,1821.68,1835.68,44362,1835.8,1824.73,81.51462994836474,1824.73,1836.02,0.6000887802579037,-0.0065366597668531905,0.6000887802579037,-0.01851831679393025,BEARISH_DAILY_STRUCTURE_DOUBLE_TOP,-0.32304105290682816,-0.5839797786106525,0.011984659635667833
2022-02-18,00:00:00,1899.9,1900.25,1897.38,1899.94,7183,1901.13,1867.39,95.98087818696887,1851.41,1901.13,1.7430745586085366,-0.06259435178025988,2.6212454291593956,-0.06259435178025988,BEARISH_DAILY_STRUCTURE_DOUBLE_TOP,-0.46738318052149586,-0.46317252123751035,0.2579028811436079
2022-03-02,00:00:00,1940.32,1950.17,1939.17,1942.29,11946,1942.74,1901.39,80.15015356614732,1890.86,1942.74,2.1510579102656404,-0.023163161308257692,2.71992638270417,-0.023163161308257692,BEARISH_DAILY_STRUCTURE_DOUBLE_TOP,-0.33877536310231365,-0.6708575959305754,-0.6940261238023168
2022-04-20,08:00:00,1944.2,1946.81,1939.32,1943.83,19663,1982.0,1943.81,18.34957189253008,1942.64,1998.43,0.0010289071462736487,-1.9258324924318906,0.06125684635340707,-2.7321447336158955,BULLISH_DAILY_STRUCTURE_DOUBLE_BOTTOM,0.429564313751724,0.7181697987992796,0.30866896796530563
2022-06-03,04:00:00,1869.92,1874.09,1867.83,1868.96,8917,1870.36,1844.13,80.68075556386765,1828.5,1870.63,1.3464343620026746,-0.07485190016894415,2.2127426852611447,-0.08927473631878419,BEARISH_DAILY_STRUCTURE_DOUBLE_TOP,-0.22900436606454777,-0.9069214964472244,-0.6875481551237125
2022-06-07,00:00:00,1842.04,1842.49,1837.85,1839.43,2811,1857.82,1839.84,18.629173989454927,1839.84,1869.2,-0.0222845464822949,-0.9898698474556131,-0.0222845464822949,-1.5926599614808463,BULLISH_DAILY_STRUCTURE_DOUBLE_BOTTOM,0.04240444050602484,0.4332863985038858,0.7676291024937013
2022-06-07,04:00:00,1839.43,1842.52,1837.03,1840.21,11896,1857.82,1839.84,17.06224809673033,1837.85,1867.89,0.020110444386474816,-0.9478851557201398,0.1284109149277758,-1.4818859782963698,BULLISH_DAILY_STRUCTURE_DOUBLE_BOTTOM,0.10433591818325477,0.608626189402299,0.3613717999576061
2022-07-06,12:00:00,1767.81,1771.84,1760.09,1763.21,19535,1812.13,1763.95,12.587195783599583,1763.08,1812.13,-0.04195130247456045,-2.6995855705716516,0.00737346008122769,-2.6995855705716516,BULLISH_DAILY_STRUCTURE_DOUBLE_BOTTOM,-1.674219179791402,-1.3169163060554345,-1.10366887665111
2022-09-01,00:00:00,1710.17,1711.39,1705.26,1708.92,6458,1726.52,1709.63,18.203785743052734,1709.63,1737.93,-0.041529453741454954,-1.019391608553617,-0.041529453741454954,-1.6692271840637996,BULLISH_DAILY_STRUCTURE_DOUBLE_BOTTOM,-0.24869508227418485,-0.41605224352223197,-0.6863984270767512
2022-10-11,04:00:00,1670.13,1673.65,1661.39,1664.16,18305,1699.81,1665.71,9.849936143039983,1665.71,1714.83,-0.09305341265886345,-2.097293226890056,-0.09305341265886345,-2.954811847238493,BULLISH_DAILY_STRUCTURE_DOUBLE_BOTTOM,0.034251514277469496,1.0539851937313698,0.07270935486971258
2022-10-20,00:00:00,1629.58,1630.19,1626.45,1627.13,4071,1654.5,1627.68,18.916137883724886,1627.68,1660.93,-0.03379042563648595,-1.6542762163795643,-0.03379042563648595,-2.035004485438878,BULLISH_DAILY_STRUCTURE_DOUBLE_BOTTOM,-0.05285379779121074,0.6299435201858486,-0.012906159925761088
2022-11-14,16:00:00,1756.33,1775.09,1755.56,1771.49,39018,1772.78,1747.3,82.06984251198267,1747.3,1772.78,1.3844216791621389,-0.07276706641545841,1.3844216791621389,-0.07276706641545841,BEARISH_DAILY_STRUCTURE_DOUBLE_TOP,0.08072300718604472,-0.01072543452122533,-0.014112413843713483
2022-11-14,20:00:00,1771.54,1773.97,1766.6,1772.92,27898,1772.78,1747.3,82.05580029368566,1747.3,1775.09,1.466262233159739,0.007897201006334686,1.466262233159739,-0.12224732267095445,BEARISH_DAILY_STRUCTURE_DOUBLE_TOP,-0.19290210500192184,0.5640412426956658,0.3186833021230435
2023-04-05,08:00:00,2023.01,2028.34,2022.08,2025.43,15445,2025.0,1977.01,84.57651101677786,1972.4,2025.34,2.4491530138947235,0.021234567901237712,2.6886027175015195,0.004443698342013959,BEARISH_DAILY_STRUCTURE_DOUBLE_TOP,-0.1219494132110232,-0.21575665414258297,-0.4448438109438485
2023-05-18,08:00:00,1982.3,1982.77,1973.55,1974.54,18053,1993.04,1974.98,12.905027932960323,1974.98,2014.9,-0.022278706619816634,-0.9282302412395135,-0.022278706619816634,-2.003077075785405,BULLISH_DAILY_STRUCTURE_DOUBLE_BOTTOM,-0.019244988706224323,-0.8731147507773966,-0.38338043291095325
2023-05-18,12:00:00,1974.54,1978.95,1972.22,1974.16,17649,1993.04,1974.98,8.428821130316067,1973.55,1997.06,-0.04151940779146808,-0.9472965921406435,0.030908768462928598,-1.1466856278729665,BULLISH_DAILY_STRUCTURE_DOUBLE_BOTTOM,-0.9198849130769583,-0.8023665761640467,-0.528325971552461
2023-06-23,00:00:00,1913.87,1914.94,1912.18,1914.44,4082,1934.82,1912.77,15.279170845870809,1912.77,1937.6,0.0873079356117083,-1.0533279581563082,0.0873079356117083,-1.1952931461601908,BULLISH_DAILY_STRUCTURE_DOUBLE_BOTTOM,-0.1060362299157964,0.2465472932032358,0.5683124046718561
2023-06-23,04:00:00,1914.43,1916.07,1909.99,1912.41,10974,1934.82,1912.77,11.738148984198318,1912.18,1937.6,-0.018820872347428075,-1.1582472788166267,0.012028156345114904,-1.300061932287357,BULLISH_DAILY_STRUCTURE_DOUBLE_BOTTOM,0.29596164002488246,0.4544004685187709,0.6849995555346348
2023-07-13,00:00:00,1958.68,1958.7,1957.04,1957.75,4143,1959.7,1931.63,80.30491047686569,1926.39,1959.7,1.3522258403524428,-0.0995050262795349,1.627915427301839,-0.0995050262795349,BEARISH_DAILY_STRUCTURE_DOUBLE_TOP,0.13127314519218164,0.11237389860809836,0.11799259353849804
2023-07-13,04:00:00,1957.74,1961.74,1956.38,1960.32,20547,1959.7,1931.63,80.39181080127054,1929.32,1959.7,1.4852740949353564,0.0316374955350253,1.6067837372753093,0.0316374955350253,BEARISH_DAILY_STRUCTURE_DOUBLE_TOP,0.0765181194906954,-0.2708741429970589,0.11681766242245979
2023-07-27,04:00:00,1971.99,1982.17,1971.14,1977.95,16876,1978.32,1962.0,85.24932815765942,1951.74,1978.32,0.8129459734964345,-0.018702737676406792,1.3429042802832363,-0.018702737676406792,BEARISH_DAILY_STRUCTURE_DOUBLE_TOP,0.09959806870750157,-1.570818271442652,-1.1992214161126433
2023-07-27,08:00:00,1977.94,1982.23,1974.05,1979.92,21074,1978.32,1962.0,86.05701383008793,1951.74,1982.17,0.913353720693174,0.08087670346557364,1.4438398557184904,-0.1135119591155148,BEARISH_DAILY_STRUCTURE_DOUBLE_TOP,-0.044446240252136913,-1.8005778011232825,-1.5283445795789723
2023-08-24,04:00:00,1917.88,1921.66,1917.29,1920.97,13555,1920.38,1897.13,83.82016764033473,1889.11,1920.38,1.2566350223759004,0.030723086055880505,1.686508461656554,0.030723086055880505,BEARISH_DAILY_STRUCTURE_DOUBLE_TOP,-0.07340041749741442,0.006246844042327099,-0.3899071823089381
2023-08-24,08:00:00,1920.93,1923.02,1919.51,1919.56,18573,1920.38,1897.13,80.7616221562802,1889.11,1921.66,1.1823122295256432,-0.04269988231496702,1.6118701399071547,-0.10928051788558518,BEARISH_DAILY_STRUCTURE_DOUBLE_TOP,-0.15211819375272695,-0.1443039029777648,-0.27714684615223995
2023-09-06,12:00:00,1922.97,1927.72,1922.58,1925.44,14874,1938.99,1925.36,12.102404965088922,1922.92,1938.99,0.004155067104341765,-0.6988174255669165,0.13105069373660796,-0.6988174255669165,BULLISH_DAILY_STRUCTURE_DOUBLE_BOTTOM,-0.448728602293507,-0.434705833471836,-0.1869702509556328
2023-09-07,00:00:00,1916.73,1918.22,1915.91,1917.07,2857,1929.19,1915.31,12.123335669235601,1915.31,1938.99,0.09189112989542116,-0.6282429413380806,0.09189112989542116,-1.1304854589244953,BULLISH_DAILY_STRUCTURE_DOUBLE_BOTTOM,0.16066184333384564,0.2488172054228579,0.1658781369485759
2023-09-18,16:00:00,1926.81,1929.38,1922.83,1928.99,35857,1930.43,1909.19,83.7324766355141,1909.19,1930.67,1.0370890272838196,-0.07459477940148332,1.0370890272838196,-0.08701642435009938,BEARISH_DAILY_STRUCTURE_DOUBLE_TOP,0.223432988247733,0.16900035770014313,0.21513849216429795
2023-09-19,00:00:00,1933.32,1934.48,1933.06,1934.1,3042,1933.59,1922.52,85.03492745835581,1914.94,1933.59,0.6023344360526771,0.026375808728840704,1.0005535421475271,0.026375808728840704,BEARISH_DAILY_STRUCTURE_DOUBLE_TOP,-0.09565172431621474,0.062044361718631175,-0.14063388656221498
2023-09-19,04:00:00,1934.1,1934.61,1931.74,1932.25,8799,1933.59,1922.52,80.2816901408453,1916.07,1934.48,0.5061065684622277,-0.06930114450322551,0.8444367898876379,-0.11527645672222085,BEARISH_DAILY_STRUCTURE_DOUBLE_TOP,0.11489196532539925,0.046060292405232246,-0.08384008280501441
2023-09-19,08:00:00,1932.25,1934.82,1929.84,1934.47,12673,1933.59,1922.52,81.24842052059667,1916.07,1934.61,0.6215800095707741,0.045511199375261,0.9602989452368699,-0.007236600658524078,BEARISH_DAILY_STRUCTURE_DOUBLE_TOP,0.04290580882618636,-0.1276835515670973,-0.2967220995931707
2023-09-27,04:00:00,1901.54,1903.92,1899.49,1899.9,10065,1916.81,1899.12,7.820299500832348,1899.12,1926.84,0.041071654239869,-0.8821948967294544,0.041071654239869,-1.3981441116024074,BULLISH_DAILY_STRUCTURE_DOUBLE_BOTTOM,-0.16948260434759865,-0.9689983683351798,-1.32691194273383
2023-10-10,00:00:00,1863.28,1863.28,1860.35,1862.55,4907,1863.49,1844.23,90.71700727398665,1810.47,1863.49,0.9933685060973921,-0.05044298601012372,2.876601103580834,-0.05044298601012372,BEARISH_DAILY_STRUCTURE_DOUBLE_TOP,-0.004832085044692392,-0.2883144076669024,-0.15462672143029083
2023-10-10,04:00:00,1862.54,1865.37,1861.41,1862.46,28544,1863.49,1844.23,89.71892095830971,1810.47,1863.49,0.988488420641678,-0.055272633606833016,2.87163001872442,-0.055272633606833016,BEARISH_DAILY_STRUCTURE_DOUBLE_TOP,-0.2732944600152565,-0.06228321682076833,-0.1272510550562223
2023-10-20,00:00:00,1974.37,1982.12,1972.4,1977.13,9826,1977.73,1945.25,86.18705035971236,1935.12,1977.73,1.6388638992417481,-0.030337811531397564,2.1709248005291775,-0.030337811531397564,BEARISH_DAILY_STRUCTURE_DOUBLE_TOP,0.03287593633194901,0.0050578363587578485,-0.2802041342754493
2023-11-09,04:00:00,1950.82,1954.6,1947.7,1949.29,17233,1971.04,1947.55,17.253001895933977,1947.44,1971.04,0.08934302071833888,-1.103478366750548,0.09499650823644934,-1.103478366750548,BULLISH_DAILY_STRUCTURE_DOUBLE_BOTTOM,0.004617065700852388,0.7033330084287118,0.5232674460957603
2023-11-09,08:00:00,1949.26,1950.51,1948.01,1949.38,14700,1971.04,1947.55,18.861047835990888,1947.44,1971.04,0.09396421144515697,-1.0989122493708832,0.09961795998850052,-1.0989122493708832,BULLISH_DAILY_STRUCTURE_DOUBLE_BOTTOM,-0.02975304968760091,0.4647631554648117,0.30830315279729914
2023-11-15,08:00:00,1966.88,1971.0,1965.85,1970.3,16409,1970.87,1943.76,80.8427543679343,1931.6,1970.87,1.3653949047207454,-0.028921237828975852,2.003520397597849,-0.028921237828975852,BEARISH_DAILY_STRUCTURE_DOUBLE_TOP,0.1329746739075328,-0.43394406943104885,-0.1903263462416891
2023-11-29,00:00:00,2041.73,2044.47,2039.67,2044.35,5112,2042.98,2011.49,92.43960907246925,2005.69,2042.98,1.6336148825000323,0.06705890414981501,1.9275162163644357,0.06705890414981501,BEARISH_DAILY_STRUCTURE_DOUBLE_TOP,-0.01760950913492797,-0.21033580355614032,0.010761366693571419
2023-11-29,04:00:00,2044.4,2051.99,2042.78,2043.99,15422,2042.98,2011.49,91.18228548833564,2005.69,2044.47,1.6157177018031408,0.049437586271035,1.9095672810853102,-0.023477967394973667,BEARISH_DAILY_STRUCTURE_DOUBLE_TOP,-0.07387511680585478,-0.04990239678276223,0.10127251111795735
2024-02-19,00:00:00,2014.69,2016.38,2011.38,2013.92,3204,2015.24,1995.19,86.61793646331186,1990.37,2015.24,0.9387577122980778,-0.06550088326948336,1.1831970940076562,-0.06550088326948336,BEARISH_DAILY_STRUCTURE_DOUBLE_TOP,0.293457535552547,0.22344482402478746,0.10923969174544262
2024-03-04,08:00:00,2081.46,2088.34,2080.22,2087.3,14330,2088.38,2038.92,82.6151560178307,2027.97,2088.38,2.372824828830955,-0.05171472624713545,2.9255856842063817,-0.05171472624713545,BEARISH_DAILY_STRUCTURE_DOUBLE_TOP,-0.25295836726872994,1.3864801418099746,1.3035979495041456
2024-03-06,16:00:00,2132.61,2149.21,2130.98,2141.11,50627,2141.81,2110.43,83.23656578134637,2110.43,2141.81,1.4537321778026417,-0.03268263758222336,1.4537321778026417,-0.03268263758222336,BEARISH_DAILY_STRUCTURE_DOUBLE_TOP,0.14805404673277284,0.49974078865634264,0.5889468546688247
2024-03-07,04:00:00,2147.38,2152.55,2144.2,2151.81,21121,2152.27,2123.59,84.10354745925225,2114.53,2152.27,1.3288817521272844,-0.021372783154531557,1.763039540701704,-0.021372783154531557,BEARISH_DAILY_STRUCTURE_DOUBLE_TOP,0.1998317695335639,0.08876248367652602,0.2723288766201536
2024-04-04,00:00:00,2297.48,2302.49,2296.24,2297.43,6032,2298.84,2265.42,82.39120681920119,2250.42,2298.84,1.4129830230155893,-0.061335282142311306,2.088943397232506,-0.061335282142311306,BEARISH_DAILY_STRUCTURE_DOUBLE_TOP,0.07486626360760741,-0.3538736762382164,-0.38216615957830036
2024-04-04,04:00:00,2297.49,2304.71,2297.22,2299.15,10106,2298.84,2265.42,81.72293364377163,2250.87,2302.49,1.4889071342179383,0.013485062031282968,2.1449483977306643,-0.14506034771050869,BEARISH_DAILY_STRUCTURE_DOUBLE_TOP,-0.26749015940674126,-0.3088097775264732,-0.9751429876258648
2024-05-01,00:00:00,2290.55,2293.39,2285.04,2291.24,5434,2337.03,2289.32,16.455135773317664,2289.32,2346.63,0.08386769870527572,-1.9593244417059434,0.08386769870527572,-2.3604061995286996,BULLISH_DAILY_STRUCTURE_DOUBLE_BOTTOM,-0.3103123199664668,0.1448997049632585,1.4201916865976687
2024-05-16,00:00:00,2386.29,2391.84,2385.13,2391.72,4234,2390.23,2351.84,92.65942804710235,2336.07,2390.23,1.695693584597577,0.06233709726678109,2.382206012662276,0.06233709726678109,BEARISH_DAILY_STRUCTURE_DOUBLE_TOP,-0.12501463382000325,-0.2943488368203621,-0.5807535999197178
2024-05-16,04:00:00,2391.84,2397.25,2386.65,2388.73,14642,2390.23,2351.84,88.37313432835879,2336.62,2391.84,1.5685590856520797,-0.06275546704710425,2.2301443966070704,-0.1300254197605244,BEARISH_DAILY_STRUCTURE_DOUBLE_TOP,0.027629744676035153,-0.2997408664855322,-0.4533789921841283
2024-05-24,00:00:00,2331.6,2333.63,2326.68,2332.0,4566,2383.66,2331.03,14.17939678809266,2331.03,2419.34,0.04161250605954448,-2.167255397162341,0.04161250605954448,-3.6100754751295865,BULLISH_DAILY_STRUCTURE_DOUBLE_BOTTOM,-0.05574614065180883,0.2675814751286356,0.22469982847340403
2024-06-07,00:00:00,2372.53,2378.21,2372.33,2376.78,3461,2378.5,2352.81,80.71281367438456,2328.14,2378.5,1.0187817970851984,-0.07231448391842758,2.0892214385732957,-0.07231448391842758,BEARISH_DAILY_STRUCTURE_DOUBLE_TOP,0.14305068201514806,-1.6901017342791536,-3.2918486355489454
2024-06-07,04:00:00,2376.78,2381.99,2369.47,2380.18,14993,2378.5,2352.81,81.20496160661523,2329.57,2378.5,1.1632898534093228,0.07063275173427944,2.172503938495073,0.07063275173427944,BEARISH_DAILY_STRUCTURE_DOUBLE_TOP,-0.27560940769185294,-3.161945735196488,-3.5640161668445214
2024-06-21,12:00:00,2362.93,2368.73,2361.33,2366.29,14739,2365.46,2327.81,91.50098317675352,2327.81,2365.58,1.6530558765534997,0.035088312632634976,1.6530558765534997,0.030013780975491695,BEARISH_DAILY_STRUCTURE_DOUBLE_TOP,-1.6215256794391175,-1.98961243127427,-1.6921002920183055
2024-08-02,08:00:00,2454.41,2468.35,2454.19,2461.52,37584,2462.17,2430.12,84.64730290456407,2417.22,2462.17,1.2921172616990146,-0.026399476884215588,1.8326838268755092,-0.026399476884215588,BEARISH_DAILY_STRUCTURE_DOUBLE_TOP,-0.09709447820858139,-0.8181936364522682,-1.2041340310052273
2024-09-13,00:00:00,2557.75,2559.98,2556.61,2558.37,8631,2558.97,2510.9,84.51467268623026,2500.85,2558.97,1.8905571707355846,-0.023446933727238266,2.3000179938820793,-0.023446933727238266,BEARISH_DAILY_STRUCTURE_DOUBLE_TOP,0.3693758135062666,0.3459233809026806,0.811454168083593
2024-09-16,04:00:00,2579.07,2588.88,2578.8,2586.23,18464,2585.92,2556.61,91.80253106829318,2512.9,2585.92,1.158565444084154,0.01198799653508018,2.918142385291891,0.01198799653508018,BEARISH_DAILY_STRUCTURE_DOUBLE_TOP,-0.16239854923961974,-0.2478511191966629,-0.35186352335252125
2024-10-14,08:00:00,2655.63,2666.77,2655.3,2660.37,14192,2661.4,2628.02,81.49763722282837,2611.74,2661.4,1.2309647567370077,-0.03870143533479372,1.861977072756098,-0.03870143533479372,BEARISH_DAILY_STRUCTURE_DOUBLE_TOP,-0.30710014020606435,-0.296951175964249,-0.36273149975379704
2024-10-21,00:00:00,2720.16,2725.02,2719.29,2723.49,5167,2722.6,2691.01,85.97552776657221,2673.15,2722.6,1.2069817652108152,0.032689341071030366,1.8831715391953199,0.032689341071030366,BEARISH_DAILY_STRUCTURE_DOUBLE_TOP,0.2948422795751114,0.4002217742675791,-0.07637259545656225
2024-11-20,04:00:00,2635.17,2641.75,2634.78,2637.95,15093,2639.4,2608.28,82.43761178775257,2582.08,2639.4,1.137531246645284,-0.05493672804426281,2.163759449745937,-0.05493672804426281,BEARISH_DAILY_STRUCTURE_DOUBLE_TOP,-0.620178547735919,0.4143368903883808,0.7191190128698518
2024-12-11,00:00:00,2691.96,2698.26,2690.91,2695.82,6166,2695.46,2656.68,80.01029336078196,2634.59,2695.46,1.4732673863619379,0.013355790848320039,2.324080786763785,0.013355790848320039,BEARISH_DAILY_STRUCTURE_DOUBLE_TOP,-0.017805343086705276,0.01706345379142659,0.8939766008116236
2024-12-11,04:00:00,2695.82,2704.06,2693.26,2695.34,17256,2695.46,2656.68,83.76980278047176,2646.1,2698.26,1.4551997229625062,-0.004451930282767722,1.86085181965913,-0.10821788856522621,BEARISH_DAILY_STRUCTURE_DOUBLE_TOP,-0.23522078847196068,0.6537208663841998,0.5531769646871955
2025-01-03,00:00:00,2654.75,2660.46,2654.13,2658.38,5748,2660.45,2621.48,88.12323262390183,2605.33,2660.45,1.4076018127164842,-0.07780638613767255,2.0362103840972234,-0.07780638613767255,BEARISH_DAILY_STRUCTURE_DOUBLE_TOP,0.1459535506586759,-0.028588839819748052,-0.6534054574590499
2025-01-03,04:00:00,2658.44,2665.15,2656.24,2662.26,11964,2660.45,2621.48,89.33729821580272,2605.33,2660.46,1.5556098081999556,0.06803360333779625,2.1851358561103695,0.06765747276787405,BEARISH_DAILY_STRUCTURE_DOUBLE_TOP,-0.30387715700195117,-0.6918933537671028,-0.8271168105294161
2025-01-16,04:00:00,2694.95,2702.15,2692.55,2697.31,14092,2696.04,2669.39,84.10666666666712,2659.86,2697.55,1.0459318421062518,0.047106126021868436,1.4079688404652808,-0.008896962058172654,BEARISH_DAILY_STRUCTURE_DOUBLE_TOP,0.03855693264771063,0.7266498845145686,0.6740048418609592
2025-01-16,08:00:00,2697.26,2699.91,2690.03,2698.35,12523,2696.04,2669.39,81.48685027956145,2659.86,2702.15,1.0848920539898643,0.08568122134686226,1.4470686427105104,-0.14062875858113658,BEARISH_DAILY_STRUCTURE_DOUBLE_TOP,0.2979598643615529,0.6285322511905438,0.45175755554320435
2025-01-22,08:00:00,2750.26,2758.68,2745.59,2748.45,14353,2746.02,2702.81,86.95775849807981,2701.52,2751.12,1.6886129620654013,0.08849170799920744,1.7371701856732444,-0.09705138270959002,BEARISH_DAILY_STRUCTURE_DOUBLE_TOP,0.2892539431315932,0.24886754352453733,0.15790718404919665
2025-01-31,00:00:00,2793.38,2798.49,2789.81,2796.38,8050,2798.32,2752.75,80.77269993986734,2744.76,2798.32,1.5849604940514073,-0.0693273106721195,1.8806744487678297,-0.0693273106721195,BEARISH_DAILY_STRUCTURE_DOUBLE_TOP,0.0,0.13624757722483874,-0.1187249229360875
2025-01-31,08:00:00,2796.32,2801.15,2792.18,2798.15,12747,2798.32,2752.75,81.26434751898283,2744.76,2799.65,1.6492598310780162,-0.00607507361560053,1.9451609612497949,-0.05357812583715822,BEARISH_DAILY_STRUCTURE_DOUBLE_TOP,0.07290531243857419,0.011436127441334773,-0.31377874667191535
2025-01-31,12:00:00,2798.11,2800.74,2791.02,2800.19,15837,2798.32,2752.75,81.8972871523629,2744.76,2801.15,1.7233675415493614,0.06682580977157333,2.0194843993646012,-0.034271638434215816,BEARISH_DAILY_STRUCTURE_DOUBLE_TOP,0.32176388030811354,-0.2546255789785732,0.03749745552979359
2025-03-14,00:00:00,2982.93,2989.78,2981.17,2986.45,5045,2985.46,2930.7,85.42621448212616,2905.97,2985.46,1.9022759067799502,0.033160718951176095,2.769471123239401,0.033160718951176095,BEARISH_DAILY_STRUCTURE_DOUBLE_TOP,0.20659980913794213,0.23338746672471514,0.12054445914046323
2025-03-19,04:00:00,3031.77,3038.89,3027.4,3036.35,9213,3038.26,2999.56,86.6676423240152,2983.04,3038.26,1.2265132219392165,-0.06286492926873635,1.7871030894657782,-0.06286492926873635,BEARISH_DAILY_STRUCTURE_DOUBLE_TOP,-0.01613779702602736,-0.1603899418709928,0.451199631136077
2025-03-19,08:00:00,3036.13,3045.32,3034.24,3035.86,12471,3038.26,2999.56,85.23304107060412,2984.8,3038.89,1.2101774926989353,-0.07899258128007777,1.7106673813990867,-0.0997074589734984,BEARISH_DAILY_STRUCTURE_DOUBLE_TOP,0.09750120229523221,0.3982397080234164,0.21147220227546965
2025-03-20,00:00:00,3047.62,3051.33,3044.04,3050.1,4164,3051.84,3022.89,84.30940658201595,3006.12,3051.84,0.9001319928942184,-0.057014784523442795,1.463015448485091,-0.057014784523442795,BEARISH_DAILY_STRUCTURE_DOUBLE_TOP,-0.0016392905150561343,-0.5140815055244037,-0.12524179535096255
2025-03-20,04:00:00,3050.11,3056.03,3045.04,3050.05,13262,3051.84,3022.89,83.59195790041842,3016.38,3051.84,0.8984779466007796,-0.05865314040054405,1.116238670194076,-0.05865314040054405,BEARISH_DAILY_STRUCTURE_DOUBLE_TOP,-0.2547499221324234,-0.3052408976902149,-0.6399895083687147
2025-03-31,00:00:00,3086.59,3097.77,3086.59,3089.18,4850,3086.77,3053.75,91.97481396680001,3026.81,3086.77,1.160212853049524,0.07807514003310433,2.060585236602228,0.07807514003310433,BEARISH_DAILY_STRUCTURE_DOUBLE_TOP,0.579441793615137,0.9808428126557917,1.0174220990683707
2025-07-02,20:00:00,3340.98,3359.45,3340.95,3358.2,12134,3357.92,3302.33,84.70445903905987,3309.97,3357.92,1.6918357644451005,0.008338495258962254,1.4571129043465656,0.008338495258962254,BEARISH_DAILY_STRUCTURE_DOUBLE_TOP,-0.26442737180631454,-0.36180096480256196,-0.815019951164311
2025-07-14,00:00:00,3362.47,3373.94,3359.59,3367.8,7442,3368.75,3321.78,89.52303302079035,3310.12,3368.75,1.3854018026479773,-0.028200371057508517,1.7425350138363653,-0.028200371057508517,BEARISH_DAILY_STRUCTURE_DOUBLE_TOP,-0.322465704614292,-0.10986400617614682,-0.6686857889423357
2025-07-25,08:00:00,3359.01,3363.48,3352.71,3354.05,10749,3393.35,3351.39,16.26688723462908,3351.39,3429.96,0.07937005242601755,-1.1581475533027752,0.07937005242601755,-2.213145342802827,BULLISH_DAILY_STRUCTURE_DOUBLE_BOTTOM,-0.38699482714926786,-0.5187758083511006,-0.5688645070884566
2025-08-04,04:00:00,3361.96,3362.39,3345.07,3360.4,12789,3363.45,3281.59,82.317852577759,3281.59,3364.62,2.401579722024992,-0.09068069987660668,2.401579722024992,-0.12542278177029798,BEARISH_DAILY_STRUCTURE_DOUBLE_TOP,-0.13659088203785696,0.4127484823235297,0.34936317105105885
2025-09-09,04:00:00,3635.03,3654.38,3633.51,3645.94,17087,3646.35,3579.64,82.10140093395583,3544.86,3646.35,1.8521415561341414,-0.011244120833157938,2.8514525256286545,-0.011244120833157938,BEARISH_DAILY_STRUCTURE_DOUBLE_TOP,-0.044432985732071585,-0.013713884485208204,-0.26358085980570517
2026-05-18,00:00:00,4542.58,4554.99,4480.44,4515.98,18125,4665.28,4511.76,11.779715075483367,4511.83,4718.82,0.09353334397218258,-3.2002366417449792,0.09198041592878359,-4.298532260183693,BULLISH_DAILY_STRUCTURE_DOUBLE_BOTTOM,0.5469466206670697,1.2267547686216624,1.0493846296927871
