trade_date,trade_time,open,high,low,close,volume,sma,std,upper_band,lower_band,recent_low,recent_high,distance_to_recent_low_pct,distance_to_recent_high_pct,signal,forward_1,forward_3,forward_6
2023-04-12,21:00:00,12966.74,12990.49,12835.59,12857.49,9065,13009.289999999999,62.171649064221384,13133.633298128441,12884.946701871557,12875.89,13141.24,-0.1429027430336826,-2.1592330708517613,BB_DOUBLE_BOTTOM_BULLISH,0.04044335247393331,0.30488065711115253,1.7460639673839917
2023-04-19,09:00:00,13067.39,13068.39,12975.64,12986.14,7094,13083.0375,45.874397959578566,13174.786295919157,12991.288704080844,12985.49,13205.04,0.005005587005185296,-1.6577003931832197,BB_DOUBLE_BOTTOM_BULLISH,0.1520852231687014,0.7045973630347432,-0.1986733548229056
2023-04-20,09:00:00,13028.69,13048.69,12937.59,12960.34,7098,13070.710000000001,53.835302934981186,13178.380605869963,12963.039394130039,12975.64,13161.29,-0.11791325899916515,-1.5268260178143687,BB_DOUBLE_BOTTOM_BULLISH,0.5235202162906248,0.3379540968832551,0.18402295001520302
2023-05-04,13:00:00,13050.04,13064.79,12962.29,12974.79,10545,13155.179999999998,86.83408195790125,13328.848163915802,12981.511836084195,12981.04,13242.99,-0.04814714383439231,-2.0252224006814092,BB_DOUBLE_BOTTOM_BULLISH,0.5491418358216202,0.5499125612052183,1.1838341892238604
2023-05-05,21:00:00,13240.89,13292.39,13231.64,13250.89,5621,13097.855,75.70664835574922,13249.268296711498,12946.441703288501,12937.79,13241.14,2.4200423719970607,0.0736341432837354,BB_DOUBLE_TOP_BEARISH,0.020375989839178557,0.06942929871126187,0.22375855508574485
2023-05-11,01:00:00,13353.54,13394.79,13352.29,13377.79,3473,13261.7025,48.975904051162715,13359.654308102325,13163.750691897674,13148.79,13389.54,1.741605121079582,-0.08775506850870156,BB_DOUBLE_TOP_BEARISH,0.028031535851586846,-0.33563092259634403,0.4350494364166197
2023-05-11,05:00:00,13377.04,13386.04,13374.54,13381.54,2920,13268.235,55.70825767946147,13379.651515358924,13156.818484641077,13148.79,13394.79,1.7701248555950775,-0.09891905733497874,BB_DOUBLE_TOP_BEARISH,0.14385489263567572,-0.05716830798250018,0.32470104337765987
2023-05-19,01:00:00,13859.24,13915.49,13854.74,13882.24,4891,13550.835000000001,146.05343551696916,13842.94187103394,13258.728128966062,13425.09,13866.54,3.405191324601918,0.11322218808728715,BB_DOUBLE_TOP_BEARISH,-0.09544569176156009,-0.20349741828408094,-0.453457078972838
2023-06-08,05:00:00,14313.84,14313.84,14246.84,14268.59,5201,14508.407500000001,105.61480692018982,14719.637113840381,14297.177886159621,14289.24,14657.24,-0.14451433386240023,-2.651590613239598,BB_DOUBLE_BOTTOM_BULLISH,0.43977716088275015,1.1399164178100263,1.5576171156365135
2023-06-15,21:00:00,15178.59,15262.34,15148.59,15194.59,8716,14945.3375,113.41881918826377,15172.175138376528,14718.499861623472,14800.84,15184.09,2.6603219817253616,0.06915132879217654,BB_DOUBLE_TOP_BEARISH,-0.3096496845258692,0.17999827570207794,-0.470891284332116
2023-06-21,13:00:00,15078.14,15089.89,14948.14,14955.14,9329,15096.5125,64.44314400477388,15225.398788009548,14967.626211990453,14957.79,15141.04,-0.017716520956648375,-1.2277888440952633,BB_DOUBLE_BOTTOM_BULLISH,-0.2072865917671115,-0.6148387778382477,-0.21029559067985262
2023-06-22,05:00:00,14863.44,14867.94,14825.44,14837.44,3785,15030.9625,89.277486516437,15209.517473032874,14852.407526967125,14834.14,15141.04,0.022245981229792166,-2.0051462779307125,BB_DOUBLE_BOTTOM_BULLISH,0.13310921560592662,1.0446546034895507,1.00893415575732
2023-06-26,21:00:00,14744.24,14792.24,14697.49,14715.24,7687,14909.454999999998,86.3077115845028,15082.070423169003,14736.839576830993,14722.24,15012.39,-0.04754711239593975,-1.979365044473263,BB_DOUBLE_BOTTOM_BULLISH,0.12538021805964922,0.34114292393464685,1.5276679143527465
2023-06-30,17:00:00,15170.59,15228.09,15135.84,15199.09,12382,14978.1725,88.31012380873072,15154.792747617463,14801.552252382538,14879.14,15182.09,2.1503258924911033,0.11197404309946787,BB_DOUBLE_TOP_BEARISH,-0.17698427997991745,0.06743824794773898,0.09540044831631367
2023-07-10,05:00:00,15005.49,15020.74,14955.99,14956.49,4934,15127.747500000001,80.86093207191752,15289.469364143837,14966.025635856166,14978.49,15220.84,-0.14687728869866054,-1.7367635426165726,BB_DOUBLE_BOTTOM_BULLISH,0.2624278824777739,0.4496375820797527,0.8183738296886478
2023-07-12,17:00:00,15340.89,15383.39,15219.39,15327.74,14126,15100.767499999998,102.13732045768374,15305.042140915366,14896.49285908463,14981.14,15346.14,2.313575602390742,-0.11989985755375382,BB_DOUBLE_TOP_BEARISH,0.029358535570149287,0.3046763580279984,1.355059519537784
2023-07-18,21:00:00,15833.64,15912.99,15829.24,15831.74,6834,15643.829999999998,87.34303605550934,15818.516072111017,15469.14392788898,15550.89,15834.64,1.806005958501413,-0.018314278063786965,BB_DOUBLE_TOP_BEARISH,0.10295772921991578,0.360352052269688,-0.04705736703608642
2023-07-25,21:00:00,15590.24,15636.49,15511.09,15619.49,8151,15499.814999999999,56.7963571387508,15613.4077142775,15386.222285722497,15380.89,15608.24,1.5512756413965667,0.072077313009026,BB_DOUBLE_TOP_BEARISH,-0.458081537873511,-0.45424018325821724,-0.5723618376784365
2023-08-02,13:00:00,15557.79,15637.54,15499.99,15521.24,11659,15707.205000000002,73.67485306203366,15854.554706124069,15559.855293875935,15508.29,15803.09,0.08350372607166172,-1.783511958737186,BB_DOUBLE_BOTTOM_BULLISH,-0.8675208939491924,-0.7012970613172682,-1.036321840265342
2023-08-10,17:00:00,15359.59,15374.34,15066.84,15074.34,20535,15267.935000000001,95.16212329777265,15458.259246595546,15077.610753404457,15075.99,15367.24,-0.010944554884950415,-1.9060026393809146,BB_DOUBLE_BOTTOM_BULLISH,0.474315956784841,0.5108017996144442,-0.3807795233489469
2023-08-17,01:00:00,14890.64,14895.14,14830.64,14863.64,5272,15078.105000000001,104.66905753502847,15287.443115070058,14868.766884929944,14865.09,15277.19,-0.009754397719763067,-2.7069768720556664,BB_DOUBLE_BOTTOM_BULLISH,0.023547394850790253,0.04373087615146761,-0.8941282216200046
2023-08-24,01:00:00,15296.54,15325.79,15254.04,15322.54,5736,14954.130000000001,174.53879797913288,15303.207595958267,14605.052404041735,14887.34,15303.84,2.9232891839643664,0.12219155453795079,BB_DOUBLE_TOP_BEARISH,0.20884265924579082,-0.890191835035193,-3.297756116153073
2023-09-07,09:00:00,15335.84,15343.59,15269.34,15306.59,7904,15464.930000000002,75.28019694879465,15615.490393897591,15314.369606102413,15304.64,15576.09,0.012741234030991437,-1.7302159913046213,BB_DOUBLE_BOTTOM_BULLISH,-0.7725430680510813,-0.1649616276388144,-0.48639180901821194
2023-09-11,17:00:00,15371.54,15477.79,15349.29,15477.54,13211,15333.5375,69.19270663392679,15471.922913267854,15195.152086732147,15221.59,15458.54,1.6814931948633534,0.12290940800360188,BB_DOUBLE_TOP_BEARISH,0.03262792407578512,-0.0038765850387100518,-0.7888850553770196
2023-09-11,21:00:00,15478.54,15504.79,15462.29,15482.59,5963,15334.359999999997,70.92793859754505,15476.215877195087,15192.504122804907,15221.59,15477.79,1.7146697552620982,0.031012179387362615,BB_DOUBLE_TOP_BEARISH,-0.11722844821182785,-0.21249674634540885,-1.0676508258631099
2023-09-21,05:00:00,14921.69,14928.94,14908.19,14915.69,3884,15173.6525,108.07765589590207,15389.807811791805,14957.497188208195,14918.19,15265.24,-0.016758065154016673,-2.289842806270974,BB_DOUBLE_BOTTOM_BULLISH,-0.29331529416339436,-0.7307741043156568,-1.2114759692645847
2023-09-26,13:00:00,14681.99,14735.99,14609.74,14614.49,9944,14734.285,54.55617312733376,14843.397346254667,14625.172653745332,14623.99,14805.64,-0.06496175120469858,-1.291062054730492,BB_DOUBLE_BOTTOM_BULLISH,-0.22067140214951053,-0.11837566688949988,-0.022580329522270518
2023-09-26,21:00:00,14582.74,14583.49,14513.24,14568.99,6754,14710.24,63.16563647713539,14836.57127295427,14583.90872704573,14552.24,14793.24,0.11510255465825192,-1.5158950980312629,BB_DOUBLE_BOTTOM_BULLISH,0.19356180490206065,0.27592853039229714,0.34491066299036516
2023-09-29,09:00:00,14730.59,14811.69,14730.59,14807.69,7904,14637.25,74.54163725187271,14786.333274503746,14488.166725496254,14438.14,14792.09,2.559540217784293,0.10546177044623418,BB_DOUBLE_TOP_BEARISH,0.5338442390406557,-0.43794812019970947,-0.3366494031141951
2023-10-03,21:00:00,14557.14,14591.99,14510.89,14570.59,8122,14758.4225,87.77010232321356,14933.962704646428,14582.882295353573,14550.14,14901.24,0.14054847582223076,-2.2189428530779964,BB_DOUBLE_BOTTOM_BULLISH,-0.21001208598965698,-0.08132820977050595,1.327331288575134
2023-10-04,05:00:00,14540.49,14550.99,14496.74,14508.99,6349,14739.485,113.52426925776916,14966.53353851554,14512.436461484462,14510.89,14901.24,-0.013093614519851202,-2.6323312690755936,BB_DOUBLE_BOTTOM_BULLISH,0.34289085594517604,1.1682412076926099,1.8929642931727133
2023-10-19,05:00:00,14915.19,14923.19,14871.19,14880.44,4851,15065.87,90.79357935795882,15247.457158715919,14884.282841284083,14867.59,15195.34,0.08642960964083865,-2.0723458639293337,BB_DOUBLE_BOTTOM_BULLISH,0.3460919166368736,0.0033601156955036272,-1.0570923978054485
2023-10-20,01:00:00,14746.14,14749.14,14712.14,14730.64,5727,15006.9325,135.7972436692106,15278.526987338422,14735.33801266158,14731.69,15111.84,-0.0071274918220590525,-2.522525384069714,BB_DOUBLE_BOTTOM_BULLISH,-0.05091428478328165,0.008485714130546941,-0.8020696996192945
2023-10-20,21:00:00,14670.39,14675.14,14544.89,14545.54,8798,14895.8475,170.04878268724954,15235.945065374499,14555.7499346255,14557.79,15027.94,-0.08414738775597119,-3.2100208012541946,BB_DOUBLE_BOTTOM_BULLISH,0.4602785458635355,-0.7376831661114066,0.7163707913215934
2023-10-25,21:00:00,14396.34,14418.34,14358.19,14376.84,9180,14615.904999999999,108.963305146307,14833.831610292613,14397.978389707385,14366.59,14850.64,0.07134608838979883,-3.1904348903481554,BB_DOUBLE_BOTTOM_BULLISH,-0.9591815725847935,-0.8635416405830463,-1.744820141282788
2023-10-26,05:00:00,14239.44,14244.44,14217.19,14227.44,5270,14578.377499999999,159.34051907698054,14897.05853815396,14259.696461846037,14229.94,14850.64,-0.017568591294130544,-4.196452139436407,BB_DOUBLE_BOTTOM_BULLISH,0.17747395174395394,-0.5770539183437102,0.09312989546959959
2023-11-01,17:00:00,14502.64,14574.79,14456.04,14524.39,14617,14325.210000000001,89.378787957862,14503.967575915725,14146.452424084277,14236.19,14506.29,2.024418050054115,0.1247734603402975,BB_DOUBLE_TOP_BEARISH,1.0898908663289895,1.3704534235172774,2.7119899699746526
2023-11-02,05:00:00,14732.94,14734.19,14721.69,14723.44,3511,14403.164999999999,150.13855223891898,14703.442104477837,14102.88789552216,14236.19,14741.64,3.422615180044661,-0.12345980501490275,BB_DOUBLE_TOP_BEARISH,0.33721738941442786,1.323399966312223,1.1553006634319178
2023-11-20,21:00:00,16026.69,16071.69,16015.34,16046.74,5454,15856.482500000002,71.87683228801534,16000.236164576032,15712.728835423972,15775.49,16031.94,1.7194394595667077,0.09231571475441694,BB_DOUBLE_TOP_BEARISH,0.14893990928998435,-0.035521233596349844,-0.7356634431666449
2023-11-21,01:00:00,16046.39,16072.89,16046.39,16070.64,3746,15867.252499999999,86.35950999819396,16039.971519996387,15694.53348000361,15775.49,16071.69,1.870940300428067,-0.006533227059513289,BB_DOUBLE_TOP_BEARISH,-0.04822458844202845,-0.7544814643349612,-0.8098619594490302
2023-12-07,17:00:00,15897.54,16047.24,15895.54,16022.74,13460,15864.830000000002,72.64083526083303,16010.111670521668,15719.548329478335,15784.79,16028.04,1.507463830687636,-0.03306704999489077,BB_DOUBLE_TOP_BEARISH,-0.10391481107475772,-0.1054750935233277,0.39537557246763266
2024-01-02,17:00:00,16602.94,16630.69,16528.09,16540.34,13752,16885.579999999998,118.94650677388556,17123.47301354777,16647.686986452227,16563.19,16963.29,-0.1379565168303844,-2.493325292440327,BB_DOUBLE_BOTTOM_BULLISH,0.20253513531160788,0.09461716022767037,-0.6719934414891197
2024-01-09,01:00:00,16640.44,16653.94,16638.69,16652.94,3518,16381.039999999999,122.721437881899,16626.4828757638,16135.597124236201,16184.04,16664.19,2.897298820319264,-0.06751003199075382,BB_DOUBLE_TOP_BEARISH,-0.06605440240582144,-0.5344401649198279,0.26301662048865193
2024-01-16,05:00:00,16775.79,16778.04,16740.54,16755.79,4551,16828.0825,31.77943838343566,16891.64137676687,16764.52362323313,16731.34,16904.04,0.1461329457174424,-0.8770092829879721,BB_DOUBLE_BOTTOM_BULLISH,-0.21693993538951123,0.12920906743279675,-0.22260961733227302
2024-01-16,09:00:00,16756.04,16768.29,16686.44,16719.44,8453,16823.2675,39.98413657503177,16903.235773150067,16743.299226849937,16731.34,16904.04,-0.07112401039009103,-1.0920466350056093,BB_DOUBLE_BOTTOM_BULLISH,0.41059987655089797,0.7883039144851917,0.16537635231802894
2024-01-18,21:00:00,16895.69,16999.29,16893.19,16993.19,7426,16783.4225,92.23787079735261,16967.898241594707,16598.946758405295,16566.39,16976.79,2.576300570009515,0.09660247903165331,BB_DOUBLE_TOP_BEARISH,0.32954377606558866,0.7120499447131469,1.9925629031394472
2024-01-30,01:00:00,17619.09,17640.84,17608.34,17622.84,4493,17480.315000000002,62.844085473196344,17606.003170946395,17354.62682905361,17363.99,17617.84,1.4907288013872302,0.02838032358109734,BB_DOUBLE_TOP_BEARISH,-0.06951206502470657,-0.2587551155205321,-1.5474236842642886
2024-01-31,21:00:00,17295.64,17392.74,17131.29,17174.14,20499,17435.45,128.7007438739192,17692.851487747837,17178.048512252164,17194.49,17633.84,-0.11835186737147876,-2.6069194231092077,BB_DOUBLE_BOTTOM_BULLISH,0.3086035166826403,0.5158919165675963,2.1427564931926724
2024-02-07,21:00:00,17775.24,17790.74,17755.24,17783.44,6276,17632.88,59.785827400051986,17752.451654800105,17513.308345199897,17485.99,17798.99,1.7010761186526873,-0.0873645077614118,BB_DOUBLE_TOP_BEARISH,-0.05848137368246986,-0.1020612434939349,0.03148997044442573
2024-02-28,13:00:00,17909.54,17928.29,17845.19,17864.19,9498,17947.005,40.29511887647828,18027.595237752957,17866.414762247045,17860.29,18007.29,0.021836151596630386,-0.7946781553470965,BB_DOUBLE_BOTTOM_BULLISH,0.2944438006985046,0.07333106063024511,0.8626195758106143
2024-02-28,21:00:00,17918.04,17921.79,17814.79,17829.54,7023,17933.725000000002,41.82431646034676,18017.373632920695,17850.07636707931,17845.19,18007.29,-0.08769870200316063,-0.9871002244091144,BB_DOUBLE_BOTTOM_BULLISH,0.2678139761317454,0.0370172197375734,1.1595924516280285
2024-03-01,01:00:00,18048.24,18098.24,18015.99,18095.49,4845,17939.735,69.11606923373463,18077.96713846747,17801.502861532532,17794.24,18077.29,1.6929635657381263,0.10067880749825182,BB_DOUBLE_TOP_BEARISH,0.08427514259077813,0.038683672008881766,1.31524484830198
2024-03-01,05:00:00,18095.24,18112.49,18085.74,18110.74,3260,17949.480000000003,78.65180695221419,18106.78361390443,17792.176386095576,17794.24,18098.24,1.7786654557879402,0.06906748943543681,BB_DOUBLE_TOP_BEARISH,-0.4154993114582838,1.114532040104372,1.203705646483799
2024-03-01,21:00:00,18311.59,18340.34,18285.24,18294.49,6694,17998.637500000004,135.14629643758005,18268.930092875165,17728.344907124843,17794.24,18315.34,2.811302983437337,-0.11383900053178672,BB_DOUBLE_TOP_BEARISH,0.21317894076303845,0.06149392522010725,-0.4113260331389397
2024-03-04,01:00:00,18320.74,18341.74,18305.99,18333.49,5076,18018.445,153.47689342631918,18325.39878685264,17711.49121314736,17794.24,18340.34,3.0304750301221066,-0.03734936211650681,BB_DOUBLE_TOP_BEARISH,-0.02590886950602422,-0.32454268118072443,-0.8708107403445903
2024-03-15,17:00:00,17860.89,17936.54,17773.64,17847.64,17098,18089.775,112.8989034257581,18315.572806851516,17863.977193148487,17836.29,18188.69,0.06363430960137195,-1.8750663186848493,BB_DOUBLE_BOTTOM_BULLISH,-0.03782012635844291,0.4602849452364652,1.1267596163974742
2024-03-21,01:00:00,18311.29,18370.04,18307.79,18347.04,4752,18019.925,124.94194662449652,18269.80889324899,17770.041106751007,17833.49,18321.54,2.879694327918984,0.13918044007217734,BB_DOUBLE_TOP_BEARISH,0.22483190749025456,0.4387628740112846,-0.014443746784230344
2024-03-21,05:00:00,18347.29,18391.29,18345.54,18388.29,3576,18047.295,142.39607743341546,18332.08715486683,17762.502845133167,17833.49,18370.04,3.1110007070965873,0.0993465446999571,BB_DOUBLE_TOP_BEARISH,-0.008157365366763304,0.05710155756734313,-0.1476483131384237
2024-03-21,09:00:00,18388.79,18446.79,18370.04,18386.79,6613,18072.36,155.8959043721221,18384.151808744245,17760.568191255756,17847.24,18391.29,3.023156521680659,-0.024468104194974902,BB_DOUBLE_TOP_BEARISH,0.22162650468080616,-0.13678298387049317,-0.07423808070903869
2024-03-27,17:00:00,18246.69,18252.44,18173.44,18224.69,13543,18323.3675,47.860283157834374,18419.088066315668,18227.646933684333,18233.39,18412.19,-0.04771465975334663,-1.018347084187161,BB_DOUBLE_BOTTOM_BULLISH,0.4299112906721716,0.4222294041764262,0.22250035528726642
2024-04-05,01:00:00,17922.79,17937.04,17874.04,17888.79,6857,18170.300000000003,131.72856322156673,18433.757126443135,17906.84287355687,17878.99,18379.54,0.054812939657101836,-2.6700885876360343,BB_DOUBLE_BOTTOM_BULLISH,0.2138210577685802,0.7524265196248519,1.4534241835249897
2024-04-11,21:00:00,18267.19,18349.94,18265.19,18318.94,7637,18124.68,93.4010433278609,18311.482086655724,17937.877913344277,17889.69,18299.19,2.3994267089032846,0.10792827442088967,BB_DOUBLE_TOP_BEARISH,0.08079070077200379,-0.30678630968820847,-1.5950704571334209
2024-04-15,21:00:00,17767.34,17783.21,17687.09,17726.44,9378,18089.5625,165.03189362808016,18419.62628725616,17759.49871274384,17721.96,18343.24,0.025279370904795876,-3.362546638434665,BB_DOUBLE_BOTTOM_BULLISH,-0.03666838914074118,-0.188983236340743,0.07672155266371693
2024-04-18,21:00:00,17417.01,17450.89,17362.39,17385.24,9517,17647.0595,125.22941446440703,17897.518328928814,17396.600671071184,17392.26,17817.94,-0.04036278206510712,-2.428451324900618,BB_DOUBLE_BOTTOM_BULLISH,-1.450368243406484,-0.5372373346586037,-2.0002599906587424
2024-04-23,21:00:00,17505.36,17534.49,17461.86,17529.59,7596,17251.769500000002,132.87362573328156,17517.516751466566,16986.022248533438,17018.96,17508.49,3.0003595989414222,0.12051296256843705,BB_DOUBLE_TOP_BEARISH,0.39362015882858636,0.13263287960528455,-0.8807964133787581
2024-04-24,05:00:00,17597.84,17617.59,17593.59,17611.84,4190,17272.1345,167.28210850546725,17606.698717010935,16937.570282989065,17018.96,17601.84,3.483644123965278,0.05681224235648091,BB_DOUBLE_TOP_BEARISH,-0.33500190780747496,-0.23705643476206917,-1.7902729073168917
2024-05-01,01:00:00,17387.64,17412.89,17366.89,17405.14,5114,17698.678,119.75444136801049,17938.18688273602,17459.16911726398,17401.44,17835.46,0.021262608151973214,-2.412721623103636,BB_DOUBLE_BOTTOM_BULLISH,-0.01867264497728832,-0.20396273744422624,0.1795446632431569
2024-05-03,21:00:00,17884.21,17925.59,17884.21,17923.59,6034,17541.087,190.5364066081568,17922.159813216313,17160.014186783686,17283.01,17936.04,3.706414565518401,-0.06941331531375224,BB_DOUBLE_TOP_BEARISH,-0.035986094303656395,0.13836513778768245,0.9255958209265077
2024-05-10,13:00:00,18205.71,18249.82,18150.4,18231.98,8399,18097.417999999998,48.57571730385726,18194.56943460771,18000.266565392285,18006.24,18209.5,1.2536765032566373,0.12345204426260778,BB_DOUBLE_TOP_BEARISH,-0.4251321030409116,-0.36880251075307213,-0.21522621240259132
2024-05-15,01:00:00,18308.2,18328.07,18302.14,18322.81,4736,18194.0645,53.32050523665934,18300.70551047332,18087.42348952668,18072.41,18336.11,1.3855374020399132,-0.07253446887043802,BB_DOUBLE_TOP_BEARISH,-0.03198199402821173,0.34869105775805903,1.6560232846381109
2024-05-15,21:00:00,18582.45,18607.71,18569.87,18596.1,6850,18263.628,129.79733841245718,18523.222676824917,18004.033323175085,18072.41,18583.95,2.897731957165639,0.06537899639203623,BB_DOUBLE_TOP_BEARISH,0.16207699463867722,0.14191147606220153,-0.2841993751377899
2024-05-16,01:00:00,18593.74,18637.24,18591.62,18626.24,5669,18287.2165,150.1829198809194,18587.582339761837,17986.85066023816,18072.41,18607.71,3.064505508673175,0.09958237741238699,BB_DOUBLE_TOP_BEARISH,0.008751095229082094,-0.05164756816191899,-0.29394016183620525
2024-05-23,09:00:00,18876.07,18882.07,18856.44,18873.69,7591,18701.6225,81.97258481874412,18865.56766963749,18537.677330362512,18603.73,18897.07,1.4511068479278033,-0.12372288402382496,BB_DOUBLE_TOP_BEARISH,-0.5006970020170937,-1.3746649436331586,-1.1188061264119515
2024-05-29,21:00:00,18794.33,18799.96,18674.75,18681.23,7410,18805.908000000003,57.94458410755462,18921.79716821511,18690.018831784895,18690.44,18909.37,-0.049276528535439124,-1.2064918080295612,BB_DOUBLE_BOTTOM_BULLISH,-0.15983958229731438,-0.057490861147782894,-0.8313157110104595
2024-05-30,01:00:00,18693.37,18696.12,18643.49,18651.37,6231,18804.472,61.47507159326812,18927.422143186537,18681.521856813466,18674.75,18909.37,-0.12519578575349613,-1.3644029388604697,BB_DOUBLE_BOTTOM_BULLISH,-0.19907384819451537,0.1290521822257545,-0.829215226549041
2024-05-31,01:00:00,18513.96,18517.84,18442.09,18496.71,6569,18744.2655,118.8724499301452,18982.010399860294,18506.52060013971,18483.3,18821.29,0.07255197935433529,-1.7245364159417433,BB_DOUBLE_BOTTOM_BULLISH,-0.10607291783240902,-0.03497919359711822,0.41915562281077273
2024-06-06,01:00:00,19032.85,19059.9,19021.6,19052.43,5354,18678.7485,167.1706257336512,19013.089751467305,18344.407248532698,18470.96,19043.14,3.1480226257866466,0.04878397155091478,BB_DOUBLE_TOP_BEARISH,-0.0708571032671423,-0.3418461582065963,-0.046923148385789586
2024-06-12,01:00:00,19203.33,19235.44,19199.6,19222.44,5064,19049.896,71.4624518562559,19192.820903712513,18906.97109628749,18939.12,19222.15,1.495951237438697,0.001508676188653377,BB_DOUBLE_TOP_BEARISH,0.05784905558296772,1.2237780427458826,1.9102153524734755
2024-06-12,05:00:00,19222.31,19234.22,19218.39,19233.56,4262,19060.2625,82.09553400759759,19224.453568015197,18896.071431984805,18943.12,19235.44,1.53322156012316,-0.009773626181659379,BB_DOUBLE_TOP_BEARISH,0.010502475880702463,1.3165529418370676,1.8825428053880722
2024-06-12,17:00:00,19457.93,19515.05,19449.5,19486.78,12522,19112.397,152.79064683087086,19417.97829366174,18806.81570633826,18962.54,19473.89,2.7646085387295054,0.06619119241199072,BB_DOUBLE_TOP_BEARISH,0.4427103913524987,0.5586351362308221,0.27428851765145773
2024-06-13,01:00:00,19556.16,19592.9,19550.97,19589.63,4413,19166.903499999997,206.3764775784376,19579.656455156874,18754.15054484312,18962.54,19577.75,3.306993683335672,0.060681130364832615,BB_DOUBLE_TOP_BEARISH,0.030679497264616017,0.06294146443806292,0.06243099027393352
2024-06-21,13:00:00,19741.11,19777.99,19645.24,19679.99,10810,19890.931000000004,100.71472431464947,20092.360448629304,19689.501551370704,19681.11,20085.36,-0.005690735939177116,-2.018236168034822,BB_DOUBLE_BOTTOM_BULLISH,0.06580287896486273,-0.013363827928779527,-0.01915651379904378
2024-07-02,21:00:00,19964.88,20014.55,19961.16,19995.07,7314,19801.3545,90.18806645782873,19981.73063291566,19620.978367084343,19570.5,19972.45,2.169438695996524,0.11325601015398201,BB_DOUBLE_TOP_BEARISH,0.007851935502099812,0.18274504665400457,0.8660634846489754
2024-07-10,21:00:00,20645.81,20688.32,20626.15,20666.74,6986,20468.4285,85.25463285990726,20638.937765719817,20297.919234280187,20391.72,20651.88,1.348684662206035,0.07195470823964008,BB_DOUBLE_TOP_BEARISH,-0.0773706932007738,-0.04093533861655377,-2.1638149025922924
2024-07-17,21:00:00,19835.34,19879.02,19771.59,19819.45,9725,20302.3525,194.53136210109486,20691.415224202192,19913.28977579781,19813.31,20480.41,0.030989269334600923,-3.2272791413843724,BB_DOUBLE_BOTTOM_BULLISH,0.2918345362762344,0.26695998123055814,-0.2640840184768
2024-08-01,01:00:00,19466.87,19573.92,19461.42,19496.62,8573,19102.1105,182.81625516457024,19467.74301032914,18736.477989670857,18585.03,19501.04,4.904969214469927,-0.022665457842258114,BB_DOUBLE_TOP_BEARISH,0.27281651896586345,0.05759972754251539,-3.741469034119756
2024-08-01,05:00:00,19497.61,19549.93,19481.91,19549.81,7602,19128.301499999998,207.2292173638677,19542.759934727732,18713.843065272264,18585.03,19573.92,5.1911672997030545,-0.12317410104872681,BB_DOUBLE_TOP_BEARISH,-0.5179078466747247,-3.3983450478546984,-4.6517076125036585
2024-08-13,21:00:00,18957.97,19020.49,18932.96,18996.3,8073,18561.660499999998,172.3370557786515,18906.3346115573,18216.986388442696,18424.36,18988.65,3.104259795184195,0.04028722421024042,BB_DOUBLE_TOP_BEARISH,0.25620778783237735,0.013528950374545089,0.2387307001889957
2024-08-14,01:00:00,19020.81,19054.18,18987.57,19044.97,6700,18593.6315,199.08684204778953,18991.805184095578,18195.45781590442,18424.36,19020.49,3.368420938366383,0.12870330890528878,BB_DOUBLE_TOP_BEARISH,-0.1427673553699603,-0.5814658673655122,0.11399335362565088
2024-08-22,21:00:00,19524.34,19587.96,19455.54,19531.1,10494,19751.349,96.43891281144269,19944.226825622885,19558.47117437711,19504.43,19935.98,0.13673816666264152,-2.0309009138251595,BB_DOUBLE_BOTTOM_BULLISH,0.18247820143260265,0.5504554274976936,0.8783939460655126
2024-08-28,21:00:00,19234.04,19413.68,19215.23,19239.61,10748,19552.382,140.13200001213465,19832.64600002427,19272.117999975733,19227.89,19622.22,0.060953125902016105,-1.949881308027331,BB_DOUBLE_BOTTOM_BULLISH,-0.380153235954364,0.9629093313221962,0.7451814251952039
2024-09-04,01:00:00,18938.06,18949.71,18778.49,18838.13,8695,19406.854,216.4970406119002,19839.8480812238,18973.859918776197,18863.8,19617.52,-0.1360807472513399,-3.972928280435037,BB_DOUBLE_BOTTOM_BULLISH,-0.16158716390640857,0.46443038666788033,0.5282371445573334
2024-09-06,21:00:00,18445.06,18498.71,18396.24,18410.74,9129,18843.857,165.75033070062133,19175.35766140124,18512.356338598758,18397.72,19107.12,0.07076963884655509,-3.6446099673838726,BB_DOUBLE_BOTTOM_BULLISH,0.37950674443286353,1.0014263413637854,1.4866322592138994
2024-09-12,01:00:00,19205.15,19261.43,19204.91,19250.76,6535,18730.048,215.92993979771217,19161.907879595423,18298.188120404575,18523.45,19264.68,3.926428392119166,-0.0722565856271783,BB_DOUBLE_TOP_BEARISH,0.1862264139182151,-0.09495728999789535,0.8887960787002809
2024-09-12,05:00:00,19250.38,19302.1,19236.82,19286.61,6970,18773.841500000002,235.67766650045235,19245.196833000908,18302.486166999097,18523.45,19264.68,4.119966852827091,0.11383526744280358,BB_DOUBLE_TOP_BEARISH,-0.0905809782019814,0.8000369168039343,0.7136038941006274
2024-09-19,05:00:00,19496.01,19648.31,19489.66,19640.52,8667,19464.875,59.14435858686135,19583.163717173724,19346.586282826276,19321.94,19653.09,1.6487992406559682,-0.06395940790989971,BB_DOUBLE_TOP_BEARISH,0.49947761057242146,1.5400305083572183,0.8419838171290729
2024-09-19,13:00:00,19737.64,19833.11,19717.11,19760.24,12170,19489.563000000002,106.02525786969952,19701.613515739402,19277.512484260602,19321.94,19741.18,2.2684057604981844,0.09654944638568369,BB_DOUBLE_TOP_BEARISH,0.9248369453002595,0.2778306336360177,0.023532102848942204
2024-09-25,13:00:00,19886.08,20010.28,19886.08,20008.67,9405,19861.8695,65.80064097254801,19993.470781945096,19730.268218054905,19733.05,19990.25,1.396743027560357,0.09214492064880757,BB_DOUBLE_TOP_BEARISH,-0.15698194832540022,0.4172691138391587,0.9592841503208476
2024-10-01,13:00:00,20067.29,20112.57,19773.24,19831.14,12676,20050.8815,89.95506031687606,20230.79162063375,19870.97137936625,19846.05,20117.86,-0.0751283000899416,-1.4252012888050776,BB_DOUBLE_BOTTOM_BULLISH,-0.18561716573024883,-0.2884856846353721,-0.6278005197885749
2024-10-01,17:00:00,19835.49,19870.74,19619.41,19794.33,24376,20028.3675,95.11673746552937,20218.600974931058,19838.134025068943,19773.24,20117.86,0.1066593031794493,-1.6081730362970954,BB_DOUBLE_BOTTOM_BULLISH,-0.18394156306378387,-0.3970328877006706,0.21920418624929167
2024-10-09,21:00:00,20204.79,20286.72,20195.95,20249.02,7989,19990.858,123.81987939206236,20238.497758784124,19743.218241215876,19752.79,20252.99,2.5122020737323667,-0.019602043945121998,BB_DOUBLE_TOP_BEARISH,0.04528614224292461,-0.04469352097039399,0.006666989316018972
2024-10-22,17:00:00,20302.74,20417.01,20269.08,20415.73,11984,20296.183500000003,54.17889852174384,20404.54129704349,20187.825702956514,20181.11,20391.99,1.1625723262991927,0.11641826030710078,BB_DOUBLE_TOP_BEARISH,-0.2412355570924968,-0.31245515100366666,-2.1529477515621576
2024-10-30,01:00:00,20582.21,20648.69,20578.75,20643.96,6409,20406.009,111.60715063409138,20629.223301268183,20182.794698731814,20293.42,20615.27,1.7273579317828187,0.139168684184096,BB_DOUBLE_TOP_BEARISH,-0.3355945274065578,-0.7178370816451819,-1.6507976182864184
2024-10-31,21:00:00,19903.2,19998.5,19878.64,19904.01,10506,20352.673,210.89758437644508,20774.46816875289,19930.877831247108,19893.51,20644.34,0.052781032608121954,-3.5861160976810194,BB_DOUBLE_BOTTOM_BULLISH,0.15062291467901795,0.3453073023978746,0.7528633677334476
2024-11-05,17:00:00,20174.0,20254.01,20117.36,20193.74,15223,20028.659,77.10574146847318,20182.870482936945,19874.447517063054,19894.99,20180.12,1.5016343310552052,0.0674921655570067,BB_DOUBLE_TOP_BEARISH,0.23967823691895515,1.6726965881505795,2.693062305447124
2024-11-05,21:00:00,20193.37,20267.64,20164.4,20242.14,8425,20039.078,90.70995358853547,20220.497907177072,19857.65809282293,19894.99,20254.01,1.7449116586638034,-0.05860567857919978,BB_DOUBLE_TOP_BEARISH,1.1251280744032006,1.6091184034889647,2.7989629554977866
2024-11-06,09:00:00,20530.27,20613.36,20529.79,20567.86,11819,20130.4755,184.8554167729314,20500.186333545862,19760.76466645414,19913.39,20549.77,3.2865825457142215,0.08803018233294166,BB_DOUBLE_TOP_BEARISH,-0.03777738666054921,1.1710017473864491,1.2485985416081093
2024-11-14,17:00:00,20981.52,21031.93,20911.81,20922.88,16029,21051.807999999997,52.710698864025204,21157.229397728046,20946.38660227195,20951.29,21158.39,-0.13560024227625053,-1.113080910220477,BB_DOUBLE_BOTTOM_BULLISH,-0.26731501590603346,-0.7638049828704333,-2.8141441331212493
2024-11-15,01:00:00,20852.57,20858.44,20778.44,20808.44,7837,21028.8815,84.35178713202714,21197.585074264054,20860.177925735945,20839.44,21158.39,-0.1487563965250506,-1.6539538216282086,BB_DOUBLE_BOTTOM_BULLISH,-0.21803652748595753,-1.0558215800896036,-1.3544023482779013
2024-11-15,05:00:00,20808.32,20822.69,20725.07,20763.07,7274,21011.9015,101.2120906692027,21214.325681338407,20809.477318661593,20778.44,21158.39,-0.07397090445673006,-1.868384125635267,BB_DOUBLE_BOTTOM_BULLISH,-0.18162054070038355,-2.066120279900795,-1.0366964037591744
2024-11-15,09:00:00,20762.57,20769.32,20690.94,20725.36,9690,20993.3315,117.5723801380073,21228.476260276017,20758.186739723984,20725.07,21158.39,0.001399271510305505,-2.0466112969843113,BB_DOUBLE_BOTTOM_BULLISH,-0.6591924096855204,-1.5813959323263866,-1.1479655841925154
2024-12-16,21:00:00,22096.09,22131.84,22075.82,22089.37,7410,21783.4055,130.31567310790774,22044.036846215815,21522.774153784187,21645.16,22105.45,2.052237082100567,-0.0727422422977218,BB_DOUBLE_TOP_BEARISH,0.041784804184092,0.0005885183687946676,-0.4854371129642881
2025-01-13,05:00:00,20757.99,20769.11,20691.61,20739.11,6862,21086.217500000002,157.16146359964597,21400.540427199296,20771.89457280071,20710.51,21201.99,0.13809413674507381,-2.1831912947794097,BB_DOUBLE_BOTTOM_BULLISH,-0.7467533563397801,-0.07247176952144443,0.6688811622099557
2025-01-15,21:00:00,21212.53,21283.62,21203.1,21209.57,7741,20860.505500000003,170.16318760394807,21200.8318752079,20520.179124792106,20615.77,21237.07,2.8803192895535763,-0.1294905559006021,BB_DOUBLE_TOP_BEARISH,0.10400965224660996,0.5742219196334526,-0.7286804965871504
2025-02-13,21:00:00,21906.8,22036.08,21899.43,21991.25,7849,21742.568,92.61283306518303,21927.793666130365,21557.342333869634,21419.94,21968.12,2.6671876765294456,0.10528893687762547,BB_DOUBLE_TOP_BEARISH,0.2852952878986033,0.1568351048712629,0.6399818109475433
2025-02-14,01:00:00,22000.12,22065.74,21990.99,22053.99,6849,21756.15,115.77592700393897,21987.70185400788,21524.598145992124,21419.94,22036.08,2.9600923251885995,0.08127579859938724,BB_DOUBLE_TOP_BEARISH,-0.007935072066324505,-0.02888366232143308,0.5979870309182029
2025-02-14,05:00:00,22054.49,22067.12,22033.49,22052.24,5346,21771.6625,133.24557256864597,22038.153645137292,21505.171354862705,21419.94,22065.74,2.951922367663042,-0.061180816958778625,BB_DOUBLE_TOP_BEARISH,-0.1201691982311094,0.23530489419668665,0.6399803375983454
2025-02-24,21:00:00,21543.37,21572.95,21340.88,21361.43,9972,21887.4415,252.62352385085015,22392.688547701702,21382.1944522983,21368.52,22177.12,-0.03317964931591025,-3.678070010894105,BB_DOUBLE_BOTTOM_BULLISH,0.060576468897441275,-0.6059519423559129,-1.0900955600818887
2025-02-28,01:00:00,20616.61,20637.11,20489.86,20535.74,9377,21131.750500000002,225.07971337599122,21581.909926751985,20681.59107324802,20530.29,21350.56,0.02654614230973224,-3.8163870174833803,BB_DOUBLE_BOTTOM_BULLISH,0.034671260933372645,0.03954082005322906,1.6915387514645146
2025-03-10,13:00:00,19974.74,19994.99,19716.86,19762.61,19773,20231.2785,227.37530394715992,20686.02910789432,19776.52789210568,19733.5,20255.86,0.14751564598272268,-2.4350977939223513,BB_DOUBLE_BOTTOM_BULLISH,-1.788225340681223,-2.7064744990666667,-1.3624212591353067
2025-03-11,01:00:00,19425.36,19432.24,19115.11,19227.74,10754,20068.966500000002,367.7844342787059,20804.535368557415,19333.39763144259,19241.55,20255.86,-0.0717717647486698,-5.075666992169174,BB_DOUBLE_BOTTOM_BULLISH,1.1506812553113366,1.381441604681564,1.1428800264617682
2025-03-24,01:00:00,19894.36,19935.11,19853.49,19906.24,7725,19666.8485,117.89349637371113,19902.635492747424,19431.061507252576,19399.24,19888.94,2.6135044465659476,0.0869830166917036,BB_DOUBLE_TOP_BEARISH,0.03642074043114119,1.0341983217322759,1.2697023646856462
2025-03-24,17:00:00,20111.74,20173.01,20072.99,20134.47,14322,19768.3325,171.50844892138886,20111.34939784278,19425.31560215722,19399.24,20135.36,3.789993834810021,-0.004420084865626529,BB_DOUBLE_TOP_BEARISH,0.09342187800323362,0.021803404807772032,0.3713035406444689
2025-05-12,05:00:00,20437.54,20483.91,20425.91,20474.16,6638,20061.435999999998,178.04455821393896,20417.525116427874,19705.34688357212,19900.44,20467.66,2.8829513317293545,0.03175741633386523,BB_DOUBLE_TOP_BEARISH,1.727787611311038,1.7134280478417738,1.486410187279975
2025-05-19,09:00:00,21165.62,21207.49,21032.87,21084.24,11034,21267.9505,80.40223350418916,21428.75496700838,21107.14603299162,21114.49,21444.86,-0.14326654349690662,-1.6816150816559259,BB_DOUBLE_BOTTOM_BULLISH,0.9254779873497805,1.662426532803641,1.2572423762962197
2025-05-21,21:00:00,21199.65,21211.12,21001.46,21069.65,15806,21286.1705,103.48513539247499,21493.14077078495,21079.20022921505,21091.45,21483.98,-0.10335941815284996,-1.928553275510395,BB_DOUBLE_BOTTOM_BULLISH,0.06497497585388788,0.30465622352530153,0.34898538893621317
2025-05-29,05:00:00,21741.24,21771.12,21722.99,21752.49,7990,21320.221500000003,204.98886501938185,21730.19923003877,20910.24376996124,21138.67,21778.49,2.9037777684215866,-0.11938385076283983,BB_DOUBLE_TOP_BEARISH,-0.09249515802559899,-1.9849681576683975,-1.9037820497791407
2025-06-24,05:00:00,22047.27,22083.64,21997.02,22076.14,7729,21694.7575,161.9306253951686,22018.618750790338,21370.89624920966,21456.74,22052.52,2.886738619193772,0.10710794049840554,BB_DOUBLE_TOP_BEARISH,0.08946310360416268,0.5299839555284575,0.58379771101289
2025-06-24,09:00:00,22075.14,22162.39,22042.64,22095.89,11973,21712.567499999997,185.0680461452676,22082.703592290534,21342.43140770946,21456.74,22083.64,2.978784288759605,0.05547092779994603,BB_DOUBLE_TOP_BEARISH,-0.10861748497118695,0.41016677762244935,0.4876472502352247
2025-07-15,05:00:00,22966.34,22992.72,22863.84,22970.72,8610,22793.4995,84.62825255970658,22962.756005119416,22624.242994880588,22626.89,22996.47,1.519563669598437,-0.1119737072689852,BB_DOUBLE_TOP_BEARISH,0.11862928110220315,0.09677537317071282,-0.5858762807609066
2025-07-15,09:00:00,22970.59,23002.97,22955.84,22997.97,8236,22803.4145,96.21271589415883,22995.839931788316,22610.989068211682,22626.89,22996.47,1.639995598157775,0.006522740229261273,BB_DOUBLE_TOP_BEARISH,-0.15436145016277525,-0.6734072615974479,-0.7297600614315165
2025-07-28,05:00:00,23398.89,23434.39,23394.29,23430.49,4192,23227.0405,99.80382686855634,23426.64815373711,23027.432846262887,23148.79,23412.29,1.216910257512383,0.07773694926895544,BB_DOUBLE_TOP_BEARISH,-0.20358088968690252,-0.46264504071405016,-0.09133398405240971
2025-07-30,21:00:00,23406.49,23550.49,23221.39,23522.59,15440,23379.420000000002,57.421847116638816,23494.26369423328,23264.576305766725,23283.29,23513.69,1.0277757138273813,0.03785029061793983,BB_DOUBLE_TOP_BEARISH,0.4740124280532033,0.5331045603396627,-1.4024816144820849
2025-07-31,05:00:00,23633.99,23673.39,23632.79,23664.49,5225,23414.855000000003,94.41645861746915,23603.68791723494,23226.022082765066,23221.39,23643.79,1.9081545075467152,0.08754941572396273,BB_DOUBLE_TOP_BEARISH,-0.06972472256955464,-1.732553712334388,-2.1187864179621085
2025-07-31,09:00:00,23664.39,23708.79,23641.99,23647.99,7132,23427.315000000002,107.69442577066981,23642.70385154134,23211.926148458664,23221.39,23673.39,1.8370993295405753,-0.107293463251346,BB_DOUBLE_TOP_BEARISH,-0.4727674529632451,-1.9253221944021581,-2.7516080647869043
2025-08-01,17:00:00,22753.69,22913.99,22670.29,22715.69,21282,23310.55,261.25342485788184,23833.056849715762,22788.043150284237,22729.69,23708.79,-0.061593448920772786,-4.188741812635745,BB_DOUBLE_BOTTOM_BULLISH,0.15187740279956277,0.6642985531146158,1.9140954996304447
2025-08-12,21:00:00,23810.69,23848.89,23799.09,23846.19,6342,23566.620000000003,127.03447563539048,23820.688951270782,23312.551048729223,23484.49,23813.09,1.5401654453641407,0.13899918070270825,BB_DOUBLE_TOP_BEARISH,-0.07716117333627644,0.24993510493710813,-0.08219342377125463
2025-08-18,09:00:00,23764.79,23766.39,23651.69,23671.89,8906,23807.3,62.813205952645745,23932.92641190529,23681.67358809471,23646.39,23908.49,0.10783887096508177,-0.9896066209116601,BB_DOUBLE_BOTTOM_BULLISH,-0.05196036311422228,0.12673259296152525,0.12757747691460516
2025-08-19,21:00:00,23421.79,23422.49,23343.79,23387.89,8311,23698.61,122.37373557199852,23943.357471143998,23453.862528856003,23361.19,23794.29,0.11429212296120501,-1.7079727951538015,BB_DOUBLE_BOTTOM_BULLISH,-0.3796836739013193,-0.15221552692439783,-0.6285304061204324
2025-08-20,05:00:00,23298.69,23315.19,23254.89,23285.59,6773,23645.3,165.85859830449826,23977.017196608995,23313.582803391004,23288.39,23751.29,-0.012023158320516243,-1.9607356063607522,BB_DOUBLE_BOTTOM_BULLISH,0.2864432466602767,-0.42000224172975337,-0.10092078405571857
2025-08-28,17:00:00,23545.59,23713.09,23535.59,23707.49,14675,23494.260000000002,77.328459389433,23648.91691877887,23339.603081221136,23374.99,23681.89,1.4224605015873801,0.10809948023575054,BB_DOUBLE_TOP_BEARISH,-0.037962686054069834,-0.1885480074018832,-1.2565649083897175
2025-08-28,21:00:00,23706.69,23740.39,23690.09,23698.49,6306,23506.72,88.91056476189578,23684.541129523794,23328.89887047621,23374.99,23713.09,1.3839578113188498,-0.06156936949169655,BB_DOUBLE_TOP_BEARISH,-0.11561918080013306,-0.44348817160925513,-1.2194869799721417
2025-09-05,01:00:00,23659.99,23701.39,23650.79,23696.89,5367,23391.9,137.01083284090805,23665.921665681817,23117.878334318186,23266.09,23664.49,1.8516218238646858,0.1369140006820253,BB_DOUBLE_TOP_BEARISH,0.11098502799312177,0.505551572379326,0.15656062884202182
2025-09-05,05:00:00,23696.79,23732.19,23680.79,23723.19,4287,23405.365,155.41990279298076,23716.204805585963,23094.52519441404,23276.19,23701.39,1.9204173878972461,0.09197772788853005,BB_DOUBLE_TOP_BEARISH,0.0956869628410038,-0.6213329657604978,-0.10748976001962637
2025-09-11,17:00:00,23950.59,24017.69,23919.79,24003.09,13285,23848.5,64.13796724290502,23976.77593448581,23720.22406551419,23754.99,24009.59,1.0444121424593256,-0.027072515607305246,BB_DOUBLE_TOP_BEARISH,-0.10123696574065785,0.04874372424550642,0.4216123840722204
2025-09-15,17:00:00,24242.29,24273.89,24210.29,24269.79,12079,24008.780000000002,122.53048127727439,24253.84096255455,23763.719037445455,23949.39,24242.39,1.3378211303085443,0.113025159648044,BB_DOUBLE_TOP_BEARISH,0.03708313916189633,0.2781235437142225,0.04697197627172636
2025-09-18,17:00:00,24447.29,24567.79,24447.29,24487.29,14314,24312.105,79.84194435798729,24471.788888715975,24152.421111284024,23993.19,24514.79,2.0593343361178826,-0.11217717957200532,BB_DOUBLE_TOP_BEARISH,-0.07309914653684199,-0.10495240592160557,0.34589372690894227
2025-10-01,21:00:00,24762.39,24813.69,24758.39,24787.09,7135,24597.829999999998,80.96737744562266,24759.764754891243,24435.895245108753,24413.09,24769.19,1.5319650236819673,0.072267199694465,BB_DOUBLE_TOP_BEARISH,0.28845661188949573,0.37963310739581996,0.4373244297737308
2025-10-02,05:00:00,24858.29,24860.59,24828.09,24853.89,5328,24635.17,103.44562568604269,24842.061251372084,24428.278748627912,24413.09,24861.19,1.8055887230989573,-0.029363035317292827,BB_DOUBLE_TOP_BEARISH,0.10984196035308466,0.07041151304685102,0.431723162852975
2025-10-27,05:00:00,25571.59,25640.69,25566.19,25636.39,5548,25150.0,232.05940006331068,25614.11880012662,24685.88119987338,24781.69,25605.39,3.4489173256545493,0.12106825945630978,BB_DOUBLE_TOP_BEARISH,0.21726928011315452,0.5620916205440867,0.7056375722166868
2025-11-04,09:00:00,25646.59,25671.99,25516.09,25628.59,12051,25941.129999999997,133.0373291491715,26207.204658298342,25675.055341701653,25615.19,26130.39,0.052312709763236015,-1.9203693477211756,BB_DOUBLE_BOTTOM_BULLISH,0.45652140831782,-0.7035111958948942,-1.3340570043065243
2025-11-04,17:00:00,25746.49,25763.39,25474.19,25540.29,18519,25895.065,151.69638955837013,26198.45777911674,25591.672220883258,25516.09,26130.39,0.09484211726796986,-2.2582900599646565,BB_DOUBLE_BOTTOM_BULLISH,-0.3602151737509637,-0.542671990020482,0.7748541617969013
2025-11-04,21:00:00,25539.09,25558.39,25393.49,25448.29,11517,25868.199999999997,179.79559417292478,26227.791188345847,25508.608811654147,25474.19,26130.39,-0.1016715349928607,-2.6103705302523172,BB_DOUBLE_BOTTOM_BULLISH,-0.6291188916819251,-0.6350131973504003,0.615365511788802
2025-11-07,17:00:00,24893.69,24933.49,24599.59,24813.49,24711,25368.395,261.5973975301998,25891.5897950604,24845.2002049396,24806.69,25697.79,0.027411960241382104,-3.441151943416143,BB_DOUBLE_BOTTOM_BULLISH,1.2098257842810385,2.217342260197969,2.944769155809993
2025-11-14,09:00:00,24972.89,24977.79,24804.99,24848.29,14148,25401.394999999997,274.74301193132476,25950.881023862647,24851.908976137347,24878.89,25620.49,-0.12299584105238837,-3.0139938775565986,BB_DOUBLE_BOTTOM_BULLISH,0.041853986733082306,0.7771158498230604,1.0604351446316829
2025-12-01,17:00:00,25311.79,25444.99,25217.39,25436.49,19237,25257.81,80.22818509767664,25418.266370195353,25097.35362980465,25143.39,25473.09,1.1657139311763538,-0.14368103751841077,BB_DOUBLE_TOP_BEARISH,-0.351070450364822,-0.46154166710895034,0.35814689841247177
2025-12-02,17:00:00,25547.99,25619.59,25364.99,25527.59,21390,25328.629999999997,99.00847066292319,25526.646941325846,25130.61305867415,25143.39,25562.29,1.5280357978776957,-0.1357468364532314,BB_DOUBLE_TOP_BEARISH,0.09479939156027156,0.31808721465677225,0.21506142961400374
2025-12-03,01:00:00,25571.59,25624.39,25527.79,25606.49,8923,25361.74,121.01205898960583,25603.76411797921,25119.71588202079,25158.59,25619.59,1.780306448016369,-0.05113274646471135,BB_DOUBLE_TOP_BEARISH,0.008982097897834777,-0.6139068650174261,-0.01093472787563977
2025-12-05,13:00:00,25674.89,25761.09,25538.99,25748.49,12529,25585.025,72.31871909415544,25729.662438188312,25440.38756181169,25444.89,25713.09,1.1931668794795427,0.13767306846435592,BB_DOUBLE_TOP_BEARISH,-0.23846058545569643,-0.006602328913271137,-0.1603977553635297
2025-12-11,01:00:00,25752.99,25754.29,25496.49,25520.39,8782,25658.420000000002,68.58482339290987,25795.589646785822,25521.25035321418,25498.69,25835.09,0.08510241114347729,-1.2181107168583534,BB_DOUBLE_BOTTOM_BULLISH,-0.15203529413147399,-0.5399604002916855,0.5987369315280812
2025-12-11,05:00:00,25521.49,25522.49,25355.79,25481.59,12386,25647.645,78.41359626228379,25804.47219252457,25490.817807475432,25496.49,25835.09,-0.05843941656283455,-1.3682940527786045,BB_DOUBLE_BOTTOM_BULLISH,0.3449549262820784,0.5140966478151482,0.695011575023374
2025-12-11,13:00:00,25569.29,25672.69,25373.29,25382.59,14517,25620.195,90.87717839188083,25801.94935678376,25438.44064321624,25355.79,25835.09,0.10569577993822821,-1.7514938016472945,BB_DOUBLE_BOTTOM_BULLISH,0.9061329044829546,1.1448792262728058,0.6130186084241149
2025-12-11,21:00:00,25611.89,25835.69,25610.39,25808.49,10743,25618.075,93.54074414728444,25805.15648829457,25430.99351170543,25355.79,25835.09,1.7853910290312418,-0.10296074060511709,BB_DOUBLE_TOP_BEARISH,-0.5242460911118896,-0.9543371192968008,-2.4081222884407416
2025-12-17,21:00:00,24698.74,24735.67,24628.74,24700.29,13274,25077.741,177.0597869554298,25431.86057391086,24723.621426089143,24675.12,25247.81,0.10200558295157994,-2.168584126702476,BB_DOUBLE_BOTTOM_BULLISH,0.11639539454799924,0.5597909984052837,1.1254928585858708
2026-01-19,05:00:00,25253.79,25256.54,25202.28,25222.29,8796,25543.9815,150.37936739987111,25844.740234799745,25243.22276520026,25213.79,25789.06,0.03371171093278717,-2.1977148449769026,BB_DOUBLE_BOTTOM_BULLISH,-0.45832475956783536,0.05082805724618862,-0.8275616528078915
2026-01-22,09:00:00,25383.92,25560.19,25343.31,25532.81,11237,25181.395500000002,152.13102975853374,25485.65755951707,24877.133440482936,24871.81,25497.11,2.6576272494844564,0.14001586846509556,BB_DOUBLE_TOP_BEARISH,-0.4303090807474877,-0.25465273896606144,-0.4122147151057795
2026-01-27,05:00:00,25835.04,25892.54,25827.79,25866.67,6950,25563.920000000002,139.6588568049302,25843.237713609862,25284.60228639014,25312.42,25839.04,2.18963654996243,0.10693121725883539,BB_DOUBLE_TOP_BEARISH,0.014072163135042339,0.34190717243465174,1.1636596438582936
2026-02-12,21:00:00,24822.86,24861.11,24639.61,24739.04,15708,25175.954,143.82844069042494,25463.610881380853,24888.29711861915,24716.11,25379.31,0.09277349874231945,-2.5228030234076515,BB_DOUBLE_BOTTOM_BULLISH,-0.09345552616432416,-0.39201197782937236,-0.18998311979769625
2026-02-13,05:00:00,24715.79,24733.54,24556.79,24626.79,13288,25115.8695,207.17420176881146,25530.217903537625,24701.521096462377,24623.04,25379.31,0.015229638582400874,-2.9650924315909313,BB_DOUBLE_BOTTOM_BULLISH,0.062005645071893,0.9240749606424536,0.4923499977057505
2026-02-25,17:00:00,25290.69,25306.36,25211.36,25297.36,16122,24920.668,168.88004124967426,25258.42808249935,24582.907917500652,24642.31,25297.06,2.6582329335196224,0.0011859085601222924,BB_DOUBLE_TOP_BEARISH,0.43158653709319983,-0.07834809640215307,-1.3677316526309464
2026-03-03,09:00:00,24713.17,24726.69,24353.69,24409.81,22566,24886.9815,218.77925109117476,25324.54000218235,24449.42299781765,24435.06,25057.24,-0.10333512583967464,-2.583804122082082,BB_DOUBLE_BOTTOM_BULLISH,0.15669929425915236,1.0691603089085886,1.6324584255264567
2026-03-26,21:00:00,23657.49,23820.29,23560.69,23619.79,17887,24076.844999999998,174.07327396914914,24424.991547938294,23728.6984520617,23649.19,24329.19,-0.12431715420273513,-2.9158389572361343,BB_DOUBLE_BOTTOM_BULLISH,0.24174643381672123,-0.32091733245722875,-2.2802912303623453
2026-03-27,09:00:00,23731.89,23759.59,23514.89,23543.99,15905,23999.995000000003,226.78523221858785,24453.56546443718,23546.424535562826,23560.69,24308.59,-0.07088077641188391,-3.1453901686605374,BB_DOUBLE_BOTTOM_BULLISH,-1.0911489513884496,-1.9656821125051567,-1.3608568471189524
2026-04-08,09:00:00,25021.29,25074.29,24964.89,25030.99,15101,24212.28,348.5564424576693,24909.392884915338,23515.16711508466,23772.19,25027.09,5.2952630784122245,0.015583114137526397,BB_DOUBLE_TOP_BEARISH,-0.4686190997639442,-0.6515922862020326,-0.7470739271598925
2026-04-14,01:00:00,25420.59,25456.49,25398.99,25419.99,8988,25056.585,175.35006032996975,25407.285120659937,24705.88487934006,24758.39,25419.09,2.672225455694018,0.0035406460262796787,BB_DOUBLE_TOP_BEARISH,-0.030684512464414466,0.549960877246605,1.7895365025713927
2026-04-14,21:00:00,25794.29,25836.29,25722.29,25826.19,12074,25245.96,267.31579412617845,25780.591588252355,24711.328411747643,24886.99,25804.89,3.7738593538230094,0.08254249485271696,BB_DOUBLE_TOP_BEARISH,0.1885682712006716,-0.04297962649542401,1.4183276743491895
2026-04-24,21:00:00,27287.95,27308.47,27238.54,27294.13,11655,26853.5325,202.26821416555893,27258.06892833112,26448.996071668884,26531.59,27316.12,2.8740833097451035,-0.08050191608470736,BB_DOUBLE_TOP_BEARISH,0.37799336340816964,0.07214005355729855,-0.059866352215660085
2026-04-30,21:00:00,27410.69,27487.47,27409.7,27469.42,12277,27186.066499999997,139.03583458061496,27464.138169161226,26907.99483083877,26964.13,27489.8,1.8739340004665355,-0.0741365888438658,BB_DOUBLE_TOP_BEARISH,0.17018925044649652,-0.11944191031335091,0.6743862811810369
2026-05-01,01:00:00,27484.42,27524.46,27423.4,27516.17,11496,27197.478499999997,156.1503620591787,27509.779224118356,26885.17777588164,26964.13,27489.8,2.047312485142288,0.09592648909777074,BB_DOUBLE_TOP_BEARISH,-0.11992948146489865,0.8105052411000531,1.0035190217243206
2026-05-01,17:00:00,27743.32,27783.33,27618.3,27749.83,24164,27270.9625,237.887841149993,27746.73818229999,26795.186817700014,27031.12,27739.19,2.6588243476408033,0.03835728440521535,BB_DOUBLE_TOP_BEARISH,-0.3429210196963494,0.2064156789428938,-0.3062721465320746
2026-05-06,17:00:00,28349.3,28488.2,28264.99,28478.49,22672,27923.664999999997,269.7020159457064,28463.06903189141,27384.260968108585,27606.89,28511.77,3.157182862683925,-0.11672372497392774,BB_DOUBLE_TOP_BEARISH,0.3725618879371713,0.42052791422578367,0.3363591257822912
2026-05-08,21:00:00,29141.34,29259.5,29115.72,29210.24,12294,28561.858,311.91355662465776,29185.685113249318,27938.030886750683,28432.55,29194.45,2.7352101728476774,0.05408562243851442,BB_DOUBLE_TOP_BEARISH,0.04724370631668645,-0.034645384632247526,0.24214111215792666
2026-05-25,05:00:00,29844.08,29913.78,29822.62,29888.55,10628,29329.857,274.8387113830136,29879.534422766028,28780.179577233972,29033.78,29867.28,2.9440534439539063,0.07121505540511368,BB_DOUBLE_TOP_BEARISH,-0.04346145932137211,-0.018067119348371925,-0.4082834396449438
