trade_date,trade_time,open,high,low,close,volume,rsi,signal,forward_1,forward_3,forward_6
2023-03-30,21:00:00,12918.24,12984.04,12913.74,12974.54,5986,80.40530360102447,OVERBOUGHT,0.30713998338282933,-0.05318107616918562,1.6836820419066794
2023-03-31,01:00:00,12962.39,13025.14,12959.64,13014.39,4300,88.44166859434026,OVERBOUGHT,-0.13254558992008078,0.09681590915901832,0.6923105885101059
2023-03-31,05:00:00,13014.14,13022.64,12993.24,12997.14,3972,83.24550245320724,OVERBOUGHT,-0.22697301098549374,0.9105849440723142,0.907892043941975
2023-03-31,17:00:00,13026.74,13126.49,13016.74,13115.49,10342,80.44822877339536,OVERBOUGHT,0.5909043428800602,-0.0026686002581707874,-0.38885318047591055
2023-03-31,21:00:00,13115.99,13195.99,13111.49,13192.99,6052,80.68100642908158,OVERBOUGHT,-0.6708107866374492,-0.6404916550380164,-0.3221407732439728
2023-04-28,01:00:00,13143.99,13156.49,13116.99,13146.24,5021,80.16817916909497,OVERBOUGHT,0.04183705759213281,-0.10459264398033202,0.7420372669295638
2023-05-01,01:00:00,13240.29,13256.04,13229.54,13243.79,4033,83.88194267245046,OVERBOUGHT,0.1963184254658221,-0.046436858331349674,-0.14195332302914113
2023-05-01,05:00:00,13243.54,13276.54,13241.04,13269.79,3055,83.6171868245872,OVERBOUGHT,-0.13451606996041657,0.10889396139651727,-0.21326637422296124
2023-05-01,09:00:00,13269.54,13293.29,13229.29,13251.94,4168,82.1889870836167,OVERBOUGHT,-0.10790872883518256,-0.2316641940727224,-0.02792044032798766
2023-05-01,17:00:00,13235.14,13297.24,13193.64,13284.24,12294,80.53285387381494,OVERBOUGHT,-0.47424617441419303,-0.32180990406677384,-1.0640428056102598
2023-05-09,05:00:00,13280.44,13290.94,13277.44,13282.69,2300,85.54202624423695,OVERBOUGHT,-0.2898509262807458,-0.39525126311010794,-0.5243666757260738
2023-05-18,21:00:00,13724.54,13866.54,13713.04,13864.79,6512,83.46425765907306,OVERBOUGHT,0.12585837939124148,0.05914261954201187,-0.47638658789639865
2023-05-19,01:00:00,13859.24,13915.49,13854.74,13882.24,4891,82.31686827956986,OVERBOUGHT,-0.09544569176156009,-0.20349741828408094,-0.453457078972838
2023-05-19,05:00:00,13881.74,13897.99,13866.99,13868.99,3786,86.11477282713768,OVERBOUGHT,0.0288413215381942,-0.5389721962450041,-0.31328885520862665
2023-05-19,09:00:00,13868.49,13887.24,13843.99,13872.99,5843,85.99663210139147,OVERBOUGHT,-0.13695677716195284,-0.5352126686460525,-0.5276440046449894
2023-05-19,13:00:00,13871.99,13884.99,13833.99,13853.99,8330,83.9142091152815,OVERBOUGHT,-0.4312836951665188,-0.250469359368665,0.2584093102420392
2023-05-19,21:00:00,13794.74,13820.74,13769.74,13798.74,5917,80.28365305787833,OVERBOUGHT,0.1489266411281109,0.007609390422611713,0.540266720004878
2023-05-26,17:00:00,14086.44,14302.94,14079.04,14286.19,12597,84.35603506405928,OVERBOUGHT,0.3230392427932124,0.6562281476026848,0.6509783224218633
2023-05-26,21:00:00,14285.69,14334.94,14261.94,14332.34,6208,91.82321078713834,OVERBOUGHT,0.3007185149110359,0.25885514856611247,0.19222262380043503
2023-05-29,01:00:00,14394.94,14418.44,14359.44,14375.44,5514,92.82161803713521,OVERBOUGHT,0.03130338967015966,-0.20173295565214,-0.05078105435382215
2023-05-29,05:00:00,14374.69,14382.44,14356.19,14379.94,3852,90.72871315395038,OVERBOUGHT,-0.07301838533401392,-0.005215598952429565,0.6210039819359418
2023-05-29,09:00:00,14379.19,14404.44,14360.19,14369.44,4797,90.58647473811739,OVERBOUGHT,-0.16006190916277876,-0.06646048836977009,0.318036054292992
2023-05-29,13:00:00,14369.19,14391.69,14340.44,14346.44,4423,87.88109229173872,OVERBOUGHT,0.22827962895324555,0.15125703658886044,-0.14324111068670062
2023-05-29,17:00:00,14346.69,14383.69,14346.19,14379.19,2742,87.19316189362951,OVERBOUGHT,-0.13422174684388405,0.626252243693833,0.037206546404911285
2023-05-30,01:00:00,14370.89,14383.64,14355.51,14359.89,3850,87.87365630982177,OVERBOUGHT,0.05745169357146886,0.38475225088771575,0.08286971557582583
2023-05-30,05:00:00,14360.14,14373.14,14352.89,14368.14,3627,85.77351645504011,OVERBOUGHT,0.7036401371367509,-0.2940533708608073,-0.24951037503809503
2023-05-30,09:00:00,14368.39,14480.99,14368.39,14469.24,7201,89.06773977196508,OVERBOUGHT,-0.37389662484000796,-0.5853797435110546,-0.8670116744210402
2023-05-30,13:00:00,14468.99,14540.74,14402.14,14415.14,10815,84.82611781405235,OVERBOUGHT,-0.6191407090045605,-0.3007254872307764,-0.4363467853936877
2023-06-05,17:00:00,14584.54,14673.79,14571.79,14614.04,14147,80.10363620119736,OVERBOUGHT,-0.3318726375458121,-0.335636141682937,-0.5494716040191561
2023-06-12,21:00:00,14710.84,14834.84,14695.14,14831.09,7038,82.31339663178318,OVERBOUGHT,0.04450111219067758,0.2808289882941823,0.6739221459784865
2023-06-13,01:00:00,14823.29,14847.04,14818.69,14837.69,3844,80.71487946799667,OVERBOUGHT,0.21903679076729599,0.07009177304553227,0.621727506101017
2023-06-13,09:00:00,14870.44,14908.49,14863.24,14872.74,6479,83.32206826630609,OVERBOUGHT,-0.16573946697111386,0.39199232959092334,0.5140276774824325
2023-06-13,17:00:00,14849.09,14935.99,14786.94,14910.09,16180,81.87716915648103,OVERBOUGHT,0.1405088768746582,0.0593557785365505,0.3242770499708611
2023-06-14,01:00:00,14932.44,14939.94,14912.19,14929.94,3774,84.21763056795767,OVERBOUGHT,-0.0736774561719605,0.09310151279911129,0.4665122565797293
2023-06-14,05:00:00,14930.69,14930.69,14902.94,14918.94,3376,90.21243465687913,OVERBOUGHT,0.2027623946473409,0.26476411863041205,0.6243741177322225
2023-06-14,09:00:00,14918.69,14969.04,14904.19,14949.19,6016,90.15109121432569,OVERBOUGHT,-0.03578789218680319,0.6923452039876408,-0.10335008117497153
2023-06-14,13:00:00,14950.19,14964.94,14875.84,14943.84,10496,88.98683329613918,OVERBOUGHT,0.0976991188342512,0.3730634160965321,0.5437022880330624
2023-06-14,17:00:00,14944.84,15035.04,14929.59,14958.44,13990,88.58167515039327,OVERBOUGHT,0.6300790724166424,0.35866039506793246,1.4650591906642645
2023-06-14,21:00:00,14956.54,15065.94,14800.84,15052.69,17315,91.89137134052382,OVERBOUGHT,-0.3527608686553723,-0.7902242057731922,0.9426886490055906
2023-06-15,01:00:00,15049.59,15052.84,14994.84,14999.59,4320,80.162533861221,OVERBOUGHT,0.08333561117337207,0.17000464679367902,0.9863602938480367
2023-06-21,21:00:00,14923.34,14981.19,14865.69,14869.19,7768,19.716662334286227,OVERSOLD,-0.040351895429408056,-0.08070379085881611,1.3474170415469864
2023-06-22,05:00:00,14863.44,14867.94,14825.44,14837.44,3785,19.83265786377281,OVERSOLD,0.13310921560592662,1.0446546034895507,1.00893415575732
2023-07-04,05:00:00,15204.49,15214.54,15198.04,15206.29,2258,85.98904443091922,OVERBOUGHT,0.02794896059459605,-0.019728678066773683,-0.5221523461672863
2023-07-04,09:00:00,15205.54,15219.54,15196.79,15210.54,3217,84.24366872005496,OVERBOUGHT,0.092041439685902,0.023667798776365233,0.153511972618977
2023-07-04,13:00:00,15210.79,15227.29,15200.29,15224.54,3000,83.93804074797673,OVERBOUGHT,-0.13957728772100833,-0.15534131080480235,0.0400668920046093
2023-07-12,13:00:00,15167.59,15346.14,15157.34,15339.64,10509,85.86539361602544,OVERBOUGHT,-0.07757678798198417,0.12255828689591863,0.917883340156621
2023-07-12,17:00:00,15340.89,15383.39,15219.39,15327.74,14126,82.75453827940021,OVERBOUGHT,0.029358535570149287,0.3046763580279984,1.355059519537784
2023-07-12,21:00:00,15328.99,15350.74,15295.24,15332.24,7029,84.68684447108186,OVERBOUGHT,0.170881749829123,0.5648228830229658,1.5682639979546416
2023-07-13,01:00:00,15339.94,15362.69,15339.94,15358.44,3302,84.29303278688532,OVERBOUGHT,0.1041772471683322,0.794351509658533,1.47931690979031
2023-07-13,05:00:00,15358.69,15400.79,15354.94,15374.44,3712,83.46635030198456,OVERBOUGHT,0.2887910063716118,1.0471926131943667,1.4810295529463116
2023-07-13,09:00:00,15373.44,15433.59,15366.69,15418.84,5661,86.05486284289285,OVERBOUGHT,0.3995112472793048,0.9978052823688447,0.952081998386385
2023-07-13,13:00:00,15419.34,15495.44,15402.69,15480.44,8603,87.08783596564153,OVERBOUGHT,0.3552870590241621,0.6795672474425721,1.2053920947983414
2023-07-13,17:00:00,15478.19,15546.19,15433.54,15535.44,11667,88.0328710837186,OVERBOUGHT,0.2397743481999866,0.4293409134211771,0.5085147250415823
2023-07-13,21:00:00,15535.19,15616.34,15531.69,15572.69,6124,97.80083355502356,OVERBOUGHT,0.08315840102126805,-0.04527156194595212,0.046555861575617315
2023-07-14,01:00:00,15576.39,15593.89,15556.39,15585.64,4081,97.67812002621484,OVERBOUGHT,0.10586668240765218,0.5222756332110934,-0.22937781188324635
2023-07-14,05:00:00,15585.14,15603.89,15581.14,15602.14,3410,97.47941864010578,OVERBOUGHT,-0.23394226689415681,0.07883533925475025,-0.24676102124452157
2023-07-14,09:00:00,15601.14,15613.14,15562.64,15565.64,5301,90.8324651955678,OVERBOUGHT,0.6514348269650426,0.09186901405917837,0.02730372795464883
2023-07-14,13:00:00,15564.39,15687.19,15560.19,15667.04,8113,92.12495932313706,OVERBOUGHT,-0.3357366803174075,-0.7477481387677662,-0.28499320867248346
2023-07-14,17:00:00,15663.19,15732.19,15598.94,15614.44,15052,84.43999383762133,OVERBOUGHT,-0.22094932639274925,-0.32533987770295375,0.5350816295685229
2023-07-19,09:00:00,15850.69,15895.29,15846.69,15888.79,5535,85.8548455353367,OVERBOUGHT,0.003146872732284837,-0.40594658246474397,-1.0639576707855103
2023-07-19,13:00:00,15889.04,15923.79,15865.29,15889.29,7760,85.44682703820644,OVERBOUGHT,-0.34677446254678695,-0.7224992432009302,-0.879837928566985
2023-07-21,01:00:00,15485.54,15492.29,15445.79,15482.04,4281,17.781432748538194,OVERSOLD,0.08558303686077545,0.19118927479840217,-0.25610320087017896
2023-07-21,05:00:00,15482.54,15502.04,15479.54,15495.29,3647,19.827818132903033,OVERSOLD,0.2694367127043121,0.27814903754623854,-0.3575279972172283
2023-07-21,21:00:00,15538.64,15540.14,15412.39,15438.14,7996,17.503421450695072,OVERSOLD,0.027529223079982436,0.25424047197395544,0.19270456155987703
2023-07-24,01:00:00,15463.89,15465.14,15429.64,15442.39,4264,19.54764495569715,OVERSOLD,-0.01618920387323465,-0.2703597046830186,0.11073415449292735
2023-07-24,05:00:00,15442.89,15465.39,15430.89,15439.89,3978,19.775121874508528,OVERSOLD,0.2428773780124081,0.27364184589397983,0.17390020265688658
2023-08-01,05:00:00,15796.09,15798.09,15768.34,15771.09,3365,88.39839977927969,OVERBOUGHT,-0.2935751428721748,-0.18071040112002404,-0.9086245782631338
2023-08-02,17:00:00,15519.74,15527.74,15332.49,15386.59,15298,17.7168141592921,OVERSOLD,-0.11211061060312909,-0.02079733066261418,-0.10886102768709635
2023-08-02,21:00:00,15387.34,15431.94,15350.59,15369.34,8198,17.439024390243972,OVERSOLD,0.28010311438226543,-0.20300156024917615,0.021145995859288686
2023-08-03,05:00:00,15412.89,15414.89,15360.54,15383.39,5212,17.245351324666686,OVERSOLD,-0.29414842892236365,-0.08808201573254837,0.613648877133073
2023-08-03,09:00:00,15383.64,15390.89,15261.29,15338.14,10116,14.163795803319616,OVERSOLD,0.14506322148578643,0.22460350472743584,0.7214042902203361
2023-08-03,13:00:00,15339.14,15379.99,15268.64,15360.39,13049,17.71734004087395,OVERSOLD,0.06152187542113663,0.5152863957230348,0.09439864482607539
2023-08-17,05:00:00,14864.14,14893.89,14847.64,14867.14,5663,12.347110923660765,OVERSOLD,0.34808308793755893,-0.31445187171170785,-1.1041128286946895
2023-08-17,09:00:00,14866.14,14923.39,14863.54,14918.89,7584,14.607087827426554,OVERSOLD,-0.3267669377547525,-1.5483725665917505,-1.6097042072164864
2023-08-17,13:00:00,14919.64,14958.74,14849.64,14870.14,9440,13.453169347208842,OVERSOLD,-0.334563090865318,-0.937449143047743,-1.8957454334659907
2023-08-17,17:00:00,14871.39,14898.14,14797.54,14820.39,15401,14.766355140186661,OVERSOLD,-0.8940385509423168,-0.7921518934386992,-0.9895151207221918
2023-08-17,21:00:00,14821.39,14825.39,14683.14,14687.89,8649,12.201819117899234,OVERSOLD,0.2917369343043852,-0.06229621817701274,0.06944496452520224
2023-08-18,01:00:00,14703.99,14736.24,14677.99,14730.74,5599,18.975853455453674,OVERSOLD,-0.18838157485638876,-0.9673648438571315,-0.1710708355452537
2023-08-18,05:00:00,14731.49,14736.49,14687.49,14702.99,5486,19.55216197666428,OVERSOLD,-0.16493243891208523,-0.19893912734756672,-0.1305856835922415
2023-08-18,09:00:00,14701.99,14723.24,14665.24,14678.74,8386,17.99434558456666,OVERSOLD,-0.6165379317298351,0.13182330363505562,0.7487018640564492
2023-08-18,13:00:00,14677.49,14689.99,14567.49,14588.24,12548,15.831443412100242,OVERSOLD,0.5860885206166062,0.8040723212670007,1.9145558340142546
2023-08-23,13:00:00,15013.09,15063.59,14918.09,15057.09,11088,81.17588107566384,OVERBOUGHT,0.9148514088711696,1.7629568528845927,0.8570713198898279
2023-08-23,17:00:00,15058.09,15201.99,15037.99,15194.84,12760,82.15642811906264,OVERBOUGHT,0.70583171655641,1.0510146865646544,-1.7120943688778534
2023-08-23,21:00:00,15194.09,15303.84,15140.84,15302.09,7676,82.92294870823538,OVERBOUGHT,0.13364187506412997,0.07842066018432776,-3.345294662363113
2023-08-24,01:00:00,15296.54,15325.79,15254.04,15322.54,5736,82.59862580097267,OVERBOUGHT,0.20884265924579082,-0.890191835035193,-3.297756116153073
2023-08-24,05:00:00,15323.04,15362.54,15319.79,15354.54,4919,82.77811735941313,OVERBOUGHT,-0.2634399988537639,-2.734370420735498,-3.5041753123180572
2023-08-29,17:00:00,15133.49,15375.99,15131.49,15348.24,13760,82.60203456305914,OVERBOUGHT,0.34922570926699326,0.35280918202998934,0.73819538917818
2023-08-29,21:00:00,15347.24,15405.34,15343.74,15401.84,6541,81.74628688998901,OVERBOUGHT,0.21133838554354073,-0.3161959869729898,0.5875921318491817
2023-08-30,01:00:00,15408.89,15437.14,15407.14,15434.39,4061,90.12745296378708,OVERBOUGHT,-0.20732921741643176,0.06641013995370079,0.3210363350932631
2023-08-30,05:00:00,15434.64,15445.89,15395.39,15402.39,3921,84.49635251639518,OVERBOUGHT,-0.3197555704017364,0.38403130942666336,0.5343326587627056
2023-08-30,13:00:00,15352.64,15455.64,15351.89,15444.64,10587,80.1682074987159,OVERBOUGHT,0.10942307493085922,0.2544572097504448,0.6656030830113301
2023-08-30,17:00:00,15445.64,15500.04,15354.64,15461.54,13671,80.41093284291962,OVERBOUGHT,0.19920396027820816,0.14972635326105702,0.4692288090319545
2023-08-30,21:00:00,15460.54,15498.04,15428.54,15492.34,7072,80.11970652593635,OVERBOUGHT,-0.054220343731157694,-0.3124124567366817,0.15330156709702988
2023-08-31,01:00:00,15485.19,15495.19,15477.69,15483.94,2734,83.97868321640584,OVERBOUGHT,0.004843728405044194,0.41010233829374176,0.2970820088427106
2023-08-31,05:00:00,15484.19,15508.94,15464.44,15484.69,3351,81.7096649980747,OVERBOUGHT,-0.2631631630985186,0.31902479158445946,0.22764420856988418
2023-08-31,17:00:00,15546.44,15585.69,15470.99,15534.09,13657,80.50186503899627,OVERBOUGHT,-0.11587418381121778,-0.09108998338492719,-0.32670082380107235
2023-09-19,01:00:00,15248.94,15259.69,15229.69,15230.19,3060,19.507163323782322,OVERSOLD,-0.07583621740766919,-0.6401758612335104,-0.2632928413893744
2023-09-19,05:00:00,15229.94,15238.94,15211.64,15218.64,3090,18.68624593655423,OVERSOLD,0.26842083129636,-0.15507298943925701,-0.27860570984003585
2023-09-19,13:00:00,15259.24,15265.24,15132.19,15132.69,8480,15.66887759496953,OVERSOLD,0.4120219207556645,0.379311279091818,0.6849410118095305
2023-09-22,01:00:00,14688.49,14707.49,14668.24,14702.49,4839,18.452571574969497,OVERSOLD,0.22105099204284445,0.5016157127126085,0.2703623671908636
2023-09-22,17:00:00,14775.24,14854.89,14740.89,14747.39,12957,19.35483870967738,OVERSOLD,-0.21698754830515773,0.020003539609386663,-0.04509272488216313
2023-09-22,21:00:00,14748.39,14805.64,14681.64,14715.39,7699,17.963224893917896,OVERSOLD,0.18246203464536356,-0.13863037269144504,0.5035544419821723
2023-10-10,21:00:00,15161.74,15182.74,15133.49,15152.99,7372,81.67573292254366,OVERBOUGHT,0.06302386525696309,0.20194034312700243,0.8618761049799436
2023-10-11,09:00:00,15165.54,15188.59,15147.19,15183.59,7940,90.87946170425258,OVERBOUGHT,0.1050476204902841,0.6586057710989298,0.8361000264100962
2023-10-11,13:00:00,15184.09,15257.29,15156.89,15199.54,10654,90.99519916958596,OVERBOUGHT,-0.31316737217047597,0.6233741284275708,0.41613101449122797
2023-10-11,17:00:00,15198.54,15254.54,15126.59,15151.94,13407,83.53782013103036,OVERBOUGHT,0.8688656370075358,0.9846923892253988,0.007259796435310355
2023-10-11,21:00:00,15151.94,15286.84,15151.94,15283.59,7322,86.15507914245636,OVERBOUGHT,0.0700097293895003,0.17633291654644442,-0.5898483275199062
2023-10-12,01:00:00,15276.79,15305.79,15272.54,15294.29,4109,81.47204719131244,OVERBOUGHT,0.04478795681263102,-0.20595921745958784,-0.5528206932129643
2023-10-12,05:00:00,15293.79,15303.29,15287.29,15301.14,3662,81.66622446272208,OVERBOUGHT,0.061433331111286196,-0.9679017380404241,-0.6872036985479489
2023-10-12,09:00:00,15301.39,15321.04,15288.04,15310.54,6407,80.34977961040806,OVERBOUGHT,-0.3118766549057055,-0.7648325924493868,-1.3425391919553529
2023-10-20,01:00:00,14746.14,14749.14,14712.14,14730.64,5727,19.264567869635854,OVERSOLD,-0.05091428478328165,0.008485714130546941,-0.8020696996192945
2023-10-20,05:00:00,14730.39,14750.64,14721.44,14723.14,4407,13.807944050927958,OVERSOLD,0.13584058835275628,-0.3514875223627569,-0.8211563565924093
2023-10-20,09:00:00,14722.14,14781.64,14690.89,14743.14,8816,17.697500456121134,OVERSOLD,-0.07630667551145821,-1.3402843627612473,-2.0680804767505405
2023-10-20,13:00:00,14742.64,14779.89,14699.14,14731.89,11936,15.760225926938134,OVERSOLD,-0.4106737153209805,-0.8104866381706599,-1.317889286439144
2023-10-20,17:00:00,14730.89,14755.64,14557.79,14671.39,17986,15.63205927532303,OVERSOLD,-0.8577919338249378,-0.47132548449737643,0.20516120149488473
2023-10-20,21:00:00,14670.39,14675.14,14544.89,14545.54,8798,12.743076016499714,OVERSOLD,0.4602785458635355,-0.7376831661114066,0.7163707913215934
2023-10-23,09:00:00,14601.74,14609.99,14426.14,14438.24,8872,19.563970166379704,OVERSOLD,0.6891421669123107,1.4648599829342082,1.8915047817462542
2023-10-26,01:00:00,14317.44,14324.94,14229.94,14238.94,7382,19.7896936842793,OVERSOLD,-0.08076443892593127,0.002106898406758315,-0.14221564245653118
2023-10-26,13:00:00,14252.94,14369.49,14217.69,14239.24,14584,17.672041462712343,OVERSOLD,-0.6594453074742728,-0.14431950019803919,-0.028091386899862635
2023-10-26,17:00:00,14237.99,14298.24,14062.09,14145.34,20019,13.030698889614627,OVERSOLD,-0.13679416684222764,0.6740735818297783,0.1035676767048345
2023-10-26,21:00:00,14146.34,14248.99,14096.99,14125.99,11257,10.338960868996196,OVERSOLD,0.656237191163244,0.8402950872823833,0.41943962865611545
2023-10-27,05:00:00,14218.94,14241.44,14207.44,14240.69,4605,18.15763866363936,OVERSOLD,0.028088526609314577,-0.5666860243429267,0.15308247002075934
2023-10-27,09:00:00,14240.44,14259.44,14192.44,14244.69,7725,18.85272739178842,OVERSOLD,-0.0663405100426947,-0.4173484996865549,0.39523499633898157
2023-10-27,13:00:00,14245.44,14273.04,14187.54,14235.24,12934,19.73269362577112,OVERSOLD,-0.5286177121003931,0.22830665306661496,0.9869872232572124
2023-10-27,17:00:00,14233.39,14321.64,14147.99,14159.99,20199,18.279365079365135,OVERSOLD,0.17831933497128177,0.7238705677052032,1.324153477509518
2023-11-02,13:00:00,14773.34,14878.09,14769.84,14845.34,10501,83.70213253840865,OVERBOUGHT,0.4913999948805533,0.2842642876485195,1.3873040294126016
2023-11-02,17:00:00,14846.59,14923.44,14798.84,14918.29,13669,83.5407861981127,OVERBOUGHT,-0.18768907160271048,-0.16590373293453872,1.3356088398871453
2023-11-02,21:00:00,14919.04,14933.04,14858.04,14890.29,6688,88.75630458851032,OVERBOUGHT,-0.018468411293534243,-0.08394732406151928,1.5093728866261167
2023-11-03,01:00:00,14867.04,14891.79,14862.54,14887.54,3777,86.04461572667313,OVERBOUGHT,0.04030215871796146,1.0999130816776983,1.5146894651500515
2023-11-03,05:00:00,14887.29,14895.29,14879.54,14893.54,2756,89.55565735226757,OVERBOUGHT,-0.10575054688139959,1.5040077778687941,1.5359007999441368
2023-11-03,09:00:00,14893.79,14894.54,14864.04,14877.79,5234,87.89808917197452,OVERBOUGHT,1.1661678246567533,1.594658884148788,1.825539949145663
2023-11-03,13:00:00,14877.54,15065.44,14861.54,15051.29,10302,90.28863499699338,OVERBOUGHT,0.4401616074103947,0.4102638378504434,0.663398286791355
2023-11-03,17:00:00,15075.79,15129.79,14978.04,15117.54,14376,93.53176874642244,OVERBOUGHT,-0.016537082091398467,0.03142045597365709,-0.10186842568302419
2023-11-03,21:00:00,15117.29,15154.04,15096.04,15115.04,5977,92.23837400513058,OVERBOUGHT,-0.013231853835649789,0.2272570896272755,0.27522255978150595
2023-11-06,01:00:00,15116.79,15130.79,15095.54,15113.04,4659,91.41630901287556,OVERBOUGHT,0.06120542260193845,0.2521001730955423,0.2077675967244157
2023-11-06,05:00:00,15113.29,15126.54,15106.79,15122.29,3184,89.13817663817665,OVERBOUGHT,0.17920566263441942,-0.13324701483704818,0.0770385966675658
2023-11-06,09:00:00,15123.04,15157.64,15116.74,15149.39,5854,88.66065619481363,OVERBOUGHT,0.011551620230253497,0.04785671238247877,-0.08647212858074513
2023-11-06,13:00:00,15148.89,15188.54,15122.04,15151.14,7879,90.37190862752499,OVERBOUGHT,-0.32340800758226773,-0.04422109491430288,0.5504536292318695
2023-11-06,17:00:00,15152.14,15177.99,15072.39,15102.14,12228,81.09819487761078,OVERBOUGHT,0.3608760083008104,0.2105661846599296,1.5266048387844444
2023-11-06,21:00:00,15102.39,15167.89,15076.39,15156.64,6244,80.44201056131428,OVERBOUGHT,-0.08049277412407307,-0.13426458634630462,1.0338703037084784
2023-11-07,13:00:00,15135.79,15239.79,15111.04,15234.54,8980,82.48237759573266,OVERBOUGHT,0.6442596888386497,0.5372659758679851,0.6751106367504273
2023-11-07,17:00:00,15235.54,15341.94,15207.14,15332.69,12489,87.45265931170769,OVERBOUGHT,-0.12620094712669702,-0.3182742232445911,-0.1718550365265349
2023-11-14,13:00:00,15527.69,15813.29,15505.54,15810.54,10877,82.41447850193533,OVERBOUGHT,-0.07020633071356426,0.38360486106103675,0.3557753245619694
2023-11-14,17:00:00,15811.54,15846.79,15782.44,15799.44,11791,82.83911671924285,OVERBOUGHT,0.2718450780533924,0.4873590456370605,0.3531770746304886
2023-11-14,21:00:00,15799.19,15862.64,15770.19,15842.39,5956,81.05849582172695,OVERBOUGHT,0.18179075253166405,0.4342779088256323,-0.29982849809908735
2023-11-15,09:00:00,15877.44,15916.44,15858.69,15911.19,6217,85.53383216670672,OVERBOUGHT,-0.2790488957771206,-0.7309321301549482,-0.61686146667848
2023-12-11,13:00:00,16078.59,16183.69,16062.84,16182.19,9452,84.89183222958066,OVERBOUGHT,0.4325743301740988,0.5669813541924795,0.5709981158298082
2023-12-11,17:00:00,16181.19,16260.44,16139.69,16252.19,12008,85.33219031290193,OVERBOUGHT,0.0353798472698141,0.17843749057819283,0.511623356606092
2023-12-11,21:00:00,16251.94,16262.94,16227.49,16257.94,5310,83.88888888888897,OVERBOUGHT,0.0984134521347723,0.0707346687218676,0.8851059851371061
2023-12-12,05:00:00,16274.19,16285.69,16268.94,16281.19,2879,83.31315088399136,OVERBOUGHT,-0.07216917190942432,0.33259239650172767,0.7545517250274725
2023-12-12,09:00:00,16280.94,16296.44,16267.19,16269.44,4756,80.7816037173836,OVERBOUGHT,0.03165443924314319,0.8137956807363967,0.8325424845600027
2023-12-12,13:00:00,16269.19,16350.19,16204.59,16274.59,10961,82.02836372303665,OVERBOUGHT,0.3732812931078448,0.823062209247672,0.8798992785686197
2023-12-12,17:00:00,16273.59,16338.34,16261.84,16335.34,11016,83.64602537685722,OVERBOUGHT,0.40709284287930336,0.42056057602719454,0.38842166737882855
2023-12-12,21:00:00,16335.09,16405.09,16328.84,16401.84,5074,92.20024469820554,OVERBOUGHT,0.040849075469585897,0.018595474654058766,1.017873604424874
2023-12-13,01:00:00,16410.29,16420.04,16404.29,16408.54,3322,90.41233237247778,OVERBOUGHT,-0.02742474345676093,0.0563730837722308,1.632991113164247
2023-12-13,05:00:00,16408.29,16417.04,16401.29,16404.04,2324,89.08603523104418,OVERBOUGHT,0.005181650373923404,-0.03200431113311111,1.700495731539308
2023-12-13,09:00:00,16403.04,16425.04,16400.14,16404.89,4603,95.56071574921458,OVERBOUGHT,0.07863508990308046,0.9990923438072518,1.5062581949650513
2023-12-13,13:00:00,16405.14,16464.04,16402.39,16417.79,7279,95.65449926460758,OVERBOUGHT,-0.11572812175085685,1.575729741944566,1.4362469004658924
2023-12-13,17:00:00,16416.79,16454.29,16383.64,16398.79,9819,90.96617119425937,OVERBOUGHT,1.036661851270734,1.7330546948890784,0.45948512054851937
2023-12-13,21:00:00,16397.39,16609.39,16397.39,16568.79,12226,92.28833953183111,OVERBOUGHT,0.6500172915463394,0.5021489197461053,-0.1391169783671546
2023-12-14,01:00:00,16594.74,16692.24,16592.99,16676.49,5478,92.87590945836703,OVERBOUGHT,0.038977026940321374,-0.13731906414360248,-0.6041439175749812
2023-12-14,05:00:00,16675.99,16688.99,16656.49,16682.99,3825,92.88669155483808,OVERBOUGHT,-0.18581800984116156,-1.2518739146879676,-0.6248879847077772
2023-12-14,09:00:00,16682.49,16683.24,16626.64,16651.99,7614,87.02379786504753,OVERBOUGHT,0.009608461210933615,-0.6380618772891408,-0.28705277867692036
2023-12-14,13:00:00,16652.24,16680.09,16613.24,16653.59,10404,86.87858981976628,OVERBOUGHT,-1.0775454421539183,-0.46746677443121004,-0.10808480333669797
2023-12-19,01:00:00,16742.99,16753.74,16730.49,16744.99,3347,80.49082517167614,OVERBOUGHT,-0.0029859677431876637,0.3126308227117397,0.7076743551354763
2023-12-20,01:00:00,16842.99,16865.74,16842.74,16863.49,2988,88.93436838390957,OVERBOUGHT,-0.05336973544622139,-0.15328974014277102,-1.3037040375390987
2023-12-20,05:00:00,16863.74,16867.74,16848.24,16854.49,2568,84.99143702319772,OVERBOUGHT,-0.3408587266657177,0.03263225407591686,-1.1100899522916574
2023-12-28,05:00:00,16983.79,16984.04,16970.29,16982.79,2494,82.41284086986599,OVERBOUGHT,-0.022081177474372583,-0.21727878634783482,-0.2340604812283494
2024-01-02,09:00:00,16847.84,16877.44,16811.74,16814.74,5422,13.13153310104579,OVERSOLD,-1.2521751748763459,-1.4326715726796933,-1.8584884452569588
2024-01-02,13:00:00,16814.24,16819.74,16563.19,16604.19,11290,6.869446343130818,OVERSOLD,-0.3845414922377939,-0.3414800721986263,-0.9151304580349726
2024-01-02,17:00:00,16602.94,16630.69,16528.09,16540.34,13752,6.042084168336913,OVERSOLD,0.20253513531160788,0.09461716022767037,-0.6719934414891197
2024-01-02,21:00:00,16538.84,16580.34,16467.59,16573.84,6791,12.421935987510011,OVERSOLD,-0.1589854855603683,-0.4320061011811297,-1.1424630622716192
2024-01-03,01:00:00,16575.74,16580.49,16544.74,16547.49,3297,12.107665969184211,OVERSOLD,0.051367307065905456,-0.5756159997679405,-0.8968127492447582
2024-01-03,05:00:00,16547.24,16561.24,16533.74,16555.99,2650,14.105571847507605,OVERSOLD,-0.32465591003618627,-0.7658859421877091,-0.8419913276101365
2024-01-03,09:00:00,16555.74,16573.24,16482.39,16502.24,6639,11.733643605119397,OVERSOLD,-0.3029891699551091,-0.7135394952442818,-0.5538642026779482
2024-01-03,13:00:00,16503.24,16509.99,16426.79,16452.24,10128,8.784010749076174,OVERSOLD,-0.14010250275952035,-0.32305631330445855,-0.8874171541382925
2024-01-03,17:00:00,16445.54,16498.29,16389.54,16429.19,14905,8.085071840246641,OVERSOLD,-0.2720767122420344,-0.07669276452459645,-0.45467853253872476
2024-01-03,21:00:00,16430.84,16473.34,16366.84,16384.49,9679,7.7221274616218665,OVERSOLD,0.08910866313201414,0.16082282695401895,-0.5462483116654947
2024-01-04,01:00:00,16403.84,16410.09,16380.59,16399.09,3586,10.999146029034705,OVERSOLD,0.10671323835651857,-0.5661899532230165,-0.6015577693640296
2024-01-04,05:00:00,16399.09,16417.34,16387.34,16416.59,2546,13.881355932203107,OVERSOLD,-0.03502554428172964,-0.37827587824268233,-0.9481262552089054
2024-01-04,09:00:00,16416.84,16434.34,16393.09,16410.84,5582,12.603112509566955,OVERSOLD,-0.6373835830463301,-0.7059358326569534,-1.0657589739464868
2024-01-04,13:00:00,16411.09,16419.34,16292.39,16306.24,9903,10.761745697480038,OVERSOLD,0.2958989932688345,-0.035569205408477196,0.16956698785250088
2024-01-04,17:00:00,16307.24,16431.99,16294.24,16354.49,13608,17.355840839775695,OVERSOLD,-0.3638144631841164,-0.5720141685861148,-0.09508092273130665
2024-01-05,05:00:00,16300.69,16305.69,16250.69,16260.94,2932,18.80358923230301,OVERSOLD,-0.15374264956392433,0.4796770666394439,0.20939748870606048
2024-01-05,09:00:00,16261.19,16287.69,16221.94,16235.94,6010,18.85434369689081,OVERSOLD,0.6032912168928865,0.4973534023900063,0.2743912579129959
2024-01-09,17:00:00,16562.94,16725.54,16541.69,16698.54,12497,80.49037701028212,OVERBOUGHT,-0.07066486052073578,-0.1530073886699033,0.5057328365234369
2024-01-10,17:00:00,16695.59,16790.74,16661.99,16782.99,11744,80.34786810001208,OVERBOUGHT,0.19513805346961416,0.5219570529446692,0.08103442831103722
2024-01-19,21:00:00,17270.59,17338.54,17261.29,17331.79,7044,95.12370886380032,OVERBOUGHT,0.5810132709893249,0.5146612092576746,0.06548660005688128
2024-01-22,01:00:00,17380.24,17455.49,17357.99,17432.49,6773,95.37822300643194,OVERBOUGHT,-0.035852594781353664,-0.032984387198845375,-0.4230606184199732
2024-01-22,05:00:00,17433.49,17438.49,17413.74,17426.24,4274,94.02956543902144,OVERBOUGHT,-0.03012698092072644,-0.3520552913307872,-0.34430835337973076
2024-01-22,09:00:00,17426.49,17442.99,17402.74,17420.99,7197,93.73094512195138,OVERBOUGHT,0.03300616095870556,-0.44687471837135645,-0.48217696009239425
2024-01-22,13:00:00,17420.49,17468.49,17375.99,17426.74,9050,93.47179046233234,OVERBOUGHT,-0.3549143442778292,-0.3902049379287233,-0.36725170628585724
2024-01-22,17:00:00,17427.74,17434.74,17319.64,17364.89,14756,85.53401847274611,OVERBOUGHT,-0.12525273698825617,0.007774307813076747,0.026778171356118326
2024-01-22,21:00:00,17365.89,17374.89,17327.14,17343.14,6784,81.08415735932272,OVERBOUGHT,0.08994910956148762,-0.035460706654030456,0.5693893954612602
2024-01-23,01:00:00,17341.74,17377.24,17340.49,17358.74,4933,82.64521137694967,OVERBOUGHT,0.043205900889119825,0.023043147140863907,0.6760283292450865
2024-01-23,05:00:00,17358.49,17372.24,17353.99,17366.24,4379,80.13571370870024,OVERBOUGHT,-0.16843024166428655,0.019002386239043524,0.8182542680511069
2024-02-01,05:00:00,17227.39,17236.64,17178.14,17182.39,4202,15.327453862485484,OVERSOLD,0.46762993972318273,0.6140007298169812,1.9671303002667266
2024-02-05,21:00:00,17620.49,17665.24,17594.99,17623.99,7365,83.01961404618845,OVERBOUGHT,0.13050393242392896,0.20284850365893306,-0.29221532694923225
2024-02-06,01:00:00,17629.99,17653.74,17616.24,17646.99,3882,81.29139072847745,OVERBOUGHT,0.06658359300934606,-0.4193349687397114,-0.19861744127470413
2024-02-09,01:00:00,17785.84,17805.34,17780.59,17788.84,3642,81.01968035926578,OVERBOUGHT,0.005621502020367826,0.4705197191047911,0.9986598339183524
2024-02-09,05:00:00,17789.09,17799.09,17788.09,17789.84,2128,80.09970918155396,OVERBOUGHT,0.2889289616994951,0.9800537835078816,0.9452024301511507
2024-02-09,09:00:00,17790.84,17852.74,17790.34,17841.24,5526,80.73726541554998,OVERBOUGHT,0.1754362364947687,0.6521407704845545,0.8113225313935577
2024-02-09,13:00:00,17841.99,17898.59,17803.84,17872.54,9188,90.82092610299178,OVERBOUGHT,0.5127978451859546,0.5256667491022582,0.573225741836363
2024-02-09,17:00:00,17871.79,17970.69,17851.54,17964.19,11341,92.42731575388804,OVERBOUGHT,-0.03673975837484766,-0.03451310635212103,-0.03284311733508618
2024-02-09,21:00:00,17964.44,17996.94,17955.44,17957.59,5153,89.06271255611547,OVERBOUGHT,0.049561216176566315,0.15815039768700284,-0.5117613220927834
2024-02-12,01:00:00,17943.49,17976.99,17938.24,17966.49,2802,85.13313609467531,OVERBOUGHT,-0.04731029822742227,0.04731029822742227,-0.5106729249842344
2024-02-12,05:00:00,17967.24,17968.74,17950.74,17957.99,1812,82.09229637801154,OVERBOUGHT,0.15591945423736175,0.0016705655811105383,-0.37309297978225847
2024-02-12,09:00:00,17957.74,17994.24,17955.74,17985.99,4552,86.77257813849099,OVERBOUGHT,-0.061158712976044124,-0.6688539246380261,-1.081953231376211
2024-02-12,13:00:00,17985.74,17991.24,17942.59,17974.99,6118,83.11932888204095,OVERBOUGHT,-0.0929068667075794,-0.5577193645170316,-2.00918053361922
2024-02-12,17:00:00,17975.49,18055.34,17928.04,17958.29,11389,82.99145299145299,OVERBOUGHT,-0.515639295278126,-0.3747572847971565,-2.0155037033036036
2024-02-14,01:00:00,17626.79,17633.79,17606.04,17610.79,4876,18.508287292818395,OVERSOLD,0.1618326037616711,0.6382450758881221,1.141629648641539
2024-02-16,09:00:00,17894.54,17965.64,17888.04,17957.39,5581,81.81567835505787,OVERBOUGHT,-1.3593289447965353,-1.6475111360837993,-1.3370539928129788
2024-02-21,17:00:00,17426.49,17477.99,17382.64,17405.74,63238,19.896113533067464,OVERSOLD,1.3871860662057292,2.155036212192061,3.442542517583263
2024-02-23,01:00:00,17987.84,18006.09,17971.84,17996.84,14942,80.26478375992957,OVERBOUGHT,0.013891327588621112,0.2194829759002136,-0.4417442173181514
2024-02-23,13:00:00,17975.84,18099.09,17971.09,18036.34,24437,80.17514987657268,OVERBOUGHT,-0.24395193259829878,-0.659779090436308,-0.48235950309209075
2024-02-26,01:00:00,17920.84,17954.09,17886.84,17917.34,5900,80.00586510263946,OVERBOUGHT,-0.06836952360115955,0.17859793920302902,-0.01841791248030831
2024-03-04,05:00:00,18333.74,18334.49,18320.24,18328.74,2629,81.05636431504294,OVERBOUGHT,-0.12548598539779604,-0.2714316423278414,-0.9146837153017688
2024-03-21,21:00:00,18397.79,18401.54,18332.29,18361.64,7825,83.75282902407231,OVERBOUGHT,-0.09394585668818255,0.06263057112545502,-0.09666892499798493
2024-03-22,09:00:00,18360.89,18387.39,18321.14,18373.14,6653,82.55636396299309,OVERBOUGHT,-0.3320063962937201,-0.1591997883867428,-0.31105189423254714
2024-04-09,05:00:00,18115.19,18152.69,18113.19,18140.94,3018,85.37543859649149,OVERBOUGHT,0.03031816432886058,-0.3183407254530361,0.3329485682660406
2024-04-09,09:00:00,18140.69,18162.94,18095.19,18146.44,6160,85.6214572100096,OVERBOUGHT,0.13639038841778334,0.3568192989919786,0.2344812536233163
2024-04-09,13:00:00,18145.44,18230.84,18082.19,18171.19,10704,85.06390923452525,OVERBOUGHT,-0.4842830876789027,0.22618221481368136,-0.8741860054294658
2024-04-16,05:00:00,17720.44,17724.69,17644.19,17711.94,6149,17.4006444683139,OVERSOLD,-0.10727226944084048,0.15102806355486753,-0.025406590130725375
2024-04-16,09:00:00,17711.44,17731.69,17672.19,17692.94,9009,15.73994867408041,OVERSOLD,0.29531553263618143,0.2662078772663118,0.48889557077568796
2024-04-17,21:00:00,17593.31,17646.69,17490.69,17515.54,9283,16.835370011013822,OVERSOLD,0.2375033827104305,0.27318598227630175,-0.7439108357492791
2024-04-19,01:00:00,17396.84,17399.34,17093.09,17133.09,8822,19.23702123336375,OVERSOLD,0.5617784065804826,1.0483806482076437,-0.11381484600851335
2024-04-24,05:00:00,17597.84,17617.59,17593.59,17611.84,4190,87.39014387084185,OVERBOUGHT,-0.33500190780747496,-0.23705643476206917,-1.7902729073168917
2024-04-29,21:00:00,17803.96,17819.34,17682.21,17800.94,7694,80.88149382261926,OVERBOUGHT,-0.0008426521295943766,-0.20729242388322086,-2.228253114723143
2024-05-01,09:00:00,17402.39,17410.89,17312.14,17330.26,6289,10.991875935612782,OVERSOLD,0.22723259777984303,0.24367782133680166,0.8792712861780553
2024-05-01,13:00:00,17330.39,17413.39,17307.01,17369.64,9825,14.498069186149763,OVERSOLD,-0.051814545379178845,0.3842912115622431,0.13529353515674478
2024-05-01,17:00:00,17370.14,17399.01,17293.51,17360.64,14396,15.614450283645908,OVERSOLD,0.0682578522450911,0.43777187937771883,0.7466314605913088
2024-05-01,21:00:00,17361.64,17684.64,17320.39,17372.49,16023,17.330626311569375,OVERSOLD,0.36782292003044936,0.6340484294421687,1.5066924775895683
2024-05-02,01:00:00,17385.39,17442.14,17385.39,17436.39,5191,19.312940236124717,OVERSOLD,0.0014337830250413075,-0.24804446333214616,1.3359990227334944
2024-05-02,05:00:00,17435.89,17455.89,17433.89,17436.64,3903,19.47684161136803,OVERSOLD,0.2638122941117096,0.30751337413629565,1.2370502573890425
2024-05-03,17:00:00,17897.34,17936.04,17792.84,17884.34,15386,84.093873833961,OVERBOUGHT,0.21946574489189985,0.09393693029767534,0.8270923053352724
2024-05-03,21:00:00,17884.21,17925.59,17884.21,17923.59,6034,84.0913286971506,OVERBOUGHT,-0.035986094303656395,0.13836513778768245,0.9255958209265077
2024-05-06,01:00:00,17940.64,17951.64,17901.24,17917.14,4035,84.35609334485733,OVERBOUGHT,-0.08929996640088764,0.5336789242032991,0.9449052694793884
2024-05-06,05:00:00,17918.14,17919.14,17889.64,17901.14,2949,82.47036422824141,OVERBOUGHT,0.26394967024446486,0.7324673177238935,1.026750251659946
2024-05-06,09:00:00,17900.89,17950.01,17900.89,17948.39,5211,82.10433910208171,OVERBOUGHT,0.3586394099972141,0.7861429353830743,0.7245775247807702
2024-05-06,13:00:00,17948.14,18012.76,17941.26,18012.76,7439,83.43625220540433,OVERBOUGHT,0.1082565914385136,0.40904336703536986,0.4707773822557061
2024-05-06,17:00:00,18013.39,18035.51,17974.14,18032.26,11258,82.91058896792883,OVERBOUGHT,0.3173756367754414,0.29214308134421474,0.3111090900419703
2024-05-06,21:00:00,18031.89,18104.39,18027.14,18089.49,6026,93.3727810650887,OVERBOUGHT,-0.016860619066667495,-0.061085193667720375,0.008070984864687322
2024-05-07,01:00:00,18083.94,18101.44,18074.44,18086.44,3319,92.06270813343073,OVERBOUGHT,-0.00829350607416385,0.06148252502981582,0.05777809231667884
2024-05-07,05:00:00,18086.19,18094.94,18081.94,18084.94,2775,89.8004238784876,OVERBOUGHT,-0.03594150713245386,0.01891076221431695,0.012994237194053078
2024-05-07,09:00:00,18085.19,18103.69,18060.56,18078.44,5284,88.04873511904707,OVERBOUGHT,0.10576133781456044,0.06919844853871263,0.0603481273826716
2024-05-07,13:00:00,18078.69,18140.69,18056.06,18097.56,7717,91.24546060920423,OVERBOUGHT,-0.05083558225529147,-0.0037021565338194303,-0.22820755947212168
2024-05-07,17:00:00,18098.31,18166.06,18078.08,18088.36,11842,89.63592634071944,OVERBOUGHT,0.0143186004701374,-0.0059154063718308844,-0.07900108135840327
2024-05-07,21:00:00,18087.11,18112.25,18060.72,18090.95,7133,81.5378074306637,OVERBOUGHT,0.03283409660630696,-0.008844201106089966,-0.17478352435885888
2024-05-08,01:00:00,18082.52,18106.98,18074.34,18096.89,4561,85.66873636516085,OVERBOUGHT,-0.053047788874212895,-0.2245137147874636,-0.11825236269877211
2024-05-08,05:00:00,18096.77,18100.99,18074.05,18087.29,4204,80.50689526649212,OVERBOUGHT,0.011389213088293888,-0.0730899985570042,-0.20826779467793072
2024-05-08,09:00:00,18088.04,18111.31,18079.04,18089.35,6882,82.62665302565209,OVERBOUGHT,-0.18292531240757764,-0.16595400055832188,-0.3198567112693212
2024-05-15,01:00:00,18308.2,18328.07,18302.14,18322.81,4736,84.32428023815285,OVERBOUGHT,-0.03198199402821173,0.34869105775805903,1.6560232846381109
2024-05-15,05:00:00,18322.93,18339.42,18309.19,18316.95,3994,83.66240491988977,OVERBOUGHT,-0.004258350871747064,1.4481668618410728,1.6974441705633212
2024-05-15,09:00:00,18316.72,18324.06,18296.37,18316.17,6581,82.39144385026616,OVERBOUGHT,0.38506958605430325,1.5283216960751091,1.6724020360151897
2024-05-15,13:00:00,18316.8,18450.62,18297.41,18386.7,10332,84.58600157285603,OVERBOUGHT,1.0633229453898654,1.3027895163351817,1.2504690890698071
2024-05-15,17:00:00,18387.57,18583.95,18387.57,18582.21,11796,92.93370385073426,OVERBOUGHT,0.0747489130733073,0.24571888919563312,0.2111697155505271
2024-05-15,21:00:00,18582.45,18607.71,18569.87,18596.1,6850,93.16965623528336,OVERBOUGHT,0.16207699463867722,0.14191147606220153,-0.2841993751377899
2024-05-16,01:00:00,18593.74,18637.24,18591.62,18626.24,5669,94.5244430001823,OVERBOUGHT,0.008751095229082094,-0.05164756816191899,-0.29394016183620525
2024-05-16,05:00:00,18626.49,18641.37,18617.62,18627.87,4859,94.53188382281306,OVERBOUGHT,-0.02888145558240089,-0.034464487888299915,-0.3038457966477034
2024-05-16,09:00:00,18626.12,18633.49,18609.87,18622.49,7153,95.16886511210035,OVERBOUGHT,-0.031521026457807834,-0.42550700792429796,-0.31558615416091207
2024-05-16,13:00:00,18622.74,18636.37,18574.12,18616.62,9051,93.94740617762153,OVERBOUGHT,0.025944559216451467,-0.24241779657100687,-0.35785228467895347
2024-05-16,17:00:00,18616.87,18671.87,18583.81,18621.45,11636,93.77463897965593,OVERBOUGHT,-0.4199458151755138,-0.2694741816561025,-0.5111846821810456
2024-05-16,21:00:00,18621.58,18622.07,18540.48,18543.25,7153,82.23549204118939,OVERBOUGHT,0.15229261321505994,0.11039057338924495,-0.04923624499481492
2024-05-17,01:00:00,18551.16,18574.29,18548.44,18571.49,4886,81.81491294473842,OVERBOUGHT,-0.0011846114662914184,-0.11571500186577166,0.027622985554725983
2024-05-22,01:00:00,18713.18,18730.26,18712.8,18728.9,3608,82.9946593721505,OVERBOUGHT,0.0278713645755892,0.06679516682772826,0.5308373689858895
2024-05-22,05:00:00,18729.27,18736.23,18720.72,18734.12,3253,82.8471948495596,OVERBOUGHT,-0.21420808663549384,-0.23603991006782027,0.7650212553351837
2024-05-31,05:00:00,18496.46,18508.96,18468.46,18477.09,6454,16.999608942188374,OVERSOLD,0.023001457480588124,-1.027109788391997,0.6333789574007532
2024-05-31,09:00:00,18477.34,18513.71,18456.09,18481.34,7928,18.768906328326054,OVERSOLD,0.048156681279612056,0.24430046739035943,0.7191037013549962
2024-05-31,17:00:00,18488.99,18493.49,18187.84,18287.31,14483,16.81649012310332,OVERSOLD,1.3079014901590242,1.6777207801475322,1.205371375013604
2024-06-06,01:00:00,19032.85,19059.9,19021.6,19052.43,5354,84.38569246114427,OVERBOUGHT,-0.0708571032671423,-0.3418461582065963,-0.046923148385789586
2024-06-06,05:00:00,19052.56,19064.52,19035.3,19038.93,4836,80.36192357800417,OVERBOUGHT,-0.01838338604112731,-0.05882683533161121,0.078470796415548
2024-06-06,17:00:00,18986.05,19059.23,18985.93,19027.73,13236,90.16697868228744,OVERBOUGHT,-0.007883231473223553,0.1373784471400394,0.25725612040953244
2024-06-06,21:00:00,19027.35,19033.22,18972.6,19026.23,7775,89.03895505691898,OVERBOUGHT,0.09071686823927828,0.07232121129620549,-0.1976744736082796
2024-06-07,01:00:00,19024.49,19048.74,19024.49,19043.49,4287,88.84274686448187,OVERBOUGHT,0.05450681571496286,-0.25005920658452113,-0.22511629958585647
2024-06-07,05:00:00,19043.62,19061.99,19040.49,19053.87,4069,87.4316218357413,OVERBOUGHT,-0.07284609373317537,0.11971321311629243,-0.2447271866555056
2024-06-07,09:00:00,19054.12,19064.24,19032.49,19039.99,7202,84.10463968410693,OVERBOUGHT,-0.23172281077880091,-0.26980056187005674,-0.3978468476086384
2024-06-12,13:00:00,19235.7,19473.89,19230.92,19457.68,9775,81.50282549096384,OVERBOUGHT,0.1495553426718835,0.6781384008782173,0.7415066955567099
2024-06-12,17:00:00,19457.93,19515.05,19449.5,19486.78,12522,87.26997803201029,OVERBOUGHT,0.4427103913524987,0.5586351362308221,0.27428851765145773
2024-06-12,21:00:00,19486.53,19577.75,19402.96,19573.05,11646,89.60387143150525,OVERBOUGHT,0.08470831066186285,-0.027588955221581803,0.02907058429832003
2024-06-13,01:00:00,19556.16,19592.9,19550.97,19589.63,4413,88.2144935972059,OVERBOUGHT,0.030679497264616017,0.06294146443806292,0.06243099027393352
2024-06-13,05:00:00,19589.76,19608.94,19579.88,19595.64,4093,88.24545362186305,OVERBOUGHT,-0.14283789659331345,-0.2827669828594517,0.14722662796419092
2024-06-13,09:00:00,19596.01,19641.32,19554.9,19567.65,7394,85.91857786821569,OVERBOUGHT,0.1753404215631293,0.056675175608722275,-0.1701277363403417
2024-06-13,13:00:00,19567.78,19659.49,19555.73,19601.96,10953,86.36817553795454,OVERBOUGHT,-0.31491748784305024,-0.0005101530663185968,0.07284985787136834
2024-06-13,17:00:00,19603.46,19622.5,19472.91,19540.23,14564,85.65924076737335,OVERBOUGHT,0.19708058707600698,0.4312129386399344,0.5054699970266493
2024-06-13,21:00:00,19541.11,19609.55,19520.34,19578.74,7680,88.18836477573456,OVERBOUGHT,0.11808727221465211,-0.22667444380997456,0.4341443831421225
2024-06-14,01:00:00,19569.86,19603.86,19568.11,19601.86,4443,86.15987412457991,OVERBOUGHT,0.11544822787225813,0.07336038518794144,0.40174758925938664
2024-06-14,05:00:00,19601.74,19624.86,19598.74,19624.49,3871,84.7942512372046,OVERBOUGHT,-0.45927308174633336,0.07393822718449447,0.27007071266565397
2024-06-24,17:00:00,19674.98,19723.85,19519.21,19540.38,15891,18.41874084919486,OVERSOLD,-0.30946174025275436,-0.006601713989189939,0.6077159195471121
2024-06-24,21:00:00,19539.02,19585.38,19459.89,19479.91,8547,19.056337842644055,OVERSOLD,0.1491279990513266,0.4778256162374556,1.1384036168544844
2024-07-03,17:00:00,20035.74,20197.24,19997.49,20185.62,11490,81.03038906546396,OVERBOUGHT,-0.08610089756964305,-0.10656100729132124,-0.048351252029902474
2024-07-04,01:00:00,20166.86,20178.99,20152.24,20168.24,4355,84.50613806385698,OVERBOUGHT,0.00555328576018027,-0.07501894067107996,0.15306243876510284
2024-07-04,05:00:00,20168.11,20170.49,20159.11,20169.36,4085,81.75225280829547,OVERBOUGHT,-0.026029581503825602,-0.13262691528139714,0.17789359702043603
2024-07-04,13:00:00,20163.99,20171.74,20147.86,20153.11,4520,85.09010334620143,OVERBOUGHT,-0.05210113972483651,0.2282526121278552,1.1656761661103334
2024-07-04,17:00:00,20152.99,20166.74,20135.61,20142.61,4853,82.92394147169038,OVERBOUGHT,0.16507294734892847,0.3109328930064228,1.1673263792527433
2024-07-05,01:00:00,20147.49,20179.86,20143.24,20175.86,4495,91.92689753581071,OVERBOUGHT,0.11523672349034936,0.5316254177021371,0.9188208086297238
2024-07-05,05:00:00,20175.99,20200.61,20170.86,20199.11,4134,90.49455046741096,OVERBOUGHT,0.030347871762671813,0.9352887330184263,0.7537460808916828
2024-07-05,09:00:00,20198.74,20234.99,20197.11,20205.24,7334,86.52066342893859,OVERBOUGHT,0.3854445678447639,0.853738931089163,0.8611627478812426
2024-07-05,13:00:00,20204.99,20287.22,20154.39,20283.12,10437,88.2729664372464,OVERBOUGHT,0.5172281187509606,0.385147847076794,0.6122825285261949
2024-07-05,17:00:00,20284.36,20401.19,20233.15,20388.03,12100,90.79954133222185,OVERBOUGHT,-0.05047079094938175,-0.179860437717613,0.19560497017122805
2024-07-05,21:00:00,20389.27,20403.83,20359.8,20377.74,6570,88.64404657568639,OVERBOUGHT,-0.08097070627066594,0.0073609732973332655,0.3726124683109935
2024-07-08,01:00:00,20360.24,20383.11,20346.61,20361.24,5471,84.95768553672639,OVERBOUGHT,-0.04852356732694579,0.22626323347693808,0.5957888615820925
2024-07-08,05:00:00,20360.86,20369.61,20255.11,20351.36,4478,83.09517333723932,OVERBOUGHT,0.13699330167615834,0.37614193842573307,0.7219173558916862
2024-07-08,13:00:00,20379.11,20426.99,20368.36,20407.31,8294,82.66786914815148,OVERBOUGHT,0.10094422047785105,0.36869141498805064,0.5724419337972506
2024-07-08,17:00:00,20408.79,20442.57,20360.15,20427.91,12892,83.54394249980567,OVERBOUGHT,0.12610198498034503,0.344479684901681,0.0342668437446611
2024-07-08,21:00:00,20427.79,20459.16,20381.45,20453.67,7146,85.66888396156712,OVERBOUGHT,0.14119715434932226,0.2915858132061535,0.03397923208891474
2024-07-09,01:00:00,20449.26,20519.36,20449.13,20482.55,5417,88.86922459766889,OVERBOUGHT,0.07679707848876026,0.20300206761366016,-0.023044005751224953
2024-07-09,05:00:00,20482.18,20513.85,20476.15,20498.28,4979,91.45241369665074,OVERBOUGHT,0.07332322516817252,-0.30914788948145394,-0.11352171987113277
2024-07-09,09:00:00,20498.15,20520.49,20485.72,20513.31,6627,91.07329779205956,OVERBOUGHT,0.05274624134281454,-0.25685762073503654,-0.04835884603704566
2024-07-09,13:00:00,20513.43,20537.33,20477.69,20524.13,7833,90.79475850989093,OVERBOUGHT,-0.4347078292721843,-0.2255881248072355,0.07303598252397525
2024-07-17,17:00:00,20012.37,20014.72,19813.31,19835.47,19050,15.983296693070912,OVERSOLD,-0.0807644084057521,0.24143617469109335,-0.7673122945914603
2024-07-17,21:00:00,19835.34,19879.02,19771.59,19819.45,9725,15.47373723496817,OVERSOLD,0.2918345362762344,0.26695998123055814,-0.2640840184768
2024-07-18,05:00:00,19877.78,19885.74,19832.87,19883.36,6256,17.662293653483303,OVERSOLD,-0.055322641646079945,-1.0063188515421948,-0.5243077628730757
2024-07-18,09:00:00,19883.74,19972.24,19846.86,19872.36,11014,16.38162509978494,OVERSOLD,0.01902139453994813,-0.5296300992936923,-1.030929391375755
2024-07-18,13:00:00,19872.49,19970.11,19829.11,19876.14,12174,15.990424458945483,OVERSOLD,-0.9703594359870628,-0.5655021548449438,-0.8711450009911272
2024-07-18,17:00:00,19876.89,19914.52,19584.02,19683.27,19040,13.462305748514012,OVERSOLD,0.42594548568403595,0.4869109655052242,-0.7200531212547486
2024-07-19,05:00:00,19764.11,19779.24,19752.49,19779.11,5133,17.722137274889434,OVERSOLD,-0.564332773314871,-1.2011157225982347,-0.853779568443671
2024-07-19,09:00:00,19779.24,19795.74,19571.74,19667.49,11265,16.46443721021987,OVERSOLD,0.18050091801241538,-0.7588665355874085,0.009508076526282617
2024-07-24,21:00:00,19158.69,19166.65,19006.32,19100.23,10014,11.374189640862255,OVERSOLD,-0.027434224614038483,-0.6223485266931288,-1.425061373606489
2024-07-25,01:00:00,19108.19,19139.28,19087.32,19094.99,7505,8.551489439979875,OVERSOLD,-0.1198220056674605,-1.1704640850820032,-0.8565597572976017
2024-07-25,05:00:00,19094.87,19120.97,19056.66,19072.11,7535,8.501834558277324,OVERSOLD,-0.4758256952167327,0.29823653491931945,-0.8087726004097082
2024-07-25,09:00:00,19073.24,19113.86,18901.61,18981.36,14422,7.854027855506246,OVERSOLD,-0.5788310215917035,-0.8077398036810836,0.32795331841343295
2024-07-25,13:00:00,18983.36,19085.61,18855.99,18871.49,17666,7.190780950907879,OVERSOLD,1.364492151918052,0.3176219789746262,0.5914742291149186
2024-07-25,21:00:00,19129.24,19133.59,18782.97,18828.04,13857,16.958082254931,OVERSOLD,0.5491277902532575,1.1449412684485465,1.0513574434726118
2024-08-05,01:00:00,18172.14,18263.86,17951.74,18012.74,9378,18.901303082903496,OVERSOLD,-3.2443703734134917,-1.3287817400351205,1.3600929120167056
2024-08-05,05:00:00,18012.99,18058.86,17238.47,17428.34,8882,9.585291722764637,OVERSOLD,1.5550534359554635,3.0818196110472975,4.614266189436279
2024-08-05,09:00:00,17420.84,17872.86,17344.64,17699.36,16853,16.57777678598002,OVERSOLD,0.41826371123023,1.8370720749224707,1.5681922962186072
2024-08-05,13:00:00,17697.11,17838.99,17246.89,17773.39,26127,17.219400935945302,OVERSOLD,1.080604206625755,2.725085085062558,1.4163308181500522
2024-08-13,21:00:00,18957.97,19020.49,18932.96,18996.3,8073,87.18294657312464,OVERBOUGHT,0.25620778783237735,0.013528950374545089,0.2387307001889957
2024-08-14,01:00:00,19020.81,19054.18,18987.57,19044.97,6700,85.09940266903682,OVERBOUGHT,-0.1427673553699603,-0.5814658673655122,0.11399335362565088
2024-08-14,05:00:00,19045.35,19048.83,18984.21,19017.78,7048,82.1260380798053,OVERBOUGHT,-0.09943326718470744,-0.21621871743178742,0.3657104036328263
2024-08-14,09:00:00,19018.4,19035.11,18967.11,18998.87,8238,80.79332461548029,OVERBOUGHT,-0.3402307610926304,0.2251712865028419,0.36439009267393047
2024-08-14,21:00:00,18976.29,19057.85,18943.39,19041.65,8535,86.53846153846139,OVERBOUGHT,0.13144869273407941,0.13890602967703475,2.2179275430437912
2024-08-15,01:00:00,19035.63,19077.09,18998.16,19066.68,6003,85.58542141230055,OVERBOUGHT,0.10830412006705653,1.5338800462377253,2.35651933110537
2024-08-15,05:00:00,19066.55,19122.68,19058.65,19087.33,6481,85.81711065573762,OVERBOUGHT,-0.10074745917843511,2.0677066933929376,2.4913384952216933
2024-08-15,09:00:00,19087.95,19100.01,19026.75,19068.1,7716,83.17671119395214,OVERBOUGHT,1.5263188256826894,2.0761376330101116,2.384925608739214
2024-08-15,13:00:00,19068.22,19361.26,19006.8,19359.14,13092,87.10384790934854,OVERBOUGHT,0.6346356294752793,0.8102116106397401,0.239473447684146
2024-08-15,17:00:00,19359.76,19482.87,19305.86,19482.0,13926,88.14542535822727,OVERBOUGHT,-0.09249563699825704,0.4150497895493306,0.2753310748383093
2024-08-15,21:00:00,19482.24,19502.09,19443.07,19463.98,7884,84.57730626537122,OVERBOUGHT,0.2672115363867104,0.30250750360409856,0.3151462342234227
2024-08-16,01:00:00,19472.24,19539.86,19470.99,19515.99,6881,82.69608530938648,OVERBOUGHT,0.24016204148495146,-0.5661511406800351,0.2616316159210866
2024-08-16,05:00:00,19516.24,19569.86,19514.74,19562.86,5358,82.84253483896362,OVERBOUGHT,-0.2044690806967897,-0.13914120941417135,-0.3360960513953481
2024-09-04,01:00:00,18938.06,18949.71,18778.49,18838.13,8695,19.95894628806026,OVERSOLD,-0.16158716390640857,0.46443038666788033,0.5282371445573334
2024-09-04,09:00:00,18806.69,18895.04,18784.09,18875.43,11257,15.726367955439343,OVERSOLD,0.26590122715084474,0.21822019418894664,0.10156060020883367
2024-09-04,13:00:00,18875.06,18943.41,18797.94,18925.62,12826,18.242773418098793,OVERSOLD,0.17663886308612503,0.06351178983832728,0.4461148432653741
2024-09-05,01:00:00,18932.6,18958.79,18845.69,18937.64,7041,19.56404112236241,OVERSOLD,-0.23001810151633295,0.3823602096142912,-0.5110457269226727
2024-09-05,05:00:00,18937.39,18941.63,18838.47,18894.08,7356,16.44188397779523,OVERSOLD,0.0027521848113102017,0.39880216448749306,-0.2955423074317466
2024-09-05,09:00:00,18892.46,18956.95,18844.0,18894.6,10045,17.377932337628195,OVERSOLD,0.6110211383146547,-0.08827919087993549,-0.8923713653636327
2024-09-06,21:00:00,18445.06,18498.71,18396.24,18410.74,9129,19.915392885523246,OVERSOLD,0.37950674443286353,1.0014263413637854,1.4866322592138994
2024-09-12,01:00:00,19205.15,19261.43,19204.91,19250.76,6535,81.88933525954391,OVERBOUGHT,0.1862264139182151,-0.09495728999789535,0.8887960787002809
2024-09-12,05:00:00,19250.38,19302.1,19236.82,19286.61,6970,81.09643369860501,OVERBOUGHT,-0.0905809782019814,0.8000369168039343,0.7136038941006274
2024-09-12,09:00:00,19284.36,19315.85,19234.61,19269.14,9846,81.59787172132862,OVERBOUGHT,-0.1902523932048854,0.601583672130681,0.8872736406502892
2024-09-12,13:00:00,19269.01,19296.42,19162.62,19232.48,14103,84.44009506500775,OVERBOUGHT,1.0837395905260283,0.9846884021197528,1.1185764914353273
2024-09-12,17:00:00,19234.1,19443.8,19200.27,19440.91,20844,87.10013908205848,OVERBOUGHT,-0.2872807908683212,-0.08574701492881893,0.5208089539018492
2024-09-12,21:00:00,19441.79,19456.87,19333.29,19385.06,10105,80.91385824823233,OVERBOUGHT,0.18983691564534372,0.28398158169228915,0.5580586286552648
2024-09-13,01:00:00,19402.36,19451.99,19399.36,19421.86,5612,81.21334757274295,OVERBOUGHT,0.012254233116709822,0.13258256418283315,0.43378955465645413
2024-09-13,05:00:00,19422.24,19467.24,19399.36,19424.24,5564,80.42633767349271,OVERBOUGHT,0.08170203827794024,0.6070765188238935,0.384828441164236
2024-09-13,09:00:00,19424.11,19454.99,19402.86,19440.11,8213,84.94432251474137,OVERBOUGHT,0.03858002861094922,0.27330092267996947,0.3549362632207328
2024-09-13,13:00:00,19439.99,19477.74,19375.49,19447.61,11050,87.3991789920995,OVERBOUGHT,0.4861779930798657,0.30080817128685733,-0.17868519576441527
2024-09-13,17:00:00,19447.99,19557.58,19397.58,19542.16,16840,87.85719255349827,OVERBOUGHT,-0.25033056734771514,-0.2209070031153069,-0.6493140983391775
2024-09-13,21:00:00,19541.91,19553.87,19474.61,19493.24,8024,84.7627632235052,OVERBOUGHT,0.06602288793447872,0.0814128385019575,-0.4566198333371057
2024-09-16,01:00:00,19501.36,19526.36,19458.74,19506.11,6286,80.43440786071383,OVERBOUGHT,-0.03650138341267931,-0.47805533753270124,-0.5078921425132931
2024-10-10,05:00:00,20257.82,20281.36,20247.72,20250.95,5847,84.39888586604481,OVERBOUGHT,-0.054219678582977895,0.027060458892049822,-0.02078914816341518
2024-10-10,09:00:00,20250.7,20263.56,20215.51,20239.97,8033,87.83537818525006,OVERBOUGHT,-0.356077602881821,0.0513834753707531,-0.25622567622383124
2024-11-01,01:00:00,19941.11,19981.99,19922.36,19933.99,7281,17.616000521472856,OVERSOLD,0.31915336568343305,0.5461525765789939,0.7856931803417128
2024-11-01,09:00:00,19997.11,20000.36,19933.11,19972.74,8857,12.508378390455462,OVERSOLD,0.35107852002278594,0.4061535873395387,0.5407370245644814
2024-11-01,17:00:00,20044.24,20164.63,20010.49,20036.49,17661,18.583910748397756,OVERSOLD,0.0866918307547828,0.40985222461618265,-0.03658325385335329
2024-11-06,05:00:00,20470.77,20549.77,20348.29,20531.52,9879,80.69715431479908,OVERBOUGHT,0.17699615030937868,1.003578887486164,1.4493812440579075
2024-11-06,09:00:00,20530.27,20613.36,20529.79,20567.86,11819,80.68697676213009,OVERBOUGHT,-0.03777738666054921,1.1710017473864491,1.2485985416081093
2024-11-06,17:00:00,20561.7,20751.01,20548.04,20737.57,17818,86.61300571912713,OVERBOUGHT,0.3430488721677584,0.44137283201454575,1.561947711327797
2024-11-06,21:00:00,20738.43,20813.05,20725.27,20808.71,8334,94.18800950709681,OVERBOUGHT,-0.09947757453489779,0.07669865167037807,1.4288728133555697
2024-11-07,01:00:00,20789.54,20800.6,20739.92,20788.01,7843,91.92958415754029,OVERBOUGHT,0.197662017672688,0.9758509833312596,1.5122178601992236
2024-11-07,05:00:00,20787.76,20842.57,20782.69,20829.1,6942,96.79876696531508,OVERBOUGHT,-0.021268321722975506,1.1156507002222902,1.3659735658285785
2024-11-07,09:00:00,20828.48,20840.93,20788.52,20824.67,8890,96.36813229271293,OVERBOUGHT,0.7980918785267701,1.351137857166537,0.970339505980183
2024-11-07,13:00:00,20824.91,20991.34,20804.99,20990.87,10685,96.88706381046084,OVERBOUGHT,0.3363843423355039,0.5311833192240245,0.5025994634810277
2024-11-07,17:00:00,20989.62,21077.67,20969.9,21061.48,13704,97.0124586829391,OVERBOUGHT,0.2115710766764791,0.2475609501326565,0.38050507371751374
2024-11-07,21:00:00,21058.4,21131.57,21038.95,21106.04,9237,96.70532155661026,OVERBOUGHT,-0.01738838740001389,-0.3757218312862065,0.0684638141498866
2024-11-08,01:00:00,21089.12,21127.62,21089.12,21102.37,6319,96.27509498151265,OVERBOUGHT,0.053311547470734334,-0.028432825317724977,0.269495795969849
2024-11-08,05:00:00,21102.62,21145.62,21101.99,21113.62,5687,96.12860197751444,OVERBOUGHT,-0.41148794001216926,0.1326158186042943,0.30842650383971404
2024-11-08,09:00:00,21113.87,21133.37,21014.24,21026.74,8869,84.64074650077758,OVERBOUGHT,0.3311497645379045,0.4458608419564801,0.6497916462561356
2024-11-08,13:00:00,21027.74,21114.99,21005.37,21096.37,10771,84.79211579919917,OVERBOUGHT,0.21449187703856165,0.29801335490419734,-0.1576100532935287
2024-11-08,17:00:00,21096.49,21153.65,21049.84,21141.62,13610,84.95722954694992,OVERBOUGHT,-0.09994503732446891,0.17557784124396628,-0.3349790602612274
2024-11-08,21:00:00,21141.5,21154.39,21096.88,21120.49,6902,83.5963166350929,OVERBOUGHT,0.18347112211885233,0.2030255926827331,-0.0843730424815113
2024-11-11,01:00:00,21165.99,21200.12,21147.62,21159.24,6986,80.32331832760457,OVERBOUGHT,0.09215831948595506,-0.45426962405078164,-0.29528470776834703
2024-11-15,17:00:00,20587.99,20594.49,20311.14,20334.08,17223,16.74740353985642,OVERSOLD,0.3124311500692376,1.051141728566023,1.1372533205338031
2024-12-02,13:00:00,20889.74,21109.74,20888.11,21087.87,10489,88.00122169379111,OVERBOUGHT,0.3094195857618622,0.33749259645474816,0.2995086748922478
2024-12-02,17:00:00,21089.49,21199.74,21081.74,21153.12,13344,88.55073067155163,OVERBOUGHT,4.727435008186626e-05,0.07752993411847262,0.12040776963398857
2024-12-02,21:00:00,21152.87,21180.79,21116.62,21153.13,7202,88.19463821932214,OVERBOUGHT,0.027939127684649286,-0.03375386999465052,0.5580261644494088
2024-12-03,01:00:00,21148.32,21167.44,21144.9,21159.04,5668,89.07505556505403,OVERBOUGHT,0.0495296573001401,-0.037856159825786224,0.5798939838480419
2024-12-03,05:00:00,21158.91,21179.95,21158.79,21169.52,4847,88.59946476360409,OVERBOUGHT,-0.1111503709106245,0.04284461811132094,0.6173026124352384
2024-12-03,09:00:00,21169.28,21185.91,21145.62,21145.99,6896,84.12310179080387,OVERBOUGHT,0.023834306173403253,0.5919798505532096,0.9804222928318782
2024-12-03,13:00:00,21146.12,21169.12,21079.14,21151.03,9989,83.72752043596752,OVERBOUGHT,0.13030098297814013,0.6179840887181512,1.013662218813937
2024-12-03,17:00:00,21149.41,21207.49,21110.51,21178.59,13303,84.45407026385419,OVERBOUGHT,0.43713958294673116,0.5742119753959096,1.1887004753385377
2024-12-03,21:00:00,21178.34,21273.41,21170.62,21271.17,6990,88.57041251778102,OVERBOUGHT,0.04969167187326014,0.38615647376238854,0.9090238101618322
2024-12-04,01:00:00,21253.82,21288.1,21251.34,21281.74,5960,88.38075268428489,OVERBOUGHT,0.08674102775430545,0.39324792051777097,0.8171324337201648
2024-12-04,05:00:00,21282.24,21314.09,21271.97,21300.2,5149,87.13164638052545,OVERBOUGHT,0.24934038178045548,0.6109801785898696,0.7105097604717333
2024-12-04,09:00:00,21299.71,21359.9,21290.21,21353.31,7502,94.98570400482389,OVERBOUGHT,0.05675935018973162,0.5208560171701601,0.4723857800031891
2024-12-04,13:00:00,21353.69,21403.81,21336.93,21365.43,9787,95.0884011583602,OVERBOUGHT,0.3038085355642262,0.42222412560851397,0.4353762128822141
2024-12-04,17:00:00,21364.18,21442.93,21340.13,21430.34,13077,95.99516628655088,OVERBOUGHT,0.15954016595163067,0.09892516870941258,0.04792271144555073
2024-12-04,21:00:00,21425.01,21494.82,21411.79,21464.53,7034,94.4468044935337,OVERBOUGHT,-0.04141716590113745,-0.048219085160488236,-0.2834909499532417
2024-12-05,01:00:00,21455.26,21469.65,21442.11,21455.64,5512,91.1748693379795,OVERBOUGHT,-0.019109194598709453,0.013096789468882352,-0.10519378587634631
2024-12-05,05:00:00,21455.39,21466.97,21450.15,21451.54,4341,90.16825952348972,OVERBOUGHT,0.012306808741933763,-0.05095205285960957,-0.08670706159092625
2024-12-05,09:00:00,21450.42,21465.54,21437.49,21454.18,6708,90.08093867130276,OVERBOUGHT,0.01990288139654108,-0.23538536546258118,-0.20210513755361698
2024-12-05,13:00:00,21453.69,21499.89,21447.76,21458.45,8506,89.91076608558792,OVERBOUGHT,-0.08313741206843991,-0.11827508510633815,0.4892711262928961
2024-12-05,17:00:00,21459.95,21517.03,21433.13,21440.61,12794,91.34669361176644,OVERBOUGHT,-0.1722432337512799,-0.035773235929397025,0.8182136608986418
2024-12-05,21:00:00,21442.24,21466.4,21399.82,21403.68,7430,82.54373083958093,OVERBOUGHT,0.1373128359235394,0.03335874952344372,0.9181131468980961
2024-12-06,01:00:00,21406.19,21437.94,21378.07,21433.07,5845,82.62564102564127,OVERBOUGHT,-0.000606539333847268,0.60826563810037,0.8027314799046485
2024-12-17,05:00:00,22098.48,22106.44,22065.35,22071.15,5102,80.28982872576644,OVERBOUGHT,0.08314020791847522,-0.390328551072334,-0.24276034551893194
2024-12-18,21:00:00,21976.91,21976.91,21020.24,21167.79,27242,19.181312289747396,OVERSOLD,0.006897271751085621,0.48715524861121057,-0.1554248223362073
2024-12-19,01:00:00,21210.9,21254.39,21160.84,21169.25,9056,8.927132139978369,OVERSOLD,0.11630076644188615,0.6218926036586154,-0.853880038263039
2024-12-19,05:00:00,21171.72,21214.26,21135.81,21193.87,7961,10.940226114871678,OVERSOLD,0.36350133316850997,0.5926241880317383,-0.7826791426011266
2024-12-19,09:00:00,21193.99,21319.32,21188.58,21270.91,11416,15.914276065989512,OVERSOLD,0.14099067693860584,-0.6394648842010071,-2.0205999649286244
2024-12-19,13:00:00,21271.89,21401.77,21251.32,21300.9,16210,18.34597713430918,OVERSOLD,0.08717941495429633,-1.4666516438272552,-1.5809660624668536
2024-12-19,17:00:00,21299.67,21353.6,21155.61,21319.47,25512,18.36073926156024,OVERSOLD,-0.8657813726138677,-1.367200967003399,0.3588269314387271
2024-12-19,21:00:00,21317.99,21320.83,21081.2,21134.89,12198,17.205982010842774,OVERSOLD,-0.6926934561760095,-1.3900237947772562,0.771709717911956
2024-12-20,01:00:00,21140.74,21145.24,20956.74,20988.49,9013,15.479745318248291,OVERSOLD,0.18819838873592143,-0.11601596875240755,1.9856121140682346
2024-12-20,05:00:00,20989.24,21030.37,20939.11,21027.99,7815,17.76542050391555,OVERSOLD,-0.8887202248051335,1.749953276561381,2.059778419145136
2024-12-20,09:00:00,21028.74,21036.37,20831.74,20841.11,12261,14.647180054593335,OVERSOLD,0.5903236439901658,2.192205693458751,2.4872955423199676
2024-12-20,13:00:00,20839.86,21046.49,20742.86,20964.14,17207,19.979025243802994,OVERSOLD,2.05985077374985,2.104069139015491,1.9174647755643666
2024-12-24,17:00:00,21649.89,21800.87,21643.41,21798.12,11726,85.1673832359536,OVERBOUGHT,0.11753307165940283,-0.5195402172297428,-0.24025007661210687
2024-12-26,01:00:00,21807.62,21831.62,21794.62,21823.74,4826,84.0236217979167,OVERBOUGHT,0.018924345689590238,-0.4896960832561358,-0.42210913436469927
2024-12-30,13:00:00,21428.49,21445.37,21065.62,21071.12,15912,14.067292808235763,OVERSOLD,1.1829461367027574,0.6163886874546821,0.7238817870146556
2025-01-07,01:00:00,21604.77,21605.14,21546.08,21549.81,6643,83.87818155068422,OVERBOUGHT,-0.21327334208516346,-0.11290122743542401,-1.4675767442961307
2025-01-10,01:00:00,21133.12,21134.37,21008.87,21102.37,8038,17.37360258173446,OVERSOLD,-0.13567196480773194,-1.0272305906872095,-1.6313807406466592
2025-01-10,05:00:00,21102.49,21156.62,21069.87,21073.74,6520,18.048718383975626,OVERSOLD,0.3464026793535462,-0.35328328051879127,-1.5879003916722942
2025-01-15,17:00:00,21158.81,21237.07,21081.08,21211.91,16923,82.56124005270624,OVERBOUGHT,-0.01103153841403318,0.29738010391332864,-0.3605050181714007
2025-01-15,21:00:00,21212.53,21283.62,21203.1,21209.57,7741,81.36569897763913,OVERBOUGHT,0.10400965224660996,0.5742219196334526,-0.7286804965871504
2025-01-27,09:00:00,21250.87,21273.74,20629.86,20754.61,18792,16.757786299150894,OVERSOLD,2.1610138663169214,2.0141549275076662,2.4482753470192935
2025-02-07,13:00:00,21757.37,21870.87,21694.39,21807.87,11726,82.50606225565447,OVERBOUGHT,-1.2643600681772202,-1.0523723774949136,-0.516464927569714
2025-02-14,21:00:00,22104.38,22141.12,22074.77,22131.99,6680,88.20622262158825,OVERBOUGHT,0.24344851050446606,0.1960058720431257,0.19035793889296612
2025-02-17,01:00:00,22129.87,22187.24,22114.87,22185.87,6704,87.12189737378694,OVERBOUGHT,0.033805300400660425,-0.24398412142502135,0.134094358255953
2025-02-17,05:00:00,22186.37,22198.49,22168.12,22193.37,5109,85.8747561713863,OVERBOUGHT,-0.08110530307024126,-0.17798108173747385,0.028702265586536067
2025-02-17,09:00:00,22193.62,22194.24,22144.87,22175.37,6268,82.42137009909521,OVERBOUGHT,-0.19674981747766726,-0.005636884525489316,-0.23733538606119034
2025-02-17,17:00:00,22131.24,22169.87,22120.74,22153.87,5413,84.6623777751236,OVERBOUGHT,0.09140615161143403,0.20705186046502314,-0.053128415035388565
2025-02-18,01:00:00,22138.62,22175.12,22116.12,22174.12,5849,82.75881912873369,OVERBOUGHT,0.1871551159640157,-0.23171156284893102,0.16573374726933923
2025-02-18,05:00:00,22173.74,22220.37,22166.74,22215.62,5259,81.59403669724796,OVERBOUGHT,-0.07148123707552335,-0.6098411838157097,-0.1564214728195747
2025-02-25,05:00:00,21374.12,21380.99,21345.74,21357.99,6089,18.186426256811444,OVERSOLD,-0.5899431547631588,-1.0389086238920564,-0.6701005103944829
2025-02-25,09:00:00,21357.74,21362.49,21224.12,21231.99,12249,14.858753792607644,OVERSOLD,-0.1654107787353075,-0.4870951804329311,0.12834406949136656
2025-02-25,13:00:00,21233.24,21388.37,21148.37,21196.87,15227,14.310772102603707,OVERSOLD,-0.2866932712235365,-0.07430342309973123,0.2022468411609951
2025-02-25,17:00:00,21197.99,21216.19,20928.24,21136.1,27081,12.485618333903417,OVERSOLD,-0.035626250822047754,0.37267991729789524,-0.4157815301782135
2025-02-25,21:00:00,21135.72,21197.84,21056.9,21128.57,13062,13.17533756624178,OVERSOLD,0.2487153650247001,0.6184516983402184,0.39377960742255974
2025-02-26,17:00:00,21241.12,21350.56,21029.84,21048.22,22500,18.37933116491051,OVERSOLD,0.7770253256569879,0.8495730280280219,-0.23778732833466634
2025-03-10,13:00:00,19974.74,19994.99,19716.86,19762.61,19773,15.97820340775074,OVERSOLD,-1.788225340681223,-2.7064744990666667,-1.3624212591353067
2025-03-10,17:00:00,19762.24,19763.74,19394.3,19409.21,34409,14.792894952826217,OVERSOLD,0.20773643028232325,0.20495424594819922,-0.5764273764877468
2025-03-10,21:00:00,19410.46,19516.2,19241.55,19449.53,20483,18.577974453127354,OVERSOLD,-1.1403360389685366,0.33203887189048653,-0.39312003940454676
2025-03-11,01:00:00,19425.36,19432.24,19115.11,19227.74,10754,17.800063147449237,OVERSOLD,1.1506812553113366,1.381441604681564,1.1428800264617682
2025-03-18,01:00:00,19834.94,19849.44,19737.44,19742.44,7613,83.30561596520411,OVERBOUGHT,-0.041129667862731166,-1.4448568667297457,-0.9425380044209233
2025-03-18,05:00:00,19741.94,19760.69,19704.57,19734.32,6734,80.22117027242031,OVERBOUGHT,0.1532862546061886,-1.202777698952893,-1.0683418531776017
2025-03-25,13:00:00,20141.49,20246.49,20119.36,20214.86,11554,82.6749954069446,OVERBOUGHT,-0.027850798867768655,0.4625310291538007,-0.49839573462294573
2025-03-25,17:00:00,20213.61,20290.79,20171.11,20209.23,14193,87.43063229347527,OVERBOUGHT,0.47042861108513145,0.23880177522845766,-1.590906729251923
2025-03-25,21:00:00,20209.6,20316.12,20198.31,20304.3,8295,96.93636050093336,OVERBOUGHT,0.01999576444399122,-0.35923425087296135,-2.058332471446936
2025-03-26,01:00:00,20312.99,20334.24,20301.74,20308.36,5741,96.36609863446537,OVERBOUGHT,-0.2504879763801655,-0.9565026422616104,-2.0488606662477924
2025-03-26,05:00:00,20308.11,20310.36,20256.36,20257.49,5761,88.16543373847496,OVERBOUGHT,-0.12898932691069337,-1.8253495373809905,-1.677651081155672
2025-03-26,09:00:00,20258.11,20296.11,20231.24,20231.36,8259,80.63470526157066,OVERBOUGHT,-0.5795458140233776,-1.705223969125168,-1.535833478322768
2025-03-27,21:00:00,19818.37,19931.47,19781.68,19802.4,11233,19.639018932367733,OVERSOLD,-0.13402415868784023,-0.41111178443016927,-3.085686583444435
2025-03-28,01:00:00,19820.74,19820.74,19743.89,19775.86,7268,19.05251581758732,OVERSOLD,0.05183086854377003,-0.544198836359071,-3.6117266202329503
2025-03-28,05:00:00,19774.86,19808.11,19774.24,19786.11,6284,7.894694076542052,OVERSOLD,-0.32911977139518067,-2.445149652963616,-3.6705042072443748
2025-03-28,09:00:00,19785.86,19819.74,19657.36,19720.99,10780,6.58180689226954,OVERSOLD,-0.2674815006751689,-2.6856156815656873,-3.5679243283425475
2025-03-28,13:00:00,19721.24,19780.74,19651.74,19668.24,15952,6.563564257176196,OVERSOLD,-1.8605121759750758,-3.084312577027741,-3.8653687366027665
2025-03-28,17:00:00,19669.49,19691.61,19259.98,19302.31,20816,4.372894341364756,OVERSOLD,-0.5748016688158086,-1.2560672789940723,-1.3325866178711312
2025-03-28,21:00:00,19302.06,19336.49,19185.86,19191.36,10408,4.400122555075697,OVERSOLD,-0.6760854884698113,-0.9066579960982442,0.23187517716305672
2025-03-31,01:00:00,19110.36,19142.99,18981.24,19061.61,10299,4.864776266185913,OVERSOLD,-0.009180756504828292,-0.805913036726693,0.5554619992749878
2025-03-31,05:00:00,19062.99,19079.74,19000.61,19059.86,8754,4.86265086559996,OVERSOLD,-0.22298170080997445,-0.07749269931678636,0.6702567594935115
2025-03-31,09:00:00,19058.74,19091.11,18985.11,19017.36,13299,4.05608360027297,OVERSOLD,-0.5751061135720151,1.1489502223231827,1.564360142522411
2025-03-31,13:00:00,19017.11,19054.99,18795.86,18907.99,17040,1.278772378516635,OVERSOLD,0.7250902925165421,1.3724356740192902,1.8080716141694542
2025-03-31,17:00:00,18906.61,19127.2,18878.91,19045.09,23448,12.591326639606834,OVERSOLD,1.0016754974641782,0.7483293594307007,1.5122532894304959
2025-04-04,05:00:00,18481.74,18522.11,18301.39,18484.11,10100,16.49022481146568,OVERSOLD,-0.37464611496036326,-4.1424228702382875,-10.076222225468253
2025-04-04,09:00:00,18485.36,18517.99,18362.86,18414.86,16972,15.73730455426086,OVERSOLD,-2.047259658775576,-5.676122435902309,-9.056381639610626
2025-04-04,13:00:00,18415.74,18443.99,17664.99,18037.86,39924,12.76462711508023,OVERSOLD,-1.7709417857772616,-6.596514220644793,-5.0394004610303
2025-04-04,17:00:00,18036.24,18041.74,17478.8,17718.42,59990,11.06257073254939,OVERSOLD,-1.9686292570104882,-6.190224636282455,-0.45788507101647546
2025-04-04,21:00:00,17719.79,17766.47,17251.99,17369.61,30036,8.547427138931965,OVERSOLD,-3.003061093484534,-3.583672863121286,0.6961008335823307
2025-04-07,01:00:00,16434.97,16876.11,16326.09,16847.99,15908,0.14657061405759464,OVERSOLD,-1.3436617661810162,1.667083135733099,5.241693519523687
2025-04-07,05:00:00,16847.24,16888.11,16529.49,16621.61,14466,0.1709372489358998,OVERSOLD,0.7552216662525402,6.11059939440283,5.98546109552565
2025-04-07,09:00:00,16620.36,16815.24,16341.99,16747.14,19746,5.35119682059667,OVERSOLD,2.279314557590139,4.43884746888126,5.026231344575851
2025-04-07,13:00:00,16748.89,17154.61,16532.74,17128.86,37931,18.49139178240742,OVERSOLD,2.968265255247578,3.515995810579338,5.733014339541569
2025-04-21,17:00:00,17879.86,17882.11,17592.94,17601.95,19451,19.06980105647682,OVERSOLD,1.104707148923845,1.6172071844312697,2.8924636190876636
2025-04-24,01:00:00,18675.74,18761.86,18628.36,18658.36,9058,80.37493889991084,OVERBOUGHT,-0.32425143474560464,1.502168464966904,3.4281147967988668
2025-04-24,17:00:00,18933.36,19161.29,18933.36,19149.76,19916,80.12853245031741,OVERBOUGHT,0.45781252610999773,0.778599836238168,0.8983924602710472
2025-04-25,01:00:00,19258.24,19353.36,19241.11,19297.99,8570,81.24055737169869,OVERBOUGHT,0.00450824153188483,-0.7778012114215116,0.11918339682008333
2025-05-13,17:00:00,21043.49,21259.69,21033.87,21210.98,15749,81.44768541677448,OVERBOUGHT,-0.18429134344570663,0.12262516866265508,0.34383135526977204
2025-05-14,01:00:00,21175.24,21220.99,21167.49,21203.99,7251,83.98342801317075,OVERBOUGHT,0.1556310864134533,0.21637437104996454,0.4044050199985946
2025-05-14,05:00:00,21204.37,21243.99,21182.99,21236.99,6410,84.97374428543338,OVERBOUGHT,-0.2583699479069426,0.2209352643665522,0.050054174343903635
2025-05-14,21:00:00,21283.78,21331.08,21250.24,21316.18,9747,80.93716286359822,OVERBOUGHT,-0.12403723368820628,-0.6553237962899482,-0.02026629536811806
2025-05-29,09:00:00,21752.62,21805.62,21694.62,21732.37,9995,87.30239922055758,OVERBOUGHT,-1.226281348973904,-1.8575976757252004,-1.9193948934239449
2025-06-04,13:00:00,21697.37,21753.37,21616.62,21711.98,11351,82.95247598852484,OVERBOUGHT,0.1614316151728183,0.027127880552577047,-0.12486194257732636
2025-06-04,17:00:00,21709.24,21751.63,21603.62,21747.03,15555,83.91729097992251,OVERBOUGHT,-0.18660019322177837,-0.23525051466797928,-0.25221834889637135
2025-06-25,01:00:00,22171.64,22212.39,22162.89,22178.52,6917,80.82598147331285,OVERBOUGHT,0.11948497916001609,0.5506228549064544,0.31900235002155236
2025-06-25,05:00:00,22179.02,22214.77,22172.89,22205.02,4958,80.56275991593262,OVERBOUGHT,-0.006214810885110748,-0.06710194361455858,0.39292916646776266
2025-06-25,09:00:00,22204.89,22232.14,22184.52,22203.64,7608,94.74133964372575,OVERBOUGHT,0.43686530676952073,0.1912749441082686,0.5770675438801972
2025-06-25,13:00:00,22203.52,22326.27,22192.77,22300.64,10030,94.91915099013045,OVERBOUGHT,-0.4955911579219271,-0.23035213339168284,0.11268734888326531
2025-06-25,17:00:00,22301.64,22306.89,22167.27,22190.12,15650,81.73389641279546,OVERBOUGHT,0.2523195007507918,0.4603400071743707,1.0214005151842418
2025-06-25,21:00:00,22191.23,22257.94,22181.17,22246.11,8410,82.03346940724296,OVERBOUGHT,0.0142047306248142,0.3850560839625438,0.8948081260049405
2025-06-30,01:00:00,22568.14,22627.27,22540.39,22604.02,7999,92.85743870112695,OVERBOUGHT,0.23721444238679218,0.02154484025407419,0.426340093487791
2025-06-30,05:00:00,22604.14,22666.89,22600.77,22657.64,5923,92.82220973548972,OVERBOUGHT,0.02595151127831945,-0.23175405735106747,-0.12026848339015009
2025-06-30,09:00:00,22657.39,22696.64,22632.02,22663.52,7827,92.86261200670525,OVERBOUGHT,-0.2410481690399418,-0.03684335001801213,-0.19414459889725869
2025-06-30,13:00:00,22662.77,22690.14,22576.14,22608.89,9817,81.99086610354453,OVERBOUGHT,-0.016630626271340165,0.404708059528796,-0.04312462929405203
2025-06-30,21:00:00,22604.75,22716.6,22564.21,22655.17,9630,82.73312663963776,OVERBOUGHT,0.19960123892251158,-0.15735922528940555,-0.7880761874662483
2025-07-01,01:00:00,22647.64,22703.27,22635.14,22700.39,6190,81.00485373212678,OVERBOUGHT,-0.30836474615634357,-0.4460275792618541,-0.9707762730067588
2025-08-20,13:00:00,23352.69,23371.59,23067.19,23096.29,11355,16.189705733643322,OVERSOLD,0.3961675230091066,0.7715524874341321,0.03810135740415137
2025-09-02,09:00:00,23366.99,23406.19,23222.79,23247.09,10124,18.43356643356634,OVERSOLD,-0.257666658493607,0.3643466773690846,0.6353483382221203
2025-09-02,13:00:00,23246.59,23265.59,22980.69,23187.19,14306,17.63210702341128,OVERSOLD,-0.18587849584187885,0.45542387844323606,0.6546718252621508
2025-09-02,17:00:00,23188.09,23233.49,22981.49,23144.09,17612,16.847756615109205,OVERSOLD,0.8110061791152762,0.5573777150019724,0.7725514375376145
2025-09-05,13:00:00,23746.29,23862.69,23689.39,23816.69,12853,83.4729064039408,OVERBOUGHT,-1.0114755660841108,-0.34723548906248974,-0.01721481868386642
2025-09-15,05:00:00,24094.79,24124.59,24089.09,24120.59,4381,81.80622533976279,OVERBOUGHT,-0.18366051576681697,0.6185586670972838,0.8984025680963887
2025-09-15,13:00:00,24075.99,24242.39,24072.79,24241.19,9405,82.36087689713295,OVERBOUGHT,0.11798100670801304,0.23719957642343467,0.16542092199269995
2025-09-15,17:00:00,24242.29,24273.89,24210.29,24269.79,12079,82.16842823048054,OVERBOUGHT,0.03708313916189633,0.2781235437142225,0.04697197627172636
2025-09-15,21:00:00,24270.09,24295.09,24229.89,24278.79,7182,80.59009092596007,OVERBOUGHT,0.0819645460090796,0.36122063743704164,0.0020594107037459446
2025-09-16,05:00:00,24298.99,24344.69,24296.69,24337.29,4245,84.53091889809247,OVERBOUGHT,0.11998049084347817,-0.23051046357257599,-0.2859808959830868
2025-09-16,09:00:00,24337.59,24387.59,24324.99,24366.49,6762,85.18176785384728,OVERBOUGHT,-0.3496605378944638,-0.3578685317417516,-0.4366652726757176
2025-09-19,17:00:00,24545.79,24589.99,24465.79,24571.99,13250,80.47684189954997,OVERBOUGHT,0.15749640139035173,0.08139348909062717,0.6869610479248903
2025-09-19,21:00:00,24571.79,24642.69,24559.99,24610.69,7057,87.10363495746262,OVERBOUGHT,-0.06379341660066049,-0.3063709306809269,0.5611382695893621
2025-09-22,01:00:00,24605.89,24625.99,24577.59,24594.99,6190,87.49271703243332,OVERBOUGHT,-0.012197606097827239,0.11465749731956422,0.6399677332659937
2025-09-22,05:00:00,24594.79,24614.89,24591.19,24591.99,4856,85.99626012881757,OVERBOUGHT,-0.2305628784006529,0.6050750671255123,0.6599709905542385
2025-09-23,05:00:00,24752.49,24772.39,24735.39,24754.29,4568,81.2048192771086,OVERBOUGHT,0.06463526120118977,-0.6528161381320255,-0.5388964902649256
2025-09-23,09:00:00,24754.49,24783.39,24737.99,24770.29,6790,81.74079591402433,OVERBOUGHT,-0.295111603457215,-0.7101249117390287,-0.4230874971588919
2025-09-25,13:00:00,24467.39,24474.19,24183.29,24211.39,13068,19.727891156462903,OVERSOLD,0.29490252315129967,0.6352382081326156,1.092874056384215
2025-10-03,01:00:00,24893.49,24951.49,24863.39,24950.59,5589,80.47168394171551,OVERBOUGHT,0.042483965309030945,-0.21201903441963277,-0.31702657131554224
2025-10-03,09:00:00,24961.39,24982.89,24945.69,24982.19,6492,83.99119091987123,OVERBOUGHT,-0.33824096286194283,-0.8277897173946691,-0.20934914032756644
2025-10-21,17:00:00,25069.79,25182.79,25038.49,25148.39,15945,86.41843971631175,OVERBOUGHT,-0.18410721322517773,-0.011929193081545181,-1.738083431981127
2025-10-27,01:00:00,25585.59,25605.39,25553.89,25571.69,7989,92.32585596221989,OVERBOUGHT,0.2530141730953282,0.5118942080089406,0.9928948771082453
2025-10-27,05:00:00,25571.59,25640.69,25566.19,25636.39,5548,91.45954231906306,OVERBOUGHT,0.21726928011315452,0.5620916205440867,0.7056375722166868
2025-10-27,09:00:00,25636.09,25692.09,25622.39,25692.09,7448,91.37931034482791,OVERBOUGHT,0.04086860975498685,0.6445563595643583,0.5441363470235363
2025-10-27,13:00:00,25692.89,25712.89,25650.59,25702.59,9328,92.17305151915504,OVERBOUGHT,0.3030822963755849,0.4785509942772304,0.8469963532858001
2025-10-27,17:00:00,25704.69,25782.19,25677.09,25780.49,12029,96.04365620736726,OVERBOUGHT,0.29945125170234194,0.14274360184775103,0.8847775973226208
2025-10-27,21:00:00,25780.39,25865.59,25773.79,25857.69,6541,95.94012491923353,OVERBOUGHT,-0.12414101955742585,-0.09977689422372715,0.6528038660839499
2025-10-28,01:00:00,25845.79,25873.89,25817.99,25825.59,6079,91.72985781990566,OVERBOUGHT,-0.03213866556388168,0.3666905576987814,0.9591262000209898
2025-10-28,05:00:00,25825.49,25844.99,25802.89,25817.29,5600,91.12523540489663,OVERBOUGHT,0.05655124918222844,0.74097629921653,1.1647233307601252
2025-10-28,09:00:00,25818.89,25840.99,25799.09,25831.89,7091,90.76546233925313,OVERBOUGHT,0.342212668140045,0.7533324119915429,1.0192827547655217
2025-10-28,13:00:00,25831.49,25949.29,25823.79,25920.29,9336,91.39171138257815,OVERBOUGHT,0.34065976885289195,0.5902711736635663,0.9861000783555991
2025-10-28,17:00:00,25922.69,26013.59,25863.89,26008.59,11893,91.89247311827977,OVERBOUGHT,0.06882341564845097,0.420630261002236,0.3856418206446381
2025-10-28,21:00:00,26008.39,26085.99,26003.09,26026.49,8084,90.72798819478626,OVERBOUGHT,0.17981679435067607,0.2639618327327161,0.2274605603752065
2025-10-29,01:00:00,26033.99,26079.99,26022.79,26073.29,6013,90.8439587128114,OVERBOUGHT,0.17143981446146891,0.39350615131423206,0.32485351867754597
2025-10-29,05:00:00,26073.09,26121.29,26072.29,26117.99,5970,95.15122419587158,OVERBOUGHT,-0.08729615104379361,-0.034841884846430304,0.08653039533286651
2025-10-29,09:00:00,26118.39,26167.49,26084.19,26095.19,7880,90.2754269887674,OVERBOUGHT,0.3092523947900005,-0.03640517658618313,-0.10959874214366151
2025-10-29,13:00:00,26095.09,26176.09,26088.29,26175.89,9889,90.50908544826541,OVERBOUGHT,-0.2559607333313213,-0.06838353920343422,-0.7270048888500038
2025-10-29,17:00:00,26176.69,26183.59,26063.39,26108.89,14036,80.7737743650324,OVERBOUGHT,-0.08885862248452818,0.12141458330859997,-0.6924844372931951
2025-11-12,01:00:00,25555.39,25656.59,25525.39,25620.29,8812,86.60617059891092,OVERBOUGHT,0.1826677215597453,-0.507410337665967,-0.24355696207966987
2025-11-12,05:00:00,25621.59,25670.69,25590.29,25667.09,7768,82.60664624086718,OVERBOUGHT,0.09973861470076485,-0.6140158467516128,-0.2170094077669137
2025-11-14,13:00:00,24847.29,24874.29,24530.59,24858.69,19726,17.915542149547193,OVERSOLD,0.8874160303700726,1.2309578662431528,1.020568662306826
2025-11-26,05:00:00,25115.29,25153.99,25093.99,25143.99,8282,81.5460621912235,OVERBOUGHT,-0.04215719144018981,0.4315146482320427,0.3845849445533389
2025-11-26,17:00:00,25104.09,25312.09,25072.69,25252.49,19051,85.967931169339,OVERBOUGHT,-0.007128009950713416,-0.046728065232390585,-0.0542520757359006
2025-11-26,21:00:00,25252.29,25295.09,25229.29,25250.69,9832,82.10016793440649,OVERBOUGHT,0.01267292101721073,0.018613352744026906,0.144550505352527
2025-11-27,17:00:00,25234.29,25244.89,25223.59,25238.79,3828,80.09107727337373,OVERBOUGHT,0.19176830584983598,0.17790076307143812,-0.028131301064758585
2025-11-28,01:00:00,25255.59,25305.99,25244.69,25287.19,4119,89.22627737226199,OVERBOUGHT,-0.013841000126941746,0.0858142007870417,-0.2756336310993712
2025-11-28,05:00:00,25287.19,25287.19,25283.69,25283.69,9,83.92931392931294,OVERBOUGHT,0.0,0.554903180667074,-0.08424403241773362
2025-11-28,09:00:00,25283.69,25283.69,25283.69,25283.69,52,82.51526803890425,OVERBOUGHT,0.09966899609986014,-0.2056661824282769,0.1071837219962837
2025-11-28,17:00:00,25308.99,25442.89,25292.19,25423.99,13680,82.21352968246566,OVERBOUGHT,-0.7563722295359734,-0.6356201367291372,-0.3020768966633597
2025-12-16,05:00:00,24880.54,24905.54,24833.54,24863.54,11011,11.105165671948825,OVERSOLD,0.4565721534423515,0.7383099912562721,1.0879384029788195
2025-12-22,01:00:00,25400.29,25450.79,25385.29,25449.04,8283,87.27126582780929,OVERBOUGHT,-0.02503041372092079,0.1985143643925289,0.1394944563724211
2025-12-22,05:00:00,25448.79,25451.79,25415.54,25442.67,5582,86.6911808315044,OVERBOUGHT,0.0693323460155835,-0.0031836281333589267,-0.052588820277106846
2025-12-22,09:00:00,25442.79,25477.81,25434.31,25460.31,7313,86.54340112937862,OVERBOUGHT,0.15416151649371118,-0.030518088742833203,0.03240337607829598
2025-12-22,13:00:00,25460.06,25547.06,25425.31,25499.56,11000,86.88102893890654,OVERBOUGHT,-0.22627841421577755,-0.05890297714941134,-0.17647363327053486
2025-12-22,17:00:00,25500.56,25507.36,25383.36,25441.86,15183,80.53199457478871,OVERBOUGHT,0.0419780629246458,-0.04940676507142052,0.366050280915
2025-12-23,05:00:00,25484.42,25492.54,25415.29,25429.29,6042,81.96133458060456,OVERBOUGHT,0.15442822037107773,0.4156624113374802,0.5200695733148664
2025-12-23,09:00:00,25429.81,25489.69,25420.06,25468.56,6977,82.24494635956493,OVERBOUGHT,-0.05496973523434383,0.40387049758603133,0.36711930317222485
2025-12-26,17:00:00,25650.56,25680.11,25603.86,25661.86,12803,84.67778009721819,OVERBOUGHT,-0.12302303886000356,-0.2516185498634928,-0.7248110620196665
2026-01-07,01:00:00,25649.04,25651.29,25611.29,25616.29,7372,83.17013849507902,OVERBOUGHT,-0.1502949880720432,0.19038666411100294,-0.053676781454301145
2026-01-27,17:00:00,25921.11,25970.61,25887.24,25955.11,14149,80.80440037837654,OVERBOUGHT,0.07389681646504404,0.8189524143800494,0.3072612676270684
2026-01-28,01:00:00,26001.29,26093.67,25994.04,26079.29,8000,80.17058340973804,OVERBOUGHT,0.3388895940035077,0.15345509789568826,-0.19218314609026022
2026-01-28,05:00:00,26079.54,26214.04,26058.54,26167.67,8278,85.97741312961759,OVERBOUGHT,0.05499152198114336,-0.5075346792435004,-0.2049475555141034
2026-01-28,09:00:00,26167.56,26196.81,26118.06,26182.06,10494,93.14962063732966,OVERBOUGHT,-0.23966792528930114,-0.18436288053728558,-0.47074217995069906
2026-01-28,13:00:00,26183.06,26191.56,26079.56,26119.31,13407,85.60628019323705,OVERBOUGHT,-0.323324008176329,-0.3451086571582598,-1.4993504805448636
2026-02-02,05:00:00,25244.79,25265.79,25059.67,25111.29,18186,18.913413596011296,OVERSOLD,0.6890127906610948,2.825701108943426,3.0354872250688834
2026-02-10,05:00:00,25218.79,25269.04,25190.54,25224.79,9203,82.59843201801887,OVERBOUGHT,0.17054651396503376,-0.0026957607972169085,-0.16352960718404394
2026-02-10,09:00:00,25225.31,25315.44,25218.06,25267.81,10877,81.70565109819223,OVERBOUGHT,0.14148436291075484,-0.402765415760212,-0.579789067592324
2026-02-10,13:00:00,25267.06,25332.31,25167.81,25303.56,15997,82.01951335949042,OVERBOUGHT,-0.31398743892164077,-0.26585191965083343,-0.3438251376486154
2026-02-13,09:00:00,24627.04,24721.31,24588.69,24642.06,15036,18.60278344305783,OVERSOLD,-0.1247866452723514,0.20282395221827867,0.6488093933705111
2026-02-13,13:00:00,24642.56,24761.44,24493.06,24611.31,26154,19.045558308359816,OVERSOLD,0.9875540960639612,0.5870471746526275,0.329116979144954
2026-03-02,05:00:00,24777.46,24791.09,24493.21,24547.46,11924,12.581668031430212,OVERSOLD,0.2753849074405343,1.558817083315347,0.6786038148142487
2026-03-02,09:00:00,24546.96,24641.81,24435.06,24615.06,18895,19.880173270576037,OVERSOLD,0.8231952308870966,1.3669680268908528,-0.8338391212534114
2026-03-20,13:00:00,24214.29,24309.49,24062.79,24068.09,23022,17.187147264655067,OVERSOLD,-0.2871021339873606,-0.9788894756501182,1.3362090635359871
2026-03-20,17:00:00,24065.99,24138.49,23956.09,23998.99,30725,16.30769230769242,OVERSOLD,-0.01666736808507358,-0.9825413486150996,1.0550443997851453
2026-03-20,21:00:00,24000.09,24009.09,23759.89,23994.99,17587,18.941156914893725,OVERSOLD,-0.6772247039902913,-1.346114334700702,0.8010005421965047
2026-03-23,01:00:00,23746.29,23884.29,23725.89,23832.49,19854,17.867502940023627,OVERSOLD,-0.29077951989071604,2.3379848265959495,0.9122001100178698
2026-03-23,09:00:00,23762.39,23765.19,23562.49,23671.99,22373,17.416469350171155,OVERSOLD,3.031853257795382,2.1764118690485974,2.2608999074433416
2026-03-27,17:00:00,23286.19,23418.99,23159.99,23174.39,29059,15.162572489737457,OVERSOLD,-0.402168082957095,-0.03581539794574646,-0.6330263709206617
2026-03-27,21:00:00,23173.89,23208.69,23046.49,23081.19,15868,15.094706798131838,OVERSOLD,-0.25995193488723933,0.6169525921323877,-0.7036032370947851
2026-03-30,01:00:00,23016.29,23082.69,22914.69,23021.19,19890,11.277464514874566,OVERSOLD,0.6294201125137382,0.4408981464468171,0.5920632252285956
2026-03-30,05:00:00,23022.09,23180.39,23015.79,23166.09,14147,19.570420374348004,OVERSOLD,0.24820761725435755,-0.597424943095712,-0.16489619094115895
2026-03-30,21:00:00,23026.79,23029.29,22841.69,22918.79,15310,18.269622389014955,OVERSOLD,1.0415034999666244,0.8957715481489175,3.4783686224272774
2026-04-09,21:00:00,25055.49,25096.69,24975.69,25063.89,13937,86.75439756645949,OVERBOUGHT,0.22103512264058556,0.11969410973316592,0.35828436846794043
2026-04-10,01:00:00,25064.69,25132.69,25028.39,25119.29,10148,86.29865243860732,OVERBOUGHT,-0.08877639455573494,0.14172375094996134,-0.7997837518496799
2026-04-10,05:00:00,25119.79,25136.39,25089.19,25096.99,8624,83.0063363615544,OVERBOUGHT,-0.012352078874806034,0.04064232403964415,-0.7263819286695452
2026-04-15,01:00:00,25828.69,25879.09,25827.39,25874.89,9019,80.43288670419396,OVERBOUGHT,-0.23033914347074924,0.11632899695419839,1.5683158459804052
2026-04-15,09:00:00,25815.79,25874.79,25804.99,25815.09,10858,93.13961320119287,OVERBOUGHT,0.3482459290283375,1.4619356353202777,1.8496933382761789
2026-04-15,13:00:00,25815.69,25905.99,25771.49,25904.99,16417,93.99378054198118,OVERBOUGHT,0.47365391764288306,1.4502997298975875,0.9905427487136591
2026-04-15,17:00:00,25906.79,26088.29,25885.49,26027.69,25387,94.41921902088649,OVERBOUGHT,0.6331718258516331,1.024677948753811,1.041967227979128
2026-04-15,21:00:00,26027.19,26213.59,26010.79,26192.49,13036,94.29005828194933,OVERBOUGHT,0.3367377442923414,0.3821706145540135,0.4306577954215092
2026-04-16,01:00:00,26199.49,26304.39,26198.89,26280.69,8828,94.25121183774112,OVERBOUGHT,0.052129529323624024,-0.45318444835351945,0.2035715196214407
2026-04-16,05:00:00,26281.09,26300.59,26256.19,26294.39,8277,93.31619537275046,OVERBOUGHT,-0.006845566677908376,0.01711391669477786,0.062370718620973736
2026-04-16,09:00:00,26295.39,26325.19,26251.89,26292.59,10521,93.13822424362257,OVERBOUGHT,-0.49823923774721324,0.04830258259076313,0.34078042520724866
2026-04-16,13:00:00,26293.49,26304.29,26115.69,26161.59,15779,83.02485457429943,OVERBOUGHT,0.5248151966298656,0.6597458334910017,1.583619344237102
2026-04-16,17:00:00,26160.79,26401.19,26130.89,26298.89,26982,84.06156901688192,OVERBOUGHT,0.02433562785350049,0.045249058040097725,1.3251509854598427
2026-04-16,21:00:00,26298.39,26335.59,26194.39,26305.29,14742,82.9663040594323,OVERBOUGHT,0.10986383347227047,0.29233663647121094,1.4126436165501255
2026-04-17,13:00:00,26382.49,26654.19,26350.79,26575.89,19103,85.42947643003552,OVERBOUGHT,0.26904084867900946,-0.10234840677019934,0.18287252092028594
2026-04-17,17:00:00,26576.99,26721.99,26564.49,26647.39,26347,86.35450336332681,OVERBOUGHT,0.11070502589559429,-0.6349589959842248,-0.36401313599568286
2026-04-17,21:00:00,26648.09,26683.89,26594.99,26676.89,14427,85.59439269574857,OVERBOUGHT,-0.48056576310057403,-0.5214250986527985,-0.21666693531367137
2026-05-06,09:00:00,28232.81,28394.71,28178.94,28385.0,14945,80.23547656457212,OVERBOUGHT,-0.1322881803769571,0.7031530738065884,0.7880570723973884
2026-05-06,17:00:00,28349.3,28488.2,28264.99,28478.49,22672,82.81876485214369,OVERBOUGHT,0.3725618879371713,0.42052791422578367,0.3363591257822912
2026-05-06,21:00:00,28479.4,28677.75,28471.47,28584.59,12072,84.29659197638522,OVERBOUGHT,-0.030296044127272263,0.08431116206319049,-0.23369234961914542
2026-05-07,01:00:00,28571.04,28593.05,28515.53,28575.93,12156,91.43766771273927,OVERBOUGHT,0.07810769413278836,0.2922739522388263,0.21619593832991205
2026-05-07,05:00:00,28576.12,28605.67,28530.33,28598.25,11485,95.696391152503,OVERBOUGHT,0.03650573024572724,-0.08381631743201477,0.294038970916053
2026-05-07,09:00:00,28597.06,28692.06,28572.81,28608.69,14858,95.43451628201082,OVERBOUGHT,0.17742860648286252,-0.31773562508453834,0.42179491616009646
2026-05-07,13:00:00,28608.32,28679.73,28572.31,28659.45,16591,95.4891988715677,OVERBOUGHT,-0.2971794643651636,-0.07585630568626264,1.1279002213929437
2026-05-07,17:00:00,28661.08,28822.62,28432.55,28574.28,29515,87.20116902094486,OVERBOUGHT,-0.1976952700120457,0.37817225840861546,1.9850368933180569
2026-05-08,01:00:00,28471.47,28659.1,28470.4,28637.71,12589,80.8248958928718,OVERBOUGHT,0.15584346653416428,1.2046703454989998,2.047405326752739
2026-05-08,05:00:00,28637.17,28706.42,28586.96,28682.34,12247,80.68234398938858,OVERBOUGHT,0.1639336260570108,1.6008108125069345,1.8280237944323918
2026-05-08,13:00:00,28729.23,28983.2,28719.86,28982.7,17034,83.30356111303675,OVERBOUGHT,0.5478785620387364,0.8327036473482461,0.7327819699337916
2026-05-08,17:00:00,28984.11,29194.45,28951.51,29141.49,21855,83.40708160002835,OVERBOUGHT,0.23591793007152342,0.2236330400401567,0.6331179359737611
2026-05-08,21:00:00,29141.34,29259.5,29115.72,29210.24,12294,87.07958364491205,OVERBOUGHT,0.04724370631668645,-0.034645384632247526,0.24214111215792666
2026-05-11,01:00:00,29151.04,29283.88,29111.17,29224.04,14647,85.63167302306465,OVERBOUGHT,-0.059471585721895454,-0.0990964972673153,-0.22005855453250578
2026-05-11,05:00:00,29223.04,29245.13,29178.6,29206.66,12354,82.48509091668663,OVERBOUGHT,-0.0223921530226355,0.4085711957478252,-0.12099979936083122
2026-05-11,09:00:00,29205.05,29249.37,29148.62,29200.12,13885,82.66813209818376,OVERBOUGHT,-0.01726020304025201,0.2768824237708687,-0.31013571177103955
2026-05-11,13:00:00,29200.43,29318.58,29144.99,29195.08,18330,81.81159188546707,OVERBOUGHT,0.4483974697106493,-0.12108204533093309,-0.611164620888178
2026-05-11,17:00:00,29196.04,29364.24,29133.08,29325.99,23073,83.88157273225397,OVERBOUGHT,-0.15351570398817033,-0.5274161247412342,-1.762225247979696
2026-05-12,05:00:00,29161.61,29253.95,29149.56,29171.32,13349,81.30022893378154,OVERBOUGHT,-0.21171479384545644,-1.2413562361936277,0.05409422679535529
2026-05-22,05:00:00,29442.74,29519.83,29422.97,29459.79,12416,81.18385902423059,OVERBOUGHT,-0.06625980701152465,0.4493922054434177,1.4554075232715453
2026-05-22,13:00:00,29440.81,29628.83,29351.46,29555.19,19620,82.029114017587,OVERBOUGHT,0.12515568331653967,0.9772902830264335,1.2094660870053713
2026-05-27,09:00:00,30027.83,30142.24,29981.66,30137.45,13403,80.21789896932552,OVERBOUGHT,-0.5022654537792646,-0.30994659468534946,-0.7698395186055955
