trade_date,trade_time,open,high,low,close,volume,prev_daily_low,signal,breakout_count,forward_1,forward_3,forward_6
2023-03-17,17:00:00,3945.09,3958.96,3900.33,3926.53,9660,3937.83,BEARISH_DAILY_LOW_BREAKOUT,1,-0.2704678176405209,-0.3532381008167605,0.5042620328890834
2023-03-22,21:00:00,4001.63,4040.13,3932.63,3938.63,10995,3950.09,BEARISH_DAILY_LOW_BREAKOUT,1,0.24450126059061425,0.4382234431769362,0.4559961204784414
2023-03-28,17:00:00,3969.19,3979.69,3950.79,3951.79,4988,3967.83,BEARISH_DAILY_LOW_BREAKOUT,1,0.626045412332139,1.2019869476869975,1.4788235204805937
2023-04-05,17:00:00,4095.96,4097.46,4071.73,4084.23,4308,4085.59,BEARISH_DAILY_LOW_BREAKOUT,1,0.07981920704758948,-0.08569546768913602,0.41770419393618735
2023-04-10,13:00:00,4106.49,4107.49,4071.99,4073.99,2479,4094.33,BEARISH_DAILY_LOW_BREAKOUT,1,0.6332857959887035,0.9779110896197621,0.842908303653179
2023-04-12,21:00:00,4120.59,4127.33,4086.83,4090.59,4082,4101.89,BEARISH_DAILY_LOW_BREAKOUT,1,0.030313475562199627,0.23810746127086269,1.2729215101000029
2023-04-19,09:00:00,4148.33,4148.59,4128.09,4129.83,2297,4139.33,BEARISH_DAILY_LOW_BREAKOUT,1,0.10896332294549654,0.4891242496664468,-0.11622754447520073
2023-04-20,09:00:00,4142.79,4145.79,4120.29,4125.03,2308,4126.33,BEARISH_DAILY_LOW_BREAKOUT,1,0.015272616199157561,0.1469080224871189,0.07999941818605397
2023-04-25,17:00:00,4112.53,4118.79,4078.69,4079.93,3934,4112.03,BEARISH_DAILY_LOW_BREAKOUT,1,0.17475790025809534,0.3284370074976799,-0.4068697257060761
2023-04-26,17:00:00,4078.59,4089.59,4060.83,4063.33,4710,4070.19,BEARISH_DAILY_LOW_BREAKOUT,1,0.02461035653023505,0.1845776739767629,1.3806410013461956
2023-05-02,13:00:00,4161.33,4164.33,4146.83,4149.33,2281,4159.83,BEARISH_DAILY_LOW_BREAKOUT,1,-0.7398784864062347,-0.6372113088137025,-0.37837433995367487
2023-05-03,21:00:00,4132.26,4149.63,4078.13,4079.51,9933,4088.13,BEARISH_DAILY_LOW_BREAKOUT,1,0.1916896882223529,0.13678113302822956,-0.4571627474868327
2023-05-04,13:00:00,4084.83,4088.09,4057.09,4063.83,4666,4078.13,BEARISH_DAILY_LOW_BREAKOUT,1,0.20079580100545186,0.33367537520024076,1.1949318746109066
2023-05-09,21:00:00,4128.33,4130.33,4117.83,4120.09,1860,4122.83,BEARISH_DAILY_LOW_BREAKOUT,1,0.10291037331708244,-0.13349222953867512,0.4490193175391799
2023-05-10,09:00:00,4122.59,4128.09,4106.33,4114.59,2342,4116.33,BEARISH_DAILY_LOW_BREAKOUT,1,0.49822704084732616,0.5832901941627233,0.8506315331539717
2023-05-12,17:00:00,4133.66,4137.79,4099.73,4100.73,4825,4108.09,BEARISH_DAILY_LOW_BREAKOUT,1,0.44528657092762064,0.7803488647143314,0.7208472637798734
2023-05-23,17:00:00,4182.33,4185.46,4156.83,4161.59,4246,4178.59,BEARISH_DAILY_LOW_BREAKOUT,1,-0.318628216619134,-0.2945989393477065,-1.0964559218952397
2023-05-24,09:00:00,4149.09,4149.33,4131.59,4137.71,2899,4141.33,BEARISH_DAILY_LOW_BREAKOUT,1,-0.5408788919474808,0.04543576036020188,0.15999187956623084
2023-05-30,17:00:00,4216.41,4223.79,4193.79,4194.29,5860,4211.79,BEARISH_DAILY_LOW_BREAKOUT,1,0.32186615613131186,0.017643033743488926,-0.17786085368441468
2023-05-31,13:00:00,4196.79,4199.03,4184.03,4185.29,2959,4192.03,BEARISH_DAILY_LOW_BREAKOUT,1,0.03679553866040259,-0.09461709941246692,-0.21981750368552283
2023-06-19,13:00:00,4410.69,4411.19,4400.19,4400.69,1676,4406.33,BEARISH_DAILY_LOW_BREAKOUT,1,0.07362481792629545,-0.0649898084164,-0.21814760867044614
2023-06-20,05:00:00,4399.83,4400.83,4394.33,4397.83,1399,4399.19,BEARISH_DAILY_LOW_BREAKOUT,1,-0.1418881584781536,-0.15325740194595475,-0.21010361928496057
2023-06-21,21:00:00,4375.39,4386.39,4362.63,4365.63,2451,4366.83,BEARISH_DAILY_LOW_BREAKOUT,1,-0.06276299182477173,-0.17729399880429128,0.4320109583267403
2023-06-22,05:00:00,4362.63,4364.39,4356.63,4358.39,1427,4359.63,BEARISH_DAILY_LOW_BREAKOUT,1,-0.011472126175032524,0.34049270487494776,0.14271324961738957
2023-06-23,13:00:00,4361.73,4365.49,4342.23,4348.99,3060,4349.13,BEARISH_DAILY_LOW_BREAKOUT,1,0.285123672392913,0.18165137192774752,0.21016373916703254
2023-06-26,17:00:00,4358.39,4362.09,4332.03,4337.29,5719,4340.51,BEARISH_DAILY_LOW_BREAKOUT,1,-0.061328617639121535,0.13464628835056328,0.9591242457848188
2023-07-05,09:00:00,4450.99,4451.73,4430.73,4434.73,1934,4448.99,BEARISH_DAILY_LOW_BREAKOUT,1,0.28772890345072233,0.2471401866629995,-0.15784500973001742
2023-07-06,09:00:00,4430.23,4433.99,4424.49,4427.73,2162,4429.49,BEARISH_DAILY_LOW_BREAKOUT,1,-0.6667073195519946,-0.4006567699475755,-0.4232417062467626
2023-07-10,01:00:00,4399.09,4404.83,4388.83,4390.83,1908,4396.33,BEARISH_DAILY_LOW_BREAKOUT,1,-0.26737541649300434,0.3097364279646528,0.4568612312478597
2023-07-17,01:00:00,4501.83,4502.33,4495.83,4497.83,1260,4498.59,BEARISH_DAILY_LOW_BREAKOUT,1,0.07247939561967033,0.27257588659420695,0.4313191027673264
2023-07-20,17:00:00,4560.39,4561.13,4540.89,4546.63,3593,4553.39,BEARISH_DAILY_LOW_BREAKOUT,1,-0.20322744538261925,-0.12624735243465557,0.15967870708635226
2023-07-27,21:00:00,4572.43,4574.43,4527.69,4541.93,3821,4546.89,BEARISH_DAILY_LOW_BREAKOUT,1,0.06076711882392086,0.34126461658369894,0.847657273449833
2023-08-02,05:00:00,4567.83,4567.83,4553.59,4556.59,1577,4567.09,BEARISH_DAILY_LOW_BREAKOUT,1,-0.3046137572175708,-0.8624870791534938,-0.9283257874858212
2023-08-03,09:00:00,4514.03,4515.29,4487.53,4503.29,3875,4504.79,BEARISH_DAILY_LOW_BREAKOUT,1,-0.15011247332506275,0.015544191024780064,0.3273162510075918
2023-08-04,21:00:00,4518.09,4518.33,4473.83,4478.09,4044,4485.03,BEARISH_DAILY_LOW_BREAKOUT,1,0.36265461390905007,0.3514891393428846,0.9378998635579008
2023-08-08,13:00:00,4498.33,4500.33,4469.83,4473.83,3606,4483.59,BEARISH_DAILY_LOW_BREAKOUT,1,0.22128690629728076,0.6600608427231197,0.4506206091872032
2023-08-10,17:00:00,4522.13,4526.13,4456.29,4458.03,7606,4460.13,BEARISH_DAILY_LOW_BREAKOUT,1,0.25796147625745003,0.3028243416935283,0.02467457598985121
2023-08-11,13:00:00,4462.03,4469.79,4441.03,4455.11,4692,4456.29,BEARISH_DAILY_LOW_BREAKOUT,1,0.09023346224897784,0.1858539968710235,0.11267959713678083
2023-08-15,21:00:00,4449.33,4454.59,4431.33,4437.09,2686,4448.63,BEARISH_DAILY_LOW_BREAKOUT,1,0.02794624404733241,0.05048353763389478,-0.7459844177152225
2023-08-16,17:00:00,4442.96,4449.73,4417.99,4430.86,5120,4431.33,BEARISH_DAILY_LOW_BREAKOUT,1,-0.606428548859587,-0.6402820220002413,-0.818576980541013
2023-08-17,01:00:00,4407.23,4408.49,4394.23,4401.23,1919,4401.99,BEARISH_DAILY_LOW_BREAKOUT,1,0.028628360708261517,0.2126678224042048,-0.6166458012873542
2023-08-18,09:00:00,4368.83,4373.83,4358.09,4361.83,3521,4363.33,BEARISH_DAILY_LOW_BREAKOUT,1,-0.3209661999665278,0.07932450370601414,0.6639415107879041
2023-08-24,21:00:00,4399.33,4404.59,4368.33,4373.09,3473,4388.16,BEARISH_DAILY_LOW_BREAKOUT,1,0.14269086618386043,0.1655579921748645,0.716655728558071
2023-09-05,01:00:00,4513.39,4514.63,4506.13,4507.89,1529,4508.89,BEARISH_DAILY_LOW_BREAKOUT,1,-0.011091663727375778,-0.1885582833653882,-0.3882082304581522
2023-09-06,01:00:00,4493.63,4497.13,4490.13,4490.39,1303,4492.89,BEARISH_DAILY_LOW_BREAKOUT,1,0.07794423201548194,-0.19218820636960507,-0.6115281746128962
2023-09-07,13:00:00,4454.69,4456.19,4429.19,4436.13,3317,4441.43,BEARISH_DAILY_LOW_BREAKOUT,1,0.400348952803462,0.34399352588856097,0.5522831837660303
2023-09-15,17:00:00,4482.09,4485.93,4446.63,4456.39,4959,4468.53,BEARISH_DAILY_LOW_BREAKOUT,1,-0.11219843864652779,0.00897587509171406,0.0884123696534549
2023-09-19,13:00:00,4460.09,4461.59,4437.33,4437.83,2261,4439.03,BEARISH_DAILY_LOW_BREAKOUT,1,0.008112072792325812,0.10365426345759896,0.4416572964714819
2023-09-20,21:00:00,4444.06,4453.19,4396.43,4397.69,5196,4415.69,BEARISH_DAILY_LOW_BREAKOUT,1,-0.2219346975343717,-0.46069641107034165,-1.6317657679372426
2023-09-21,01:00:00,4399.43,4400.19,4387.93,4387.93,1456,4396.43,BEARISH_DAILY_LOW_BREAKOUT,1,-0.039654233317320264,-0.7142319954967409,-1.2785071776441366
2023-09-22,21:00:00,4332.29,4348.03,4315.79,4319.79,3084,4323.93,BEARISH_DAILY_LOW_BREAKOUT,1,0.14283101724852534,-0.027779128152058737,0.5208586528511803
2023-09-26,17:00:00,4301.83,4304.71,4274.79,4281.79,4544,4297.09,BEARISH_DAILY_LOW_BREAKOUT,1,-0.07006415541163859,0.16745333143381794,-0.7940604279985707
2023-09-27,17:00:00,4284.59,4286.83,4237.79,4247.79,4935,4265.03,BEARISH_DAILY_LOW_BREAKOUT,1,0.8413786933911465,0.8267828682679673,1.1488326871149512
2023-10-02,17:00:00,4278.21,4301.23,4258.99,4269.23,7446,4273.63,BEARISH_DAILY_LOW_BREAKOUT,1,0.509693785530417,0.287171222913739,-1.0798200143819718
2023-10-03,17:00:00,4276.23,4276.23,4221.63,4223.13,7201,4258.99,BEARISH_DAILY_LOW_BREAKOUT,1,0.1150805208459051,-0.22826671213058392,0.30688138892243516
2023-10-04,05:00:00,4218.36,4222.73,4210.49,4213.49,2297,4215.89,BEARISH_DAILY_LOW_BREAKOUT,1,0.40916200109647305,0.536372460834139,1.1534381237406608
2023-10-12,17:00:00,4366.59,4386.59,4336.09,4336.83,5394,4344.69,BEARISH_DAILY_LOW_BREAKOUT,1,0.29975811825688353,0.3966030487706417,-0.2536414846789014
2023-10-13,21:00:00,4325.59,4336.83,4315.59,4321.99,3779,4324.83,BEARISH_DAILY_LOW_BREAKOUT,1,0.3671919648125028,0.3239248586877804,1.2526637035254669
2023-10-18,21:00:00,4337.79,4345.03,4303.03,4319.03,3640,4335.39,BEARISH_DAILY_LOW_BREAKOUT,1,-0.17920690525418398,-0.11900820323080456,-1.1391446690576315
2023-10-19,21:00:00,4305.59,4311.83,4266.59,4269.83,4385,4303.03,BEARISH_DAILY_LOW_BREAKOUT,1,-0.06253176355967503,-0.0655763812610849,-1.1438394502825675
2023-10-20,13:00:00,4266.53,4276.03,4256.03,4260.79,4220,4266.59,BEARISH_DAILY_LOW_BREAKOUT,1,-0.16569697168835829,-0.6102154764726729,-1.0209374317908182
2023-10-23,09:00:00,4233.79,4235.29,4190.79,4192.53,3474,4218.73,BEARISH_DAILY_LOW_BREAKOUT,1,0.590574187900867,0.7942698084450245,1.0699983065118337
2023-10-25,13:00:00,4229.71,4240.33,4205.33,4210.83,3130,4218.29,BEARISH_DAILY_LOW_BREAKOUT,1,-0.5454981559455085,-1.1042953526976869,-1.1280436398524756
2023-10-26,01:00:00,4176.76,4179.26,4161.39,4164.33,2311,4180.99,BEARISH_DAILY_LOW_BREAKOUT,1,-0.1018170990291303,-0.02401346675215461,-0.15464672588386608
2023-10-27,17:00:00,4140.13,4156.39,4111.89,4114.39,7274,4126.53,BEARISH_DAILY_LOW_BREAKOUT,1,0.09721975797141252,0.46033555399462855,1.2891339907009292
2023-11-09,21:00:00,4362.83,4362.83,4343.09,4349.59,3357,4358.63,BEARISH_DAILY_LOW_BREAKOUT,1,-0.02896824758196102,-0.05747668171023016,1.3247225600573822
2023-11-16,01:00:00,4498.89,4504.63,4491.39,4493.51,1496,4495.39,BEARISH_DAILY_LOW_BREAKOUT,1,0.20295937919354556,0.3587396044517513,0.44775687602786884
2023-11-27,01:00:00,4553.53,4555.03,4545.03,4545.41,862,4551.63,BEARISH_DAILY_LOW_BREAKOUT,1,-0.0136401336733076,0.10604103920217778,0.19096187142634638
2023-11-28,13:00:00,4549.96,4551.09,4537.83,4541.09,1900,4542.03,BEARISH_DAILY_LOW_BREAKOUT,1,0.18057338656577646,0.3979220847858049,0.995355740582103
2023-11-30,17:00:00,4555.29,4558.29,4536.53,4542.03,4172,4546.79,BEARISH_DAILY_LOW_BREAKOUT,1,0.4762187832312889,0.5063815078279976,0.9797381347106912
2023-12-07,05:00:00,4547.13,4548.63,4544.63,4544.89,671,4546.39,BEARISH_DAILY_LOW_BREAKOUT,1,0.09329158681507761,0.8743885990639988,0.8347836801330636
2023-12-20,21:00:00,4768.89,4769.89,4690.89,4699.51,4185,4735.59,BEARISH_DAILY_LOW_BREAKOUT,1,0.25704807522486234,0.4536643181948694,1.0081902155756688
2023-12-29,17:00:00,4786.53,4788.39,4750.09,4767.33,3503,4782.33,BEARISH_DAILY_LOW_BREAKOUT,1,-0.0077611577130152695,0.13214944214057306,-0.5873308539580856
2024-01-02,13:00:00,4766.63,4766.89,4727.63,4736.39,3158,4750.09,BEARISH_DAILY_LOW_BREAKOUT,1,0.06207259115063582,0.13090138269863372,-0.4418977322391165
2024-01-03,13:00:00,4734.59,4735.83,4713.83,4715.46,2282,4722.83,BEARISH_DAILY_LOW_BREAKOUT,1,0.05874294342438547,-0.1478116663061558,-0.21482527685528263
2024-01-04,21:00:00,4706.93,4709.43,4687.19,4692.13,2439,4698.73,BEARISH_DAILY_LOW_BREAKOUT,1,0.03196842372227539,-0.2821746200552794,0.11636506234908317
2024-01-05,05:00:00,4693.89,4695.39,4683.13,4685.89,779,4687.19,BEARISH_DAILY_LOW_BREAKOUT,1,-0.14938464197836482,0.32437807972444543,0.1118250748523713
2024-01-16,01:00:00,4777.76,4779.89,4763.76,4769.13,1399,4772.83,BEARISH_DAILY_LOW_BREAKOUT,1,-0.09938919677173366,-0.18326193666349588,-0.23484367169693043
2024-01-17,05:00:00,4757.69,4758.69,4742.93,4743.93,1216,4746.83,BEARISH_DAILY_LOW_BREAKOUT,1,0.016020472477446097,-0.4700743897991787,-0.05480687952816259
2024-01-31,01:00:00,4906.01,4909.39,4903.13,4905.39,1250,4908.13,BEARISH_DAILY_LOW_BREAKOUT,1,-0.04342162396873865,-0.2854003453344178,-0.8827024966414531
2024-02-13,09:00:00,5020.09,5022.09,5001.83,5004.59,1663,5013.83,BEARISH_DAILY_LOW_BREAKOUT,1,-1.0989911261461978,-0.9591195282730454,-0.5894588767511424
2024-02-20,01:00:00,5008.33,5009.09,4986.09,4989.33,1521,5002.59,BEARISH_DAILY_LOW_BREAKOUT,1,0.06533943435291349,-0.2705774121976297,-0.4148853653696953
2024-02-26,01:00:00,5082.73,5089.73,5076.23,5080.23,1457,5080.33,BEARISH_DAILY_LOW_BREAKOUT,1,-0.017125208898020185,0.22164350826636234,-0.3031358816431468
2024-02-27,01:00:00,5065.83,5070.71,5062.33,5064.83,1023,5065.29,BEARISH_DAILY_LOW_BREAKOUT,1,-0.004738559833198384,0.09398143669185774,0.2823391900616641
2024-03-05,01:00:00,5127.46,5127.96,5120.59,5122.09,1173,5124.03,BEARISH_DAILY_LOW_BREAKOUT,1,-0.06833148187556251,-0.35883789624938467,-0.7957689146422694
2024-03-11,09:00:00,5121.33,5124.83,5103.33,5117.46,2816,5118.23,BEARISH_DAILY_LOW_BREAKOUT,1,-0.32242557831424185,0.1387407033958324,0.21006514950776362
2024-03-14,13:00:00,5183.13,5186.39,5141.89,5142.39,3484,5150.69,BEARISH_DAILY_LOW_BREAKOUT,1,0.14584658106444667,0.16723741295388825,-0.47954355853991554
2024-03-15,13:00:00,5160.49,5165.99,5115.99,5117.73,3824,5123.13,BEARISH_DAILY_LOW_BREAKOUT,1,0.03439024723852603,0.16218127959075962,0.8167683719148956
2024-03-22,21:00:00,5245.03,5245.79,5228.03,5230.59,1727,5231.33,BEARISH_DAILY_LOW_BREAKOUT,1,0.0619432989395036,-0.14835802462055367,-0.17206471927641048
2024-03-25,05:00:00,5233.59,5233.59,5227.09,5227.09,751,5228.03,BEARISH_DAILY_LOW_BREAKOUT,1,-0.08149850107804187,-0.004974086920259997,0.015304882831559851
2024-04-02,01:00:00,5237.59,5237.59,5231.09,5234.33,1094,5243.09,BEARISH_DAILY_LOW_BREAKOUT,1,0.009552320927415734,-0.8119472788303375,-0.6770685073352196
2024-04-04,21:00:00,5235.33,5235.59,5140.83,5145.09,6246,5192.93,BEARISH_DAILY_LOW_BREAKOUT,1,0.05830801793554631,0.36423075203737504,1.157802876140159
2024-04-09,17:00:00,5206.59,5210.09,5159.59,5183.33,5677,5187.59,BEARISH_DAILY_LOW_BREAKOUT,1,0.6270100495241476,0.5768492455622087,-0.5459810585087228
2024-04-10,13:00:00,5211.73,5233.73,5128.11,5155.49,6339,5159.59,BEARISH_DAILY_LOW_BREAKOUT,1,-0.008922527247653208,0.025991709808381856,0.12297570163069167
2024-04-12,17:00:00,5168.63,5169.13,5109.19,5121.19,6433,5128.71,BEARISH_DAILY_LOW_BREAKOUT,1,0.05701799777005096,0.4764517621880958,-0.8318379126726301
2024-04-15,17:00:00,5166.73,5167.73,5064.71,5078.59,7609,5107.19,BEARISH_DAILY_LOW_BREAKOUT,1,-0.3865246062391354,-0.43043443160405903,-0.46587733997034325
2024-04-17,21:00:00,5039.59,5056.09,5015.33,5020.59,4535,5037.19,BEARISH_DAILY_LOW_BREAKOUT,1,0.22507314877335494,0.25973043008889324,-0.22626822743941613
2024-04-19,01:00:00,5012.23,5013.73,4936.46,4948.09,4501,5000.39,BEARISH_DAILY_LOW_BREAKOUT,1,0.4446160033467459,1.2934283733723517,0.6325673138524194
2024-04-25,05:00:00,5041.03,5043.91,5033.79,5035.29,1314,5037.63,BEARISH_DAILY_LOW_BREAKOUT,1,0.21845812257089464,0.2986918330423861,1.2019168707264216
2024-04-30,17:00:00,5106.46,5110.33,5061.33,5075.83,5095,5087.33,BEARISH_DAILY_LOW_BREAKOUT,1,-0.985060571374534,-0.8642921453240138,-1.0146123885157698
2024-05-01,09:00:00,5031.96,5033.83,5010.33,5014.83,2306,5020.83,BEARISH_DAILY_LOW_BREAKOUT,1,0.16211915458749568,0.22533166627782364,0.6939417687139979
2024-05-23,17:00:00,5307.83,5324.23,5274.73,5276.23,5324,5284.89,BEARISH_DAILY_LOW_BREAKOUT,1,-0.1334286033777899,-0.01971104368080928,0.5458442865455104
2024-05-29,09:00:00,5284.83,5290.83,5272.33,5276.09,2911,5280.21,BEARISH_DAILY_LOW_BREAKOUT,1,-0.104243862405683,-0.426452164386885,-0.587556315377486
2024-05-30,01:00:00,5255.71,5256.59,5246.09,5247.71,1246,5252.09,BEARISH_DAILY_LOW_BREAKOUT,1,-0.18331805682859553,0.11776565397097574,-0.33119208187952665
2024-05-31,17:00:00,5239.09,5239.83,5191.39,5216.13,4837,5222.33,BEARISH_DAILY_LOW_BREAKOUT,1,1.3278043300301223,1.4704388119161105,0.8370190160137853
2024-06-20,17:00:00,5500.33,5502.59,5454.79,5473.03,5571,5487.89,BEARISH_DAILY_LOW_BREAKOUT,1,0.004750567784211274,0.1516527408035436,-0.22291125756664626
2024-06-24,21:00:00,5459.83,5467.09,5442.59,5446.83,2959,5451.83,BEARISH_DAILY_LOW_BREAKOUT,1,0.10336287345116535,0.261803654602773,0.40353747041858246
2024-07-17,13:00:00,5625.56,5628.19,5602.43,5615.43,3988,5622.33,BEARISH_DAILY_LOW_BREAKOUT,1,-0.43273622857021066,-0.19410802022285994,-0.16205348477321171
2024-07-18,17:00:00,5605.59,5613.53,5542.03,5554.53,8379,5582.39,BEARISH_DAILY_LOW_BREAKOUT,1,-0.009001661706751067,0.0864159523848135,-0.7741429067805917
2024-07-19,17:00:00,5547.09,5550.33,5496.29,5511.53,8218,5522.29,BEARISH_DAILY_LOW_BREAKOUT,1,-0.11793458440759644,0.14805326288707227,0.9264215199772188
2024-07-24,01:00:00,5539.23,5539.83,5529.61,5536.33,2088,5543.33,BEARISH_DAILY_LOW_BREAKOUT,1,-0.19868757823323394,-1.1505817030415424,-1.743031936318825
2024-07-25,13:00:00,5422.09,5434.09,5411.46,5415.59,6550,5420.13,BEARISH_DAILY_LOW_BREAKOUT,1,0.8852221087637653,0.1447672368107657,0.556172088359715
2024-07-30,17:00:00,5477.73,5481.86,5400.43,5428.69,8600,5444.01,BEARISH_DAILY_LOW_BREAKOUT,1,-0.20925858724664095,0.8646653244152919,1.6641215468188486
2024-08-02,05:00:00,5423.23,5423.99,5388.36,5403.49,4484,5409.19,BEARISH_DAILY_LOW_BREAKOUT,1,-0.3564363032040444,-1.592674364160931,-3.905438892271472
2024-08-05,01:00:00,5294.76,5314.09,5255.96,5274.46,7751,5299.83,BEARISH_DAILY_LOW_BREAKOUT,1,-1.5546615198522693,-2.00968440371147,-0.21329197680900036
2024-08-07,21:00:00,5234.39,5236.13,5169.01,5173.13,8173,5193.59,BEARISH_DAILY_LOW_BREAKOUT,1,0.420635089394626,0.19253334055011254,2.959136924840472
2024-08-22,17:00:00,5634.09,5635.59,5563.29,5565.79,7983,5592.13,BEARISH_DAILY_LOW_BREAKOUT,1,0.2623167600646155,0.4815129568309293,0.8767847870652717
2024-08-28,17:00:00,5620.33,5622.83,5562.09,5563.33,6514,5593.23,BEARISH_DAILY_LOW_BREAKOUT,1,0.23367299800658958,0.3192332649690063,1.3504501800180848
2024-09-03,09:00:00,5641.63,5652.63,5614.63,5616.63,3271,5624.13,BEARISH_DAILY_LOW_BREAKOUT,1,-0.3069456239773633,-1.641553743080812,-1.8391811459896803
2024-09-04,05:00:00,5506.09,5513.59,5496.09,5497.96,3623,5503.69,BEARISH_DAILY_LOW_BREAKOUT,1,0.27955823614576847,0.35595020698585855,0.3286673602572538
2024-09-06,09:00:00,5494.96,5497.59,5457.59,5470.33,4058,5479.43,BEARISH_DAILY_LOW_BREAKOUT,1,0.2974226417784747,-1.4668219284759747,-0.3747488725543066
2024-10-23,17:00:00,5830.64,5834.65,5776.41,5777.14,6781,5820.34,BEARISH_DAILY_LOW_BREAKOUT,1,0.42443146608874854,0.5622159061404011,0.43793295644556424
2024-10-29,13:00:00,5826.83,5827.46,5801.6,5817.32,3881,5823.2,BEARISH_DAILY_LOW_BREAKOUT,1,0.3432852241238277,0.666286193642437,0.3266108792364869
2024-10-31,01:00:00,5801.2,5803.7,5792.12,5797.64,2372,5805.6,BEARISH_DAILY_LOW_BREAKOUT,1,-0.16385977742667707,-0.7489254248280347,-1.5252758018780104
2024-11-12,21:00:00,5989.88,6000.09,5981.73,5985.87,2981,5986.38,BEARISH_DAILY_LOW_BREAKOUT,1,-0.1137679234597392,-0.17925547998869945,0.06866169829948984
2024-11-14,17:00:00,5977.9,5985.13,5952.22,5953.84,7457,5965.35,BEARISH_DAILY_LOW_BREAKOUT,1,-0.14259704661193082,-0.5198325786383211,-1.5989680609488972
2024-11-15,01:00:00,5944.14,5944.41,5928.64,5933.41,2625,5936.57,BEARISH_DAILY_LOW_BREAKOUT,1,-0.1773010798175,-0.5413413197469902,-0.8143714996941002
2024-12-09,21:00:00,6067.98,6067.98,6048.77,6052.55,2324,6065.49,BEARISH_DAILY_LOW_BREAKOUT,1,-0.05485291323492773,0.04642671270785852,-0.1866981685405355
2024-12-10,17:00:00,6058.33,6065.07,6047.97,6048.22,4307,6048.77,BEARISH_DAILY_LOW_BREAKOUT,1,-0.11524051704468842,-0.10449355347524757,0.6334094989930837
2024-12-13,21:00:00,6048.2,6054.41,6041.46,6045.72,2277,6047.64,BEARISH_DAILY_LOW_BREAKOUT,1,0.1475423936272284,0.25836459511852833,0.39978695672310444
2024-12-18,21:00:00,6060.75,6061.12,5836.44,5868.35,12541,6034.65,BEARISH_DAILY_LOW_BREAKOUT,1,0.0807722784087483,0.37591486533692586,0.09218945700239171
2024-12-20,01:00:00,5875.64,5876.89,5840.16,5846.89,3940,5864.38,BEARISH_DAILY_LOW_BREAKOUT,1,0.23978559541909505,-0.03215384589072326,1.8958796898864088
2024-12-27,13:00:00,6018.84,6022.59,5985.09,5991.0,3709,6001.34,BEARISH_DAILY_LOW_BREAKOUT,1,-0.4528459355700235,-0.4074445000834561,-1.9344016024036108
2024-12-30,13:00:00,5958.96,5962.09,5874.74,5875.11,7009,5931.7,BEARISH_DAILY_LOW_BREAKOUT,1,1.005087564317948,0.5387133177081033,0.8171761890415706
2025-01-02,17:00:00,5926.18,5935.48,5830.29,5844.28,14745,5867.94,BEARISH_DAILY_LOW_BREAKOUT,1,0.47174331140877274,0.664068114464064,1.5753865317883575
2025-01-07,17:00:00,5986.18,5986.8,5919.08,5932.78,12336,5933.34,BEARISH_DAILY_LOW_BREAKOUT,1,-0.39694713102458185,-0.2213127741126438,-0.5387019238872846
2025-01-10,13:00:00,5907.11,5919.24,5844.36,5850.46,10514,5887.11,BEARISH_DAILY_LOW_BREAKOUT,1,0.2599795571630271,-0.8071160216461655,-0.886596951350832
2025-01-13,01:00:00,5818.24,5827.24,5798.49,5803.24,4180,5807.09,BEARISH_DAILY_LOW_BREAKOUT,1,0.004307938324108602,-0.08012765282841372,0.809720087399449
2025-01-27,01:00:00,6068.34,6071.34,6038.59,6045.11,3625,6088.45,BEARISH_DAILY_LOW_BREAKOUT,1,-0.5045400331838461,-0.6683087652664655,-0.5586333416596146
2025-02-03,01:00:00,5925.09,5947.61,5908.09,5919.09,8745,6030.34,BEARISH_DAILY_LOW_BREAKOUT,1,0.08447244424396318,0.3294425325514564,1.4907696960174583
2025-02-07,17:00:00,6096.26,6096.26,6025.43,6031.41,14643,6045.55,BEARISH_DAILY_LOW_BREAKOUT,1,-0.06830906869206191,0.20111383573658748,0.6230715537494537
2025-02-12,13:00:00,6064.17,6074.31,5998.46,6031.04,6389,6035.99,BEARISH_DAILY_LOW_BREAKOUT,1,0.30359606303391123,0.520639889637602,0.5881241046320411
2025-02-18,17:00:00,6116.84,6123.9,6108.34,6111.71,5412,6111.84,BEARISH_DAILY_LOW_BREAKOUT,1,0.22072382361073714,0.3580012795109733,0.30662449625390903
2025-02-20,13:00:00,6132.74,6133.74,6097.74,6098.11,3352,6110.85,BEARISH_DAILY_LOW_BREAKOUT,1,0.03804457446652518,0.3317421299386281,-0.0024597785215359548
2025-02-21,17:00:00,6098.96,6099.84,6029.4,6031.03,9511,6084.36,BEARISH_DAILY_LOW_BREAKOUT,1,-0.30575208546466526,0.2165467590113198,-0.17973712616253187
2025-02-24,13:00:00,6043.21,6047.09,5999.59,6000.71,4112,6008.27,BEARISH_DAILY_LOW_BREAKOUT,1,0.3246282523234678,-0.031162979047477564,-0.589430250753659
2025-02-25,09:00:00,5989.84,5990.59,5963.09,5964.71,5221,5978.02,BEARISH_DAILY_LOW_BREAKOUT,1,0.010562122886110291,-0.02145955126066054,0.3500589299395966
2025-02-27,21:00:00,5950.94,5951.94,5860.44,5869.56,8949,5931.95,BEARISH_DAILY_LOW_BREAKOUT,1,-0.199674251562302,0.2219927899195126,1.331445627951663
2025-02-28,01:00:00,5875.34,5877.34,5847.84,5857.84,4541,5860.44,BEARISH_DAILY_LOW_BREAKOUT,1,0.08142933231360923,0.24753151332231674,1.6306351829343158
2025-03-04,13:00:00,5844.66,5849.66,5767.04,5768.04,12847,5811.34,BEARISH_DAILY_LOW_BREAKOUT,1,0.8004452118917358,0.632797276024438,0.028085796908480017
2025-03-06,17:00:00,5755.24,5812.61,5714.93,5731.68,17814,5742.05,BEARISH_DAILY_LOW_BREAKOUT,1,0.42012115121569815,0.2252393713535971,0.5256748457694795
2025-03-10,17:00:00,5681.32,5681.82,5608.78,5611.78,17246,5665.57,BEARISH_DAILY_LOW_BREAKOUT,1,0.1724942887996374,0.26836404848373246,-1.0946615868761673
2025-03-11,17:00:00,5604.21,5628.46,5528.37,5550.35,24825,5563.87,BEARISH_DAILY_LOW_BREAKOUT,1,0.37871485581989467,0.7430162061851916,0.6804976262758119
2025-03-13,17:00:00,5558.74,5598.48,5503.82,5507.73,17034,5544.79,BEARISH_DAILY_LOW_BREAKOUT,1,0.4502762481094786,0.9234294346309747,1.9047774673050564
2025-03-21,13:00:00,5642.86,5653.74,5600.24,5619.74,8289,5628.59,BEARISH_DAILY_LOW_BREAKOUT,1,0.5726243562869509,1.4835205899205282,2.3283995344980437
2025-03-26,17:00:00,5759.21,5767.59,5701.35,5702.46,8894,5750.71,BEARISH_DAILY_LOW_BREAKOUT,1,0.030513146957624984,0.23901965116809426,-0.24270227235263633
2025-03-27,17:00:00,5704.84,5731.54,5686.14,5688.62,9926,5694.44,BEARISH_DAILY_LOW_BREAKOUT,1,0.08420319866681135,0.13043585263209834,-1.8102808765570484
2025-03-28,13:00:00,5678.16,5692.79,5659.04,5660.29,7540,5671.84,BEARISH_DAILY_LOW_BREAKOUT,1,-1.3188370207180133,-2.118796033418788,-2.5210722418815967
2025-03-31,01:00:00,5540.09,5551.09,5529.59,5540.36,4978,5558.09,BEARISH_DAILY_LOW_BREAKOUT,1,0.009024684316542608,-0.4109841237753418,0.8614963648571659
2025-04-02,21:00:00,5662.26,5728.82,5524.78,5535.29,16021,5557.59,BEARISH_DAILY_LOW_BREAKOUT,1,-0.4913925015672136,-0.9195543503592338,-2.7619149132204477
2025-04-03,01:00:00,5487.84,5520.84,5437.86,5508.09,10294,5524.78,BEARISH_DAILY_LOW_BREAKOUT,1,-0.258347267383076,-0.7352821032336073,-2.4051894576886084
2025-04-04,01:00:00,5391.59,5397.09,5369.84,5375.61,5990,5376.7,BEARISH_DAILY_LOW_BREAKOUT,1,0.14416968492878018,-2.3489427246396137,-7.852132130121037
2025-04-07,01:00:00,4811.0,4960.99,4805.74,4953.51,15324,5039.74,BEARISH_DAILY_LOW_BREAKOUT,1,-1.2264030959864822,0.41344420421074274,3.9937337362799292
2025-04-09,05:00:00,4947.86,4966.86,4841.36,4882.36,11514,4909.8,BEARISH_DAILY_LOW_BREAKOUT,1,1.8583226144733382,9.901973635700784,11.29576680130101
2025-04-16,01:00:00,5346.36,5361.09,5334.09,5351.86,5439,5378.86,BEARISH_DAILY_LOW_BREAKOUT,1,-0.7150784960742532,-0.6777083107555043,-0.9809673646171613
2025-04-21,01:00:00,5266.56,5274.54,5244.79,5251.56,5035,5256.34,BEARISH_DAILY_LOW_BREAKOUT,1,-0.10473078475729115,-1.136805063638247,-1.2748592799092218
2025-04-24,09:00:00,5353.11,5369.84,5327.09,5348.59,7023,5349.59,BEARISH_DAILY_LOW_BREAKOUT,1,1.1642320686386418,2.675471479399233,2.879637437156326
2025-04-30,13:00:00,5551.56,5555.04,5431.04,5434.31,9939,5496.34,BEARISH_DAILY_LOW_BREAKOUT,1,1.627805553970974,3.369885045203516,3.1678354749728967
2025-05-06,05:00:00,5637.11,5642.59,5625.09,5627.84,2256,5633.11,BEARISH_DAILY_LOW_BREAKOUT,1,-0.27097429919827143,-0.47051799624723645,0.08884403252402343
2025-05-15,05:00:00,5877.36,5883.09,5865.61,5868.61,1569,5871.02,BEARISH_DAILY_LOW_BREAKOUT,1,-0.11109956190647408,0.7649170757641133,0.7281110859300665
2025-05-19,05:00:00,5909.11,5915.36,5890.59,5897.84,3318,5903.84,BEARISH_DAILY_LOW_BREAKOUT,1,-0.2246585190510424,0.9900234662181311,0.742136104065209
2025-05-21,09:00:00,5914.29,5916.54,5895.04,5897.04,4093,5908.65,BEARISH_DAILY_LOW_BREAKOUT,1,0.22282365390094572,-0.9530204984195431,-0.7800523652544328
2025-05-23,13:00:00,5843.86,5845.59,5743.09,5778.34,13626,5812.31,BEARISH_DAILY_LOW_BREAKOUT,1,0.7289290695943799,1.3848267841629176,1.6141313941374085
2025-05-30,17:00:00,5881.59,5910.28,5843.39,5869.39,12111,5872.23,BEARISH_DAILY_LOW_BREAKOUT,1,0.5656465152255995,0.0676390561881106,0.685931587439228
2025-06-05,13:00:00,5974.86,6006.09,5949.09,5952.84,6660,5964.84,BEARISH_DAILY_LOW_BREAKOUT,1,0.25685219155898636,-0.07105851996694809,0.9911235645507018
2025-06-12,01:00:00,6016.86,6027.59,5992.84,6000.11,3599,6001.19,BEARISH_DAILY_LOW_BREAKOUT,1,0.14549733254891117,0.2791615487049404,-0.6458214932726234
2025-06-13,01:00:00,6036.11,6036.59,5934.34,5961.36,9251,5983.59,BEARISH_DAILY_LOW_BREAKOUT,1,-0.05485325496194706,0.44033576230927174,0.3774306534079472
2025-06-19,01:00:00,5982.69,5983.69,5946.46,5959.94,3803,5961.84,BEARISH_DAILY_LOW_BREAKOUT,1,0.02768484246486619,-0.6036973526579054,0.2000020134430896
2025-06-23,01:00:00,5934.99,5956.51,5929.01,5945.74,5141,5949.16,BEARISH_DAILY_LOW_BREAKOUT,1,0.21443924557750593,0.7610490872456582,1.9736819975310116
2025-07-07,17:00:00,6258.09,6259.34,6214.28,6222.36,7775,6228.36,BEARISH_DAILY_LOW_BREAKOUT,1,-0.08855161064289609,0.22097724978946895,0.17533540328751093
2025-07-11,09:00:00,6259.09,6265.86,6235.84,6237.34,3782,6242.06,BEARISH_DAILY_LOW_BREAKOUT,1,0.26052772495967835,0.25684025562177987,0.06445055103617131
2025-07-14,01:00:00,6227.61,6237.86,6223.36,6230.09,3089,6233.34,BEARISH_DAILY_LOW_BREAKOUT,1,-0.11637071053548183,0.27688203541200845,0.8823307528462712
2025-07-22,13:00:00,6300.86,6312.59,6282.34,6289.36,3173,6291.84,BEARISH_DAILY_LOW_BREAKOUT,1,0.23213808718216739,0.5533154406807717,0.4897159647404534
2025-07-29,21:00:00,6376.06,6378.86,6363.56,6370.36,2432,6375.56,BEARISH_DAILY_LOW_BREAKOUT,1,0.15383745973540242,0.15540722973270815,0.35476801938980473
2025-08-01,09:00:00,6327.56,6328.26,6274.66,6284.96,5956,6326.06,BEARISH_DAILY_LOW_BREAKOUT,1,-0.838509712074537,-0.776456811180981,-0.12887910185586487
2025-08-18,09:00:00,6458.26,6459.26,6435.96,6439.66,3441,6440.36,BEARISH_DAILY_LOW_BREAKOUT,1,0.048139187472636194,0.11336002211297153,0.09161974389953112
2025-08-19,05:00:00,6443.16,6445.96,6433.86,6434.86,1561,6435.96,BEARISH_DAILY_LOW_BREAKOUT,1,0.16628178390828594,-0.3356716385437982,-0.595195544269794
2025-08-20,01:00:00,6415.06,6418.16,6398.46,6399.36,3040,6399.86,BEARISH_DAILY_LOW_BREAKOUT,1,-0.04375437543753238,-0.4750475047504694,-0.03594109410939957
2025-08-26,01:00:00,6445.26,6447.86,6415.26,6426.06,3753,6436.76,BEARISH_DAILY_LOW_BREAKOUT,1,0.17584647513405213,0.18362729261786026,0.7360653339682366
2025-09-02,09:00:00,6452.36,6460.66,6416.16,6426.36,4539,6448.16,BEARISH_DAILY_LOW_BREAKOUT,1,-0.3765739858955897,0.13382381316951375,0.2800963531454821
2025-09-24,17:00:00,6656.26,6662.46,6621.66,6630.96,6016,6645.16,BEARISH_DAILY_LOW_BREAKOUT,1,0.14025118534873052,0.17493696237046166,-0.7555467081689584
2025-09-25,13:00:00,6632.16,6633.86,6575.96,6580.66,5026,6621.66,BEARISH_DAILY_LOW_BREAKOUT,1,0.0030392088331537884,0.35862664231247876,0.9497527603614226
2025-10-07,17:00:00,6751.7,6753.1,6705.3,6711.6,33969,6718.16,BEARISH_DAILY_LOW_BREAKOUT,1,0.196674414446627,0.0947613087788258,0.5819774718397922
2025-10-10,17:00:00,6753.46,6755.46,6597.16,6615.56,16504,6715.16,BEARISH_DAILY_LOW_BREAKOUT,1,-1.620422156249822,0.4051055390624418,0.6076583085936764
2025-10-14,09:00:00,6610.46,6618.16,6583.46,6594.76,7302,6600.46,BEARISH_DAILY_LOW_BREAKOUT,1,-0.06975234883453475,0.7248178857153282,1.416275952422827
2025-10-17,05:00:00,6609.56,6612.56,6581.26,6590.36,4209,6591.06,BEARISH_DAILY_LOW_BREAKOUT,1,-0.547769772819686,0.9240769851722903,1.5355762052452482
2025-10-22,17:00:00,6734.66,6738.16,6654.16,6668.26,10505,6721.66,BEARISH_DAILY_LOW_BREAKOUT,1,0.4678881747262377,0.6283498243919649,1.1652215120586153
2025-11-04,05:00:00,6823.66,6832.66,6785.86,6791.76,4668,6819.76,BEARISH_DAILY_LOW_BREAKOUT,1,-0.10453844069873441,-0.14723724042074512,-0.3209771841172271
2025-11-05,01:00:00,6773.76,6773.86,6720.86,6747.36,6420,6757.36,BEARISH_DAILY_LOW_BREAKOUT,1,0.3349458158450174,0.6847122430106105,0.7010149154632358
2025-11-07,13:00:00,6718.16,6718.16,6661.66,6678.76,8084,6706.56,BEARISH_DAILY_LOW_BREAKOUT,1,-0.05689678922434976,1.3894794842156355,1.8775940444034467
2025-11-13,13:00:00,6847.36,6852.06,6794.26,6806.46,6731,6828.86,BEARISH_DAILY_LOW_BREAKOUT,1,-0.8991458114790922,-0.8374397263775883,-1.5147374699917484
2025-11-14,09:00:00,6735.66,6736.16,6706.76,6717.16,7175,6723.26,BEARISH_DAILY_LOW_BREAKOUT,1,-0.20544396739098342,0.38855706876120805,0.45852711562624954
2025-11-18,05:00:00,6666.06,6666.46,6618.36,6626.06,7201,6637.56,BEARISH_DAILY_LOW_BREAKOUT,1,0.502561099658006,0.2927833433443047,-0.18412148395880398
2025-11-20,17:00:00,6764.16,6770.36,6554.66,6563.16,18806,6593.96,BEARISH_DAILY_LOW_BREAKOUT,1,-0.4403366670932849,-0.06704087665087605,1.1107454336021145
2025-12-01,01:00:00,6846.76,6852.56,6805.36,6807.86,6248,6816.26,BEARISH_DAILY_LOW_BREAKOUT,1,-0.07050673780012034,0.29230918379638454,0.14982681782528912
2025-12-08,17:00:00,6865.86,6869.36,6826.86,6832.66,7727,6847.36,BEARISH_DAILY_LOW_BREAKOUT,1,0.34100921163939346,0.32491006430877317,0.2766126223169387
2025-12-10,09:00:00,6844.66,6852.26,6827.66,6834.46,3344,6836.26,BEARISH_DAILY_LOW_BREAKOUT,1,0.11705387111783522,0.7725555493777151,0.17704398006573108
2025-12-16,01:00:00,6820.99,6822.51,6775.71,6783.54,9644,6799.29,BEARISH_DAILY_LOW_BREAKOUT,1,-0.056755027610957756,0.46391706984849,0.16952800455219547
2025-12-17,17:00:00,6797.54,6802.29,6724.06,6728.54,17184,6754.64,BEARISH_DAILY_LOW_BREAKOUT,1,0.026008614052974346,0.018577581466410246,0.9117876983714203
2025-12-29,09:00:00,6922.21,6923.66,6908.01,6913.06,6876,6917.96,BEARISH_DAILY_LOW_BREAKOUT,1,-0.16099961522104694,-0.08780482159854851,-0.16056565399403974
2025-12-31,01:00:00,6898.81,6899.31,6880.04,6888.69,4994,6891.11,BEARISH_DAILY_LOW_BREAKOUT,1,-0.1132290754845881,-0.07200207876969404,-0.24721681480803673
2026-01-02,17:00:00,6885.44,6891.91,6819.04,6826.39,15345,6841.89,BEARISH_DAILY_LOW_BREAKOUT,1,0.36769068277668654,0.6294688700762678,1.2044433441394256
2026-01-08,05:00:00,6915.74,6916.14,6893.44,6899.49,6425,6914.91,BEARISH_DAILY_LOW_BREAKOUT,1,0.12566146193414401,0.19639132747493196,0.3188641479297745
2026-01-14,09:00:00,6950.08,6954.66,6928.26,6932.46,7478,6936.96,BEARISH_DAILY_LOW_BREAKOUT,1,-0.33465753859380104,-0.19790954437530478,0.25820560089780015
2026-01-19,01:00:00,6890.19,6897.29,6876.74,6884.81,9739,6922.26,BEARISH_DAILY_LOW_BREAKOUT,1,-0.09324876067749252,-0.32971135005905355,-0.498488701939496
2026-01-20,09:00:00,6850.54,6852.18,6809.73,6825.11,11269,6850.01,BEARISH_DAILY_LOW_BREAKOUT,1,0.24351255877194494,-0.36556187372803983,-0.28277932516837495
2026-01-26,01:00:00,6861.44,6900.24,6858.24,6889.91,10328,6890.53,BEARISH_DAILY_LOW_BREAKOUT,1,0.15892805566400459,0.775336687997377,1.0849198320442501
2026-01-29,13:00:00,6983.86,6996.33,6935.43,6935.43,10751,6946.56,BEARISH_DAILY_LOW_BREAKOUT,1,-0.1274614551657236,-0.058972551089119855,0.004758176493741949
2026-02-02,01:00:00,6899.39,6938.16,6877.91,6879.21,12594,6888.01,BEARISH_DAILY_LOW_BREAKOUT,1,-0.45572093307226214,0.9945909486699791,1.5488697103301132
2026-02-05,13:00:00,6882.53,6895.18,6806.51,6825.66,16118,6836.94,BEARISH_DAILY_LOW_BREAKOUT,1,-0.352639891233957,-0.6600094349850445,0.5977443939487197
2026-02-12,17:00:00,6947.11,6956.54,6841.09,6865.79,18279,6911.69,BEARISH_DAILY_LOW_BREAKOUT,1,-0.34591794971882334,-0.6911076511224465,-0.055346871955014386
2026-02-13,05:00:00,6837.84,6841.39,6804.74,6818.34,9742,6822.89,BEARISH_DAILY_LOW_BREAKOUT,1,0.0005866530563152266,0.6401851477045679,0.39085759877036985
2026-02-17,01:00:00,6835.21,6851.94,6804.54,6812.69,9020,6823.44,BEARISH_DAILY_LOW_BREAKOUT,1,-0.09394233408535596,-0.4466664415964822,0.4315475972046364
2026-02-27,13:00:00,6882.43,6884.13,6829.01,6841.61,13313,6858.54,BEARISH_DAILY_LOW_BREAKOUT,1,0.16121936210922072,-0.17905142210678482,0.024409459177007646
2026-03-02,05:00:00,6829.11,6833.03,6775.86,6787.43,9474,6829.01,BEARISH_DAILY_LOW_BREAKOUT,1,0.30202889753559153,1.1643582327920838,0.46129389179703495
2026-03-03,09:00:00,6818.56,6821.51,6742.01,6754.38,14287,6758.46,BEARISH_DAILY_LOW_BREAKOUT,1,-0.2590911378986672,0.7359668837110147,1.1893023489942811
2026-03-06,13:00:00,6808.81,6811.31,6709.81,6720.51,15627,6769.31,BEARISH_DAILY_LOW_BREAKOUT,1,0.48061828640981386,-2.0028241904260295,-1.0088520067673463
2026-03-09,01:00:00,6640.31,6648.61,6585.11,6585.91,11827,6709.81,BEARISH_DAILY_LOW_BREAKOUT,1,0.7789356368368255,1.0142865602475615,3.045896466851208
2026-03-12,01:00:00,6756.31,6757.91,6710.41,6721.81,8059,6744.81,BEARISH_DAILY_LOW_BREAKOUT,1,-0.08479858847543634,-0.3451451320403392,-0.3585343828522431
2026-03-13,17:00:00,6715.11,6721.41,6630.21,6635.41,15443,6666.91,BEARISH_DAILY_LOW_BREAKOUT,1,-0.21098922297190376,0.5862486266862266,0.9313667128331208
2026-03-18,21:00:00,6677.61,6683.71,6601.31,6611.31,8691,6662.31,BEARISH_DAILY_LOW_BREAKOUT,1,0.1376429179693503,0.18755738272747208,0.09831636997811326
2026-03-19,13:00:00,6623.61,6623.71,6558.71,6593.81,12852,6601.31,BEARISH_DAILY_LOW_BREAKOUT,1,-0.20018775184606055,0.44132299838787364,-0.5823643690066979
2026-03-20,13:00:00,6579.91,6595.91,6553.81,6555.41,12151,6558.71,BEARISH_DAILY_LOW_BREAKOUT,1,-0.2440732158629285,-0.8756126619082504,1.1196858777711929
2026-03-23,09:00:00,6478.51,6479.21,6432.51,6454.91,12452,6473.31,BEARISH_DAILY_LOW_BREAKOUT,1,2.694073193894269,1.9504532208814769,1.9551008457127959
2026-03-26,05:00:00,6587.01,6598.41,6563.61,6564.41,6194,6567.51,BEARISH_DAILY_LOW_BREAKOUT,1,-0.3366639195296981,-1.1272909522714152,-0.7830102019831124
2026-03-27,09:00:00,6512.91,6520.01,6462.31,6468.81,8572,6469.11,BEARISH_DAILY_LOW_BREAKOUT,1,-0.8718759710054946,-1.7406601832485473,-1.1315837070496848
2026-03-30,01:00:00,6337.81,6353.11,6318.91,6342.81,10828,6345.51,BEARISH_DAILY_LOW_BREAKOUT,1,0.5123911957003284,0.5265804903504856,0.8797362683100907
2026-04-02,01:00:00,6574.71,6591.71,6513.11,6519.71,10667,6521.81,BEARISH_DAILY_LOW_BREAKOUT,1,-0.5797803890050351,-0.01227048442338972,0.8972791734601693
2026-04-13,01:00:00,6746.21,6769.21,6728.91,6766.71,6418,6808.31,BEARISH_DAILY_LOW_BREAKOUT,1,0.05024598364640477,0.790635330906748,1.7689541889633194
2026-04-28,13:00:00,7160.04,7162.71,7116.04,7138.23,11796,7141.61,BEARISH_DAILY_LOW_BREAKOUT,1,-0.07971163719857163,0.1200577734256338,-0.12496094970320604
2026-04-29,21:00:00,7127.65,7159.13,7100.01,7110.82,10968,7114.81,BEARISH_DAILY_LOW_BREAKOUT,1,0.8138301911734496,0.4173920869885652,1.4864671022470086
2026-05-04,17:00:00,7228.65,7242.24,7170.93,7204.24,14635,7215.89,BEARISH_DAILY_LOW_BREAKOUT,1,-0.10132921723873972,0.17378654792178544,0.8066083306497366
2026-05-15,05:00:00,7470.43,7486.89,7441.41,7441.69,10949,7446.88,BEARISH_DAILY_LOW_BREAKOUT,1,-0.2812533174587947,0.056438792801107376,-1.0610493046606355
2026-05-18,01:00:00,7403.27,7412.53,7352.87,7365.42,12884,7384.96,BEARISH_DAILY_LOW_BREAKOUT,1,-0.03652201775323755,0.7840693402412897,0.39074485908474665
2026-05-19,21:00:00,7384.33,7389.16,7342.65,7349.18,8554,7351.78,BEARISH_DAILY_LOW_BREAKOUT,1,0.15920143471788442,0.4375998410707025,0.8879902247597597
