trade_date,trade_time,open,high,low,close,volume,ema20,ema50,distance_to_ema20_pct,signal,forward_1,forward_3,forward_6
2023-03-17,05:00:00,3958.83,3965.83,3957.83,3964.09,1747,3962.7974829931973,3962.9596655132646,0.032616277070677165,BULLISH_EMA20_PULLBACK,0.028253647116990046,-0.9475062372448644,-1.2973973850240608
2023-03-17,09:00:00,3963.83,3975.83,3960.09,3965.21,4317,3963.027246517655,3963.047913924509,0.055077932766248575,BULLISH_EMA20_PULLBACK,-0.4887509110488501,-1.2433137210891776,-1.3285551080522806
2023-03-23,13:00:00,3956.13,3974.13,3943.89,3972.39,4204,3968.9797166361673,3964.6838628207393,0.08592342635408892,BULLISH_EMA20_PULLBACK,-0.25324804462804373,-0.6434413539456082,-1.0774370089543004
2023-03-28,21:00:00,3951.29,3977.29,3951.03,3976.53,2590,3971.6903843263626,3967.6473305559666,0.1218527932775512,BULLISH_EMA20_PULLBACK,0.23890175605364472,0.8238338450860364,1.2815193145782775
2023-04-05,13:00:00,4089.09,4098.21,4087.33,4094.59,2939,4093.187138790998,4055.356396054467,0.03427307771265815,BULLISH_EMA20_PULLBACK,-0.25301678556339285,-0.3199343524015924,-0.5153141095933992
2023-04-05,21:00:00,4084.49,4091.99,4081.73,4087.49,2015,4091.872737196259,4057.704431728864,-0.10710834568287073,BULLISH_EMA20_PULLBACK,-0.14678934994336376,-0.06116222914306824,0.38654528818419576
2023-04-06,09:00:00,4080.73,4091.23,4080.23,4084.99,1815,4089.4476411218166,4060.5030507758643,-0.10900350152408256,BULLISH_EMA20_PULLBACK,-0.28151843700963775,0.4479815128066454,0.4122409112384644
2023-04-10,17:00:00,4073.23,4102.03,4072.73,4099.79,3602,4095.9312503807737,4075.0948038735432,0.09420933563930178,BULLISH_EMA20_PULLBACK,0.31074762365876746,0.3546523114598544,0.5268562536129988
2023-04-12,01:00:00,4111.29,4114.03,4109.29,4111.53,1263,4106.016509751215,4085.833097726715,0.13427832634599973,BULLISH_EMA20_PULLBACK,0.03064552611801977,0.2067356920659706,-0.47914036867053916
2023-04-12,05:00:00,4111.79,4112.79,4110.29,4112.79,1064,4106.661604060623,4086.890231149197,0.149230604569831,BULLISH_EMA20_PULLBACK,0.11525023159460565,0.20180947726482953,-0.418207591440356
2023-04-13,09:00:00,4095.83,4104.83,4094.83,4100.33,2217,4105.075137423207,4091.2045565790136,-0.11559197491779495,BULLISH_EMA20_PULLBACK,0.04877656188648231,1.0323559323273963,0.9745557064919175
2023-04-13,13:00:00,4100.59,4110.83,4091.09,4102.33,3459,4104.8136957638535,4091.640848477876,-0.06050690598739564,BULLISH_EMA20_PULLBACK,0.8946135488856288,1.0350215609178208,1.33655751731333
2023-04-20,17:00:00,4126.03,4148.59,4123.53,4144.09,3680,4141.019542043182,4128.782641506497,0.07414739113506524,BULLISH_EMA20_PULLBACK,-0.3136997507293519,-0.3561698708281002,-0.2427553455644158
2023-04-21,17:00:00,4120.59,4136.29,4113.29,4134.03,5019,4135.672456163873,4128.884055412576,-0.03971436764595091,BULLISH_EMA20_PULLBACK,-0.054184415691220955,-0.404931749406748,-0.0217705241616446
2023-04-24,21:00:00,4133.63,4139.63,4128.39,4135.39,1670,4133.009018006817,4129.139013270523,0.057608923252029695,BULLISH_EMA20_PULLBACK,-0.0991442161440726,-0.42559468393550215,-1.168692674693327
2023-05-03,13:00:00,4125.39,4137.39,4121.89,4133.63,3016,4137.844873904883,4131.5893158327945,-0.10186157367724075,BULLISH_EMA20_PULLBACK,-0.021046876474185905,-1.1200808974194638,-1.6885884803429476
2023-05-09,13:00:00,4124.09,4126.33,4116.33,4125.83,2273,4122.808003545031,4121.028055102317,0.07329947095208578,BULLISH_EMA20_PULLBACK,0.06689563069734376,-0.036356321031162216,0.2244396884990467
2023-05-09,17:00:00,4126.09,4128.83,4117.83,4128.59,3417,4123.358669874076,4121.32460196105,0.1268706058520848,BULLISH_EMA20_PULLBACK,-0.20588142683095195,-0.15162561552491816,-0.4359841979949571
2023-05-09,21:00:00,4128.33,4130.33,4117.83,4120.09,1860,4123.047367981308,4121.2761861978715,-0.0717277226614894,BEARISH_EMA20_PULLBACK,0.10291037331708244,-0.13349222953867512,0.4490193175391799
2023-05-10,01:00:00,4118.59,4126.59,4118.59,4124.33,1280,4123.16952341166,4121.395943601877,0.02814525528846303,BULLISH_EMA20_PULLBACK,-0.04849272487895004,0.2608908598487565,0.49123130302376916
2023-05-11,21:00:00,4122.29,4133.29,4118.29,4132.53,2526,4127.961466033984,4124.4862046155595,0.11067288305879283,BULLISH_EMA20_PULLBACK,0.17567930541339613,0.33296793973667993,-0.32764432442111646
2023-05-15,05:00:00,4121.99,4132.99,4121.23,4132.73,1344,4127.866598182581,4125.609342905544,0.11781877397782552,BULLISH_EMA20_PULLBACK,0.13308394209154725,-0.05904087612787673,-0.14373065745886135
2023-05-15,17:00:00,4116.23,4141.53,4109.99,4130.29,3446,4127.881962739912,4125.887333254135,0.05833590402594741,BULLISH_EMA20_PULLBACK,0.11476191744404828,-0.08473981245868933,-0.11137232494571479
2023-05-16,09:00:00,4126.53,4138.03,4122.53,4133.53,2088,4129.114382105337,4126.743309934292,0.10693861893965988,BULLISH_EMA20_PULLBACK,-0.2477301483235826,-0.43788239107976606,-0.2564394113505758
2023-05-16,13:00:00,4133.03,4135.29,4120.53,4123.29,2858,4128.559679047686,4126.6078860153,-0.127639648142406,BEARISH_EMA20_PULLBACK,0.05820594719264558,-0.1299932820635869,-0.22700319405134428
2023-05-25,17:00:00,4134.09,4155.83,4126.33,4154.59,5344,4150.929478444064,4153.5770140106315,0.08818558770860672,BULLISH_EMA20_PULLBACK,-0.10831393711533507,-0.23492089472126534,1.1177998310302484
2023-05-25,21:00:00,4154.83,4166.59,4143.09,4150.09,3099,4150.8495281160585,4153.440268363156,-0.018298136584178157,BEARISH_EMA20_PULLBACK,-0.126744239281563,-0.10843138341578135,1.4684018900794826
2023-05-26,01:00:00,4149.83,4150.59,4137.83,4144.83,1566,4150.276239724053,4153.102610780287,-0.13122595724893896,BEARISH_EMA20_PULLBACK,0.0,0.7479196975509249,1.724075535064165
2023-05-26,05:00:00,4145.09,4146.59,4141.83,4144.83,1348,4149.7575502265245,4152.778194671257,-0.11874308720169839,BEARISH_EMA20_PULLBACK,0.018336095810931166,1.3559060323342529,1.772328418777128
2023-05-31,09:00:00,4194.79,4202.03,4186.53,4196.29,3106,4196.642316085559,4179.90966574826,-0.00839518974988433,BULLISH_EMA20_PULLBACK,-0.26213631565025297,-0.3207595280593104,-0.11819964778411493
2023-06-01,05:00:00,4181.09,4187.59,4176.59,4185.83,1760,4191.799700398481,4180.721554253218,-0.1424137798834619,BULLISH_EMA20_PULLBACK,0.13139568496570572,0.9197697947599401,1.064543949467618
2023-06-01,09:00:00,4186.09,4192.59,4183.33,4191.33,2472,4191.754967027197,4181.137571733484,-0.010138164814983003,BULLISH_EMA20_PULLBACK,-0.3636077331061926,0.8054722486657032,1.1571505942027949
2023-06-08,09:00:00,4263.59,4271.83,4259.09,4270.83,2233,4268.6750873141145,4242.831559440986,0.05048200300579169,BULLISH_EMA20_PULLBACK,-0.12878058831655673,0.545561401413781,0.41116129651614325
2023-06-19,17:00:00,4400.43,4404.43,4399.19,4403.93,1023,4398.013072772306,4356.814726332041,0.1345363719886415,BULLISH_EMA20_PULLBACK,-0.09854834204903677,-0.2802042720933381,-0.37693605484193354
2023-06-20,17:00:00,4389.09,4400.59,4366.83,4391.09,4867,4396.214907608415,4363.508574638239,-0.1165754567536148,BULLISH_EMA20_PULLBACK,-0.08562794203717569,-0.05693347209918266,-0.36346328588118293
2023-06-21,01:00:00,4388.21,4394.59,4386.59,4393.09,1435,4395.151704414145,4365.566169821766,-0.04690860640996535,BULLISH_EMA20_PULLBACK,-0.10243359457693788,-0.557694014918884,-0.6874432347163345
2023-06-21,09:00:00,4388.09,4392.33,4380.09,4390.33,2319,4394.127086833348,4367.4047880592325,-0.0864127677309429,BULLISH_EMA20_PULLBACK,-0.49517917787500665,-0.5626000778984682,-0.7388966205273773
2023-06-22,17:00:00,4363.19,4376.03,4356.03,4373.23,4768,4378.264411952106,4366.872226211044,-0.11498647588214815,BULLISH_EMA20_PULLBACK,0.2574755958410653,-0.19710831582148416,-0.2707381043301916
2023-06-22,21:00:00,4372.73,4384.99,4369.49,4384.49,2140,4378.857325099524,4367.563119300807,0.1286334420669353,BULLISH_EMA20_PULLBACK,-0.3138335359414714,-0.5131725696717293,-0.860533380165072
2023-07-10,21:00:00,4404.13,4413.63,4399.39,4410.89,1692,4411.319055104166,4410.558274118843,-0.00972623151502523,BULLISH_EMA20_PULLBACK,0.0,0.1246913888126886,0.6152953258865992
2023-07-11,01:00:00,4409.63,4414.39,4408.89,4410.89,1288,4411.278192713294,4410.571282976927,-0.008800005266832252,BULLISH_EMA20_PULLBACK,0.09068464640922806,0.15280362919954435,0.6039597450854457
2023-07-11,05:00:00,4410.89,4415.13,4409.89,4414.89,1262,4411.622174359647,4410.740644428813,0.07407310760531353,BULLISH_EMA20_PULLBACK,0.0339759314501607,0.20702667563629937,0.620627014489594
2023-07-11,09:00:00,4414.76,4421.13,4405.13,4416.39,2256,4412.076252992062,4410.962187784546,0.09777136115933713,BULLISH_EMA20_PULLBACK,0.028077230498207397,0.48999295804943443,0.7390651640819632
2023-07-11,13:00:00,4416.39,4424.63,4410.63,4417.63,2304,4412.605181278533,4411.223670616525,0.1138741971021195,BULLISH_EMA20_PULLBACK,0.14487406143112114,0.4504677847624096,1.5089538960936033
2023-07-21,01:00:00,4536.89,4539.39,4532.39,4538.13,1337,4542.697223673597,4510.304237527774,-0.1005399094131971,BULLISH_EMA20_PULLBACK,0.060818002128634883,0.06610652405285877,-0.08241279998589246
2023-07-21,05:00:00,4538.13,4541.89,4537.89,4540.89,1269,4542.525107133255,4511.503679193352,-0.035995555218550655,BULLISH_EMA20_PULLBACK,0.09909951573369978,0.28628748989735486,-0.14886949474662936
2023-07-21,09:00:00,4540.63,4547.13,4538.63,4545.39,1821,4542.797954072945,4512.832554519103,0.05705835815857925,BULLISH_EMA20_PULLBACK,-0.09372133084290277,-0.22572320526951958,0.044880637305048925
2023-07-24,09:00:00,4533.89,4549.19,4531.63,4547.43,2150,4541.9074081174695,4518.8281909937405,0.1215919081190569,BULLISH_EMA20_PULLBACK,-0.038263370739091994,0.23309869530700758,0.3210604671209772
2023-07-28,09:00:00,4553.69,4561.43,4547.69,4557.43,2788,4562.809012206874,4547.456587152213,-0.11788817354580333,BULLISH_EMA20_PULLBACK,0.3923263769273496,0.5046703953763414,0.5432886517181681
2023-08-01,13:00:00,4577.39,4583.89,4567.89,4579.76,2459,4577.553542622418,4561.633849107785,0.04820167272840595,BULLISH_EMA20_PULLBACK,-0.06921760092232065,-0.2714116023547149,-0.8443673904309411
2023-08-08,01:00:00,4520.33,4520.59,4507.59,4507.83,1781,4513.883845430169,4530.324320481969,-0.13411611014974392,BEARISH_EMA20_PULLBACK,-0.08873449087476679,-0.7542431724355178,-0.09916079355255754
2023-08-21,17:00:00,4393.03,4394.79,4359.29,4387.29,5157,4392.156512161894,4428.651508794222,-0.11080006253007652,BEARISH_EMA20_PULLBACK,0.22200492787118656,0.22337251469586425,0.02279311374447552
2023-08-22,01:00:00,4396.09,4397.83,4390.33,4394.71,1764,4392.819639207355,4426.129039836573,0.04303297080018674,BEARISH_EMA20_PULLBACK,0.054156019396049096,0.18772569748629603,0.10421620539239056
2023-08-28,01:00:00,4412.21,4415.33,4405.33,4410.33,1941,4406.067385388296,4416.406892148374,0.09674419927937523,BEARISH_EMA20_PULLBACK,0.0680221207936821,0.4988288858203354,0.4820500960245655
2023-08-28,09:00:00,4413.59,4414.83,4406.33,4411.59,1998,4407.219152211282,4416.102063840157,0.09917473213297005,BEARISH_EMA20_PULLBACK,0.47012528362789335,0.5381279765345325,0.6346918004619649
2023-08-28,17:00:00,4432.83,4438.33,4414.09,4416.33,5420,4410.2505985221605,4416.722435709426,0.13784707562596424,BEARISH_EMA20_PULLBACK,0.43022147348590345,0.5266816564885373,1.5977066931139747
2023-09-05,17:00:00,4499.89,4514.29,4496.32,4503.63,3467,4506.820216455681,4484.500160579979,-0.07078641486589747,BULLISH_EMA20_PULLBACK,-0.22204310744888012,-0.2162699866552044,-1.0533725017374986
2023-09-08,21:00:00,4461.49,4464.73,4447.73,4459.73,2530,4466.12117873521,4472.322230733192,-0.14310356749031994,BEARISH_EMA20_PULLBACK,0.01793830568218663,0.36549297827447363,0.5672989171990275
2023-09-11,13:00:00,4475.79,4490.03,4471.53,4471.53,3003,4467.459731562216,4471.965255071199,0.09110923617347368,BEARISH_EMA20_PULLBACK,0.3300883590180591,0.18025150228222556,0.16325508271218536
2023-09-12,13:00:00,4477.09,4480.33,4468.09,4478.83,3572,4473.655611449746,4473.991586768696,0.11566354229437265,BULLISH_EMA20_PULLBACK,-0.1348566478299012,-0.4532433693620919,-0.17415262468100334
2023-09-12,17:00:00,4478.59,4487.53,4463.29,4472.79,4455,4473.573172264056,4473.944465718943,-0.01750663806979674,BEARISH_EMA20_PULLBACK,-0.2293870268892619,-0.3688972654651795,0.07825093509867442
2023-09-13,17:00:00,4471.29,4479.53,4453.29,4476.29,5437,4469.769789526651,4471.94107616785,0.14587351878002236,BULLISH_EMA20_PULLBACK,-0.14520953736241396,0.10052967971244044,0.5920081138621492
2023-09-13,21:00:00,4476.03,4477.53,4455.79,4469.79,2999,4469.771714333637,4471.8567202397,0.0004090962029355575,BEARISH_EMA20_PULLBACK,0.15079008186066417,0.23491036491647257,0.8778935923164126
2023-09-14,01:00:00,4469.29,4479.29,4468.53,4476.53,1596,4470.415360587576,4472.0399861126525,0.13678011815930613,BULLISH_EMA20_PULLBACK,0.09516299455158836,0.3073809401478426,0.7720265473480665
2023-09-20,17:00:00,4457.81,4460.69,4446.93,4451.69,2979,4455.23877952269,4464.117382769367,-0.07965408137047551,BEARISH_EMA20_PULLBACK,-1.2130224701180903,-1.4713513294950908,-2.0500079744995565
2023-09-29,01:00:00,4306.39,4309.13,4289.89,4293.63,1147,4298.290315916766,4340.4530692287035,-0.10842254883316815,BEARISH_EMA20_PULLBACK,0.20402316920648073,0.8445068624916497,0.45322955168470586
2023-10-02,05:00:00,4313.59,4315.83,4301.59,4302.33,1192,4301.531846227242,4331.823987724467,0.01855510551336051,BEARISH_EMA20_PULLBACK,-0.25567541309011627,-0.7693505612075402,-0.48438869170891463
2023-10-05,05:00:00,4263.33,4266.83,4259.83,4262.09,1606,4259.734379683965,4292.187787522842,0.05529969960732376,BEARISH_EMA20_PULLBACK,-0.3463089704816233,-0.1703389651555978,-0.2892946887559842
2023-10-12,21:00:00,4337.09,4355.59,4324.83,4349.83,3009,4351.1784923680725,4326.507964432487,-0.030991428424226388,BULLISH_EMA20_PULLBACK,0.11402744475071523,-0.282769671458429,-0.6400250124717551
2023-10-13,01:00:00,4348.79,4355.79,4347.79,4354.79,1368,4351.522445475875,4327.617063866507,0.0750899154276843,BULLISH_EMA20_PULLBACK,-0.01745204705623505,0.31000346744619145,-0.38876731139734155
2023-10-30,21:00:00,4167.69,4177.69,4160.93,4163.93,2789,4163.132648151039,4207.731183484676,0.01915268900489518,BEARISH_EMA20_PULLBACK,-0.17099230774772609,0.23439394994630813,0.4562996976414108
2023-10-31,01:00:00,4164.69,4164.93,4153.43,4156.81,1306,4162.530491184273,4205.734274328414,-0.13742821094975893,BEARISH_EMA20_PULLBACK,-0.1712851922508077,-0.00914162542911774,0.5561957366345801
2023-10-31,13:00:00,4173.93,4179.69,4152.69,4156.43,3682,4161.910020411719,4200.564598084173,-0.13167080462679032,BEARISH_EMA20_PULLBACK,0.7819210235707084,0.5653890478126662,1.26695264926872
2023-11-10,13:00:00,4347.33,4371.33,4341.33,4363.43,2638,4361.121973500147,4327.244886659388,0.05292276881678377,BULLISH_EMA20_PULLBACK,0.9373359948480813,0.7828703565772764,0.7425351157231727
2023-11-27,09:00:00,4545.03,4554.99,4544.49,4554.73,1232,4549.392726922164,4517.958712767943,0.11731836309164781,BULLISH_EMA20_PULLBACK,-0.0987983920012822,-0.053570683662908666,-0.10187211975242043
2023-11-28,01:00:00,4552.83,4555.33,4550.33,4554.09,790,4550.744208252854,4523.2059604028545,0.07352185915170409,BULLISH_EMA20_PULLBACK,0.0,-0.2854576874853154,0.11132849811926662
2023-11-28,17:00:00,4540.83,4568.03,4540.83,4549.29,3471,4549.9588276681025,4526.950071126688,-0.014699642204131221,BULLISH_EMA20_PULLBACK,0.12617353477135512,0.27740592488058335,0.3517032328121531
2023-11-28,21:00:00,4548.79,4556.29,4545.03,4555.03,1556,4550.441796461617,4528.051244807994,0.10082984781720887,BULLISH_EMA20_PULLBACK,0.09066899669157194,0.3073525311578629,-0.03819952887247245
2023-11-30,01:00:00,4553.03,4555.53,4550.29,4555.29,972,4557.139054868479,4536.8600741937935,-0.04057490557599047,BULLISH_EMA20_PULLBACK,0.032928748773404105,-0.005707649787394837,0.25245374059609815
2023-11-30,05:00:00,4555.03,4558.53,4553.03,4556.79,577,4557.105811547672,4537.641639911684,-0.006930090297035992,BULLISH_EMA20_PULLBACK,0.07110268412632098,-0.32391222768659994,0.18082904851879902
2023-11-30,09:00:00,4556.53,4561.53,4548.79,4560.03,1525,4557.384305685989,4538.519614817108,0.05805291229686666,BULLISH_EMA20_PULLBACK,-0.10964840143595547,0.07960473944250607,0.18113915917220325
2023-12-04,21:00:00,4561.59,4572.33,4557.83,4565.59,1789,4568.555351220711,4553.183385865589,-0.0649078536373256,BULLISH_EMA20_PULLBACK,-0.09856338392190275,-0.27948195085411126,0.031540282855000115
2023-12-05,17:00:00,4557.09,4578.79,4555.29,4565.03,5132,4564.536378885403,4554.094046222679,0.010814266195363268,BULLISH_EMA20_PULLBACK,0.0438113221599858,0.32858491619989355,0.05695471880798952
2023-12-05,21:00:00,4564.53,4571.79,4562.03,4567.03,1797,4564.773866610602,4554.601338527673,0.049424866495577285,BULLISH_EMA20_PULLBACK,0.3012898973731335,0.32844102184570717,-0.35340253950596817
2023-12-07,13:00:00,4549.63,4573.13,4548.63,4565.83,2271,4563.03515988038,4557.6404825124555,0.06124958545559871,BULLISH_EMA20_PULLBACK,0.4117542703079217,0.38897637450365474,0.3916045932502986
2023-12-21,13:00:00,4721.09,4745.33,4720.59,4732.83,2618,4733.910047268653,4701.8818071905225,-0.022815120225540587,BULLISH_EMA20_PULLBACK,-0.18382236420914796,0.1956546083421593,0.776702311302122
2024-01-02,05:00:00,4772.39,4776.89,4771.89,4773.63,445,4777.169214075919,4756.777509336703,-0.07408601029853247,BULLISH_EMA20_PULLBACK,-0.1411923420960523,-0.7185307617054565,-0.6556855055796151
2024-01-15,17:00:00,4777.33,4779.59,4776.59,4779.33,772,4775.0261491910105,4760.2463547100915,0.09013250764539943,BULLISH_EMA20_PULLBACK,-0.21341903572257656,-0.511368748339194,-0.254010499379627
2024-01-16,21:00:00,4756.33,4768.43,4746.83,4767.19,2218,4769.131307614676,4760.632523596215,-0.04070568599310702,BULLISH_EMA20_PULLBACK,-0.19424440813140045,-0.471976153667045,-0.6305601412991614
2024-01-18,13:00:00,4749.59,4767.09,4749.59,4754.59,3296,4752.148582399263,4754.4527484462915,0.051375026651714895,BULLISH_EMA20_PULLBACK,0.03659621544654285,0.6465331395556668,0.8806227245672054
2024-01-18,17:00:00,4754.33,4766.33,4740.33,4756.33,4954,4752.546812646952,4754.52636615428,0.07960336851349367,BULLISH_EMA20_PULLBACK,0.531081737389967,0.6097137919362198,1.6231001633612432
2024-02-01,17:00:00,4858.21,4897.29,4852.79,4888.03,5509,4883.731128021374,4871.623339465593,0.08802433766182842,BULLISH_EMA20_PULLBACK,1.021474909114721,0.9676700020253596,1.4353430727716454
2024-02-14,13:00:00,4975.33,4985.33,4969.33,4980.59,2518,4984.969684237151,4970.980101972313,-0.08785779081064597,BULLISH_EMA20_PULLBACK,-0.05621823920459588,0.37786687922514617,0.4832760777337566
2024-02-19,01:00:00,5006.49,5013.59,5003.33,5006.59,1343,5009.467382443901,4990.945864604571,-0.05743888969085466,BULLISH_EMA20_PULLBACK,0.07470154336583945,0.09986837348374843,-0.27963144575449556
2024-02-19,05:00:00,5006.83,5010.59,5005.33,5010.33,611,5009.549536496863,4991.706026776941,0.015579514634021217,BULLISH_EMA20_PULLBACK,-0.03991753038223031,-0.029938147786672736,-0.5137386160192997
2024-02-19,13:00:00,5007.83,5013.09,5005.09,5011.59,1006,5009.638781576798,4993.112145440768,0.03894928373635033,BULLISH_EMA20_PULLBACK,-0.05507234231052856,-0.37912119706520286,-0.863997254364387
2024-02-28,17:00:00,5061.89,5077.13,5060.63,5074.89,3153,5068.3881856436365,5046.601497550382,0.12828169663050776,BULLISH_EMA20_PULLBACK,-0.31291318629566567,-0.10443576116921117,0.2234531191808933
2024-02-29,01:00:00,5061.21,5070.83,5059.33,5070.09,947,5067.742165572229,5047.990140568423,0.0463290031549162,BULLISH_EMA20_PULLBACK,-0.00986175787806528,0.43628416852560586,0.6536373121581552
2024-03-06,09:00:00,5084.09,5100.09,5081.83,5095.09,1724,5100.552630881134,5084.955917082439,-0.1070988043150578,BULLISH_EMA20_PULLBACK,0.21079117346307485,0.230417912146788,0.4522000592727501
2024-03-06,13:00:00,5094.83,5114.59,5093.59,5105.83,2677,5101.055237463884,5085.774508569402,0.09360342740554414,BULLISH_EMA20_PULLBACK,0.06619883544889095,-0.3392200680398625,0.681573808763711
2024-03-06,17:00:00,5105.59,5128.09,5091.09,5109.21,5270,5101.831881514942,5086.693547449034,0.14461704455198252,BULLISH_EMA20_PULLBACK,-0.0465825440723734,-0.3292094081080971,1.0670925642124618
2024-03-08,21:00:00,5123.23,5151.23,5122.99,5129.33,3677,5130.775558758532,5107.807880644394,-0.02817427388855488,BULLISH_EMA20_PULLBACK,-0.11931382851171383,-0.23141423928661037,-0.09299460163412233
2024-03-11,21:00:00,5116.81,5125.19,5112.19,5124.56,3109,5124.6636091286255,5109.830344191012,-0.002021774237834976,BULLISH_EMA20_PULLBACK,0.15162277346737138,0.07122562717578945,0.9727664423872382
2024-03-12,01:00:00,5128.33,5135.83,5126.21,5132.33,1316,5125.393741592566,5110.712683634502,0.1353312302847393,BULLISH_EMA20_PULLBACK,0.18276299458530743,0.14379433902340866,0.7809318574604502
2024-03-14,17:00:00,5141.39,5160.63,5132.13,5149.89,5895,5156.326567736456,5135.699587162508,-0.12482855094419182,BULLISH_EMA20_PULLBACK,0.08932229620437435,-0.041942643435117326,-0.5903038705681197
2024-03-14,21:00:00,5150.39,5156.89,5123.13,5154.49,3333,5156.15165652346,5136.4364660973115,-0.03222668055850533,BULLISH_EMA20_PULLBACK,-0.0679019650828695,0.11388129572469614,-0.6984202122809434
2024-03-15,09:00:00,5147.49,5162.23,5145.99,5160.36,1920,5155.424365845418,5138.327001227903,0.09573671931413105,BULLISH_EMA20_PULLBACK,-0.8261051554542728,-0.8113775007945162,-0.4714787340418096
2024-03-18,09:00:00,5133.79,5139.29,5128.03,5136.03,1771,5142.324066236644,5135.630321763802,-0.12239730821264216,BULLISH_EMA20_PULLBACK,0.4575518445180422,0.26985823680937576,0.04984394561559026
2024-03-19,05:00:00,5141.59,5148.83,5139.09,5147.33,1558,5145.515629663539,5138.401289668855,0.035261195709940775,BULLISH_EMA20_PULLBACK,-0.16979676842168234,0.4654840470690637,0.5043391428177334
2024-03-25,17:00:00,5222.09,5228.33,5219.59,5226.83,2727,5222.3615506232645,5193.26171597306,0.08556376906156792,BULLISH_EMA20_PULLBACK,-0.10025196916677569,0.02027997849557763,-0.008418104281172333
2024-03-26,01:00:00,5223.89,5228.63,5222.63,5226.89,753,5222.726348696142,5195.647820088934,0.0797217971203459,BULLISH_EMA20_PULLBACK,0.01913183556569968,0.09317203920495534,-0.10139872849821178
2024-03-26,05:00:00,5227.13,5228.13,5223.13,5227.89,533,5223.218125010795,5196.9122193011335,0.08944437849214945,BULLISH_EMA20_PULLBACK,0.21040993593973858,-0.028692263991782534,-0.020275866554200644
2024-03-27,01:00:00,5214.63,5221.59,5213.63,5221.59,685,5224.152321198988,5202.220389700318,-0.04904759741767445,BULLISH_EMA20_PULLBACK,0.10035257459892068,0.13865508398782328,0.49793262205573396
2024-03-27,05:00:00,5221.46,5229.83,5220.46,5226.83,674,5224.407338227656,5203.1854724571685,0.04637199237160168,BULLISH_EMA20_PULLBACK,0.014540361940224157,-0.11096592007010334,0.44003726924349945
2024-03-27,09:00:00,5226.59,5228.83,5220.33,5227.59,1521,5224.710448872641,5204.142512752966,0.05511408058949175,BULLISH_EMA20_PULLBACK,0.02372029941138807,0.48205769771538737,0.3538915637989972
2024-03-27,13:00:00,5227.83,5238.59,5225.96,5228.83,1924,5225.102787075246,5205.110649507752,0.07133281538448538,BULLISH_EMA20_PULLBACK,-0.14917295073659273,0.35878007125877526,0.377904808532697
2024-04-02,05:00:00,5234.59,5239.46,5232.59,5234.83,738,5234.266140937648,5215.177093642947,0.010772456867298046,BULLISH_EMA20_PULLBACK,-0.004584676102180619,-0.7450098666050282,-0.7190300353593206
2024-04-03,17:00:00,5203.19,5229.09,5203.19,5224.39,3641,5217.371956950766,5212.309447655632,0.13451299058494262,BULLISH_EMA20_PULLBACK,-0.12441643904838649,0.03713352180828001,0.21897293272515259
2024-04-04,01:00:00,5215.59,5232.33,5214.59,5225.33,1167,5218.174504442691,5213.0303205771515,0.13712641367622183,BULLISH_EMA20_PULLBACK,0.01913754729366375,0.42102604046060255,-1.4781841529625839
2024-04-04,05:00:00,5225.59,5231.59,5224.83,5226.33,728,5218.951218305292,5213.55187663295,0.14138437755131808,BULLISH_EMA20_PULLBACK,0.10523637045498466,0.18177191260406442,-1.3248302346005663
2024-04-08,05:00:00,5205.96,5206.59,5194.71,5198.46,1086,5199.594717748764,5205.248670632507,-0.021823196044315006,BEARISH_EMA20_PULLBACK,0.04097367297238238,0.24757331979085906,0.17062745505399465
2024-04-08,13:00:00,5200.33,5217.33,5195.59,5205.59,3268,5200.251458293206,5205.086527561957,0.10265929925907964,BULLISH_EMA20_PULLBACK,0.11026607934931068,-0.043414867479002736,0.014215487581614799
2024-04-09,01:00:00,5209.71,5209.71,5203.33,5203.33,841,5202.061377003897,5205.347027471612,0.024386928645455674,BEARISH_EMA20_PULLBACK,0.07687384809343248,0.05765538607007436,0.24330572921571098
2024-04-09,05:00:00,5203.59,5210.33,5202.83,5207.33,583,5202.563150622574,5205.424791100177,0.09162501711979919,BULLISH_EMA20_PULLBACK,0.004992961844173852,-0.460888785615661,0.113301826463843
2024-04-09,09:00:00,5207.21,5210.21,5199.33,5207.59,1946,5203.041898182329,5205.509701253111,0.08741236197349078,BULLISH_EMA20_PULLBACK,-0.024195453175081337,0.15823058266875428,0.08449205870661163
2024-04-12,09:00:00,5198.89,5204.39,5188.89,5191.63,2741,5187.7000304873945,5194.772144712374,0.07575552729551979,BEARISH_EMA20_PULLBACK,-0.45265167201822937,-1.3005549316881293,-0.8552227335153034
2024-04-22,21:00:00,5030.09,5039.33,5003.83,5011.21,3443,5012.011254852759,5061.899290465411,-0.01598669300638101,BEARISH_EMA20_PULLBACK,-0.11933245663223997,0.07024251627849416,1.3106614969239025
2024-04-23,01:00:00,5016.11,5016.11,5000.59,5005.23,2125,5011.365421057259,5059.67696534912,-0.12243012715613553,BEARISH_EMA20_PULLBACK,0.09989550929727506,0.8117509085496593,1.621503906913384
2024-04-24,21:00:00,5080.39,5080.63,5037.63,5042.63,4792,5047.271685470304,5060.90301939306,-0.09196424840109124,BEARISH_EMA20_PULLBACK,-0.02657343489409585,0.07258117291968387,1.1041857126142567
2024-05-22,21:00:00,5308.63,5324.63,5284.89,5310.13,4664,5309.665699415634,5278.7199443170875,0.00874444099969336,BULLISH_EMA20_PULLBACK,0.3239092074958583,0.49829288548491346,-0.7709792415628338
2024-05-24,17:00:00,5284.56,5312.03,5283.06,5305.03,3543,5298.694115567885,5284.780654816983,0.11957445162760841,BULLISH_EMA20_PULLBACK,-0.00829401530245069,-0.03204505912313065,0.21300539299495352
2024-05-27,05:00:00,5301.21,5303.33,5295.33,5303.33,499,5299.822407804786,5286.848726647845,0.06618320247954755,BULLISH_EMA20_PULLBACK,-0.028284115829111143,0.24512900385229658,0.3167820972860482
2024-05-27,13:00:00,5301.59,5307.83,5301.09,5302.96,963,5300.2942159127615,5288.0450029532785,0.05029502096761361,BULLISH_EMA20_PULLBACK,0.2521233424351662,0.16839651817098922,-0.11069289604296263
2024-05-28,21:00:00,5296.83,5313.83,5280.21,5308.13,2503,5304.518337120519,5293.211644638972,0.0680865377390939,BULLISH_EMA20_PULLBACK,-0.19856333586404182,-0.6036023985848117,-1.0274804874786405
2024-06-03,17:00:00,5285.59,5297.09,5233.79,5259.79,5847,5266.5084953916285,5273.32174743678,-0.12757019945011772,BEARISH_EMA20_PULLBACK,0.5247357784246208,0.4804374319126893,0.3064761140653883
2024-06-04,17:00:00,5274.31,5284.43,5256.53,5275.91,5706,5270.728678656968,5273.998086361515,0.09830370066310572,BULLISH_EMA20_PULLBACK,0.3351080666652822,0.4795381270719209,1.231635869451914
2024-06-10,13:00:00,5334.63,5345.13,5331.63,5336.63,2843,5337.478524499741,5315.210584474241,-0.01589747847876333,BULLISH_EMA20_PULLBACK,0.4208648529127939,0.39837875213384133,-0.06071247210317713
2024-06-21,05:00:00,5472.59,5482.09,5471.59,5481.33,868,5477.827932110723,5441.665680338604,0.06393168848455533,BULLISH_EMA20_PULLBACK,-0.23716871635168835,-0.3739968219392009,-0.2773049606573554
2024-06-21,21:00:00,5460.59,5473.83,5458.59,5468.33,2477,5473.385599316136,5445.018364669678,-0.0923669495671515,BULLISH_EMA20_PULLBACK,-0.18177396024013912,0.019384345860626557,-0.3931730528333148
2024-06-24,05:00:00,5458.63,5466.89,5456.39,5466.13,1106,5471.402452047902,5446.350085956132,-0.0963638133752873,BULLISH_EMA20_PULLBACK,0.05964000124402855,-0.10610797767342127,-0.15403951241554945
2024-06-24,09:00:00,5466.39,5478.39,5465.89,5469.39,2066,5471.2107899481025,5447.253611997068,-0.03327946990175177,BULLISH_EMA20_PULLBACK,0.15065665458121985,-0.41247744263986297,-0.1517536690563332
2024-06-24,13:00:00,5469.63,5479.39,5458.63,5477.63,2679,5471.822143286379,5448.444842899144,0.10614118225218154,BULLISH_EMA20_PULLBACK,-0.315830021377862,-0.45950529699888587,-0.45950529699888587
2024-06-25,09:00:00,5457.59,5461.33,5445.33,5461.09,2592,5465.578252606696,5449.776169360376,-0.08211853164036656,BULLISH_EMA20_PULLBACK,-0.15802706053187385,0.14136372042944273,0.2992076673338133
2024-06-25,17:00:00,5452.33,5465.93,5445.69,5460.93,4032,5464.005190909336,5450.314695361118,-0.05628089289615467,BULLISH_EMA20_PULLBACK,0.14429776613141185,0.31130228733933596,0.16407461732708598
2024-06-25,21:00:00,5460.69,5472.19,5459.19,5468.81,1846,5464.462791775114,5451.040001425387,0.07955417376854655,BULLISH_EMA20_PULLBACK,0.1210501004788956,0.15762112781390997,-0.0032913924601566157
2024-06-26,17:00:00,5461.19,5476.13,5451.63,5469.89,4757,5467.336038856916,5454.857459587434,0.04671308156171103,BULLISH_EMA20_PULLBACK,-0.023035198148412823,-0.044973482099275056,0.14442703600985826
2024-06-27,05:00:00,5461.19,5468.19,5458.19,5467.43,833,5466.893872208141,5456.077869921841,0.009806808114286584,BULLISH_EMA20_PULLBACK,0.05962582054089963,0.18948573644289313,0.5230976894079934
2024-06-27,09:00:00,5467.69,5472.19,5464.43,5470.69,1882,5467.255408188318,5456.650894630789,0.0628211333704561,BULLISH_EMA20_PULLBACK,0.21021114338410696,0.2621241561850543,0.6163756308619252
2024-07-01,01:00:00,5471.59,5475.83,5465.83,5475.21,1318,5479.446505777504,5466.69670128734,-0.07731630873733655,BULLISH_EMA20_PULLBACK,0.056984115677752835,-0.15305349018576656,-0.17570102333974205
2024-07-01,05:00:00,5475.46,5478.59,5472.83,5478.33,651,5479.340171893933,5467.152909079993,-0.018436013502406475,BULLISH_EMA20_PULLBACK,-0.1916642480463937,-0.15333139843710833,-0.1916642480463937
2024-07-01,17:00:00,5467.71,5474.69,5444.53,5469.93,5666,5476.468642589405,5467.274158961125,-0.1193952347057212,BULLISH_EMA20_PULLBACK,0.060329839687149056,-0.038391716164564514,0.41792125310560957
2024-07-01,21:00:00,5469.43,5479.43,5459.19,5473.23,2502,5476.160200438034,5467.507721354807,-0.05350830382573319,BULLISH_EMA20_PULLBACK,-0.1395885062385359,-0.36797284236181227,0.5492186515092624
2024-07-02,05:00:00,5465.33,5468.59,5459.83,5467.83,860,5474.456037093265,5467.448104180274,-0.12103553391184456,BULLISH_EMA20_PULLBACK,-0.2695767790878609,0.45648822293304725,0.6949740573499907
2024-07-02,13:00:00,5453.33,5476.83,5444.09,5471.33,2840,5472.317254854123,5467.059353378254,-0.018040892151267248,BULLISH_EMA20_PULLBACK,0.3922263873683371,0.6261731608219614,0.8224691254228863
2024-07-11,21:00:00,5577.83,5593.83,5576.33,5586.59,3029,5594.139117119867,5558.910806863599,-0.13494689641814045,BULLISH_EMA20_PULLBACK,0.01790000698100272,0.12530004886701904,0.532346207615017
2024-07-12,05:00:00,5587.83,5590.83,5583.59,5590.21,804,5593.200592472272,5561.218795570743,-0.0534683572102984,BULLISH_EMA20_PULLBACK,0.06046284486629498,1.070085023639536,0.6686689766574083
2024-07-12,09:00:00,5590.33,5595.09,5586.33,5593.59,1587,5593.237678903483,5562.488254567969,0.006299054621720622,BULLISH_EMA20_PULLBACK,0.25690120298412805,0.4065367679790578,0.7687370722559215
2024-07-22,21:00:00,5563.09,5570.09,5558.83,5561.83,2928,5559.142252577061,5575.31747709438,0.04834823972516019,BEARISH_EMA20_PULLBACK,-0.04854517308151846,0.0,-0.03362202728238531
2024-07-23,01:00:00,5563.63,5567.39,5555.13,5559.13,1357,5559.141085664961,5574.682674071071,-0.00019941326888356874,BEARISH_EMA20_PULLBACK,-0.06835601973690456,0.23744722645449592,-0.41013611842141096
2024-07-23,05:00:00,5558.89,5559.83,5551.59,5555.33,1147,5558.778125125441,5573.9237456761275,-0.06203027082256907,BEARISH_EMA20_PULLBACK,0.11700475039286594,0.26101059703023943,-0.5400219248901506
2024-07-23,21:00:00,5570.33,5573.09,5549.83,5559.96,3783,5561.114791185117,5572.743582231702,-0.020765462114666573,BEARISH_EMA20_PULLBACK,-0.42500305757595574,-0.8048619054813345,-2.1516341844185947
2024-07-26,21:00:00,5465.93,5471.43,5444.19,5460.19,4998,5466.09595566612,5510.208374233418,-0.1080470543148513,BEARISH_EMA20_PULLBACK,0.43771370593332004,0.3596944428673788,0.13259611845010325
2024-07-29,17:00:00,5482.09,5487.63,5444.01,5472.13,7708,5471.726320967313,5504.869303191175,0.00737754428872617,BEARISH_EMA20_PULLBACK,-0.08588977235555109,-0.09868186611064697,-0.7938407896011336
2024-07-29,21:00:00,5471.89,5478.13,5462.13,5467.43,3777,5471.317147541855,5503.401095222895,-0.071045918871674,BEARISH_EMA20_PULLBACK,-0.37494764450573664,0.1108381817416865,-0.9163354629140266
2024-08-23,01:00:00,5581.01,5587.13,5580.01,5584.76,1585,5592.339702355415,5536.38939983579,-0.1355372305481121,BULLISH_EMA20_PULLBACK,0.14020298096963751,0.4064633037050799,0.9101554945960063
2024-08-23,05:00:00,5585.13,5594.59,5583.83,5592.59,970,5592.363540226328,5538.593344940269,0.0040494465719755285,BULLISH_EMA20_PULLBACK,0.1162252194421547,0.3933776658042159,0.6980665487725716
2024-08-23,09:00:00,5592.33,5599.59,5589.59,5599.09,1627,5593.004155442868,5540.965762785749,0.10881172958202791,BULLISH_EMA20_PULLBACK,0.1494885776081451,0.5847378770478735,0.7933432039849345
2024-08-26,21:00:00,5605.63,5619.63,5601.13,5610.63,3000,5611.655320727127,5566.263687605804,-0.01827127057037876,BULLISH_EMA20_PULLBACK,0.034933688373677045,0.2156620557762578,0.24774401448678018
2024-08-27,05:00:00,5612.71,5620.23,5611.83,5619.73,1011,5612.504877057807,5570.10588002366,0.12873259089229058,BULLISH_EMA20_PULLBACK,0.05338334759855012,0.1879093835469035,0.1309671461084533
2024-08-29,09:00:00,5580.83,5611.59,5577.59,5609.33,3093,5603.757092564252,5583.784766229265,0.0994494826184129,BULLISH_EMA20_PULLBACK,0.20965070694717938,-0.1379843938580861,0.18647503356015846
2024-08-30,05:00:00,5599.83,5610.79,5599.09,5606.53,1438,5607.079025989134,5589.078994570745,-0.009791657770279051,BULLISH_EMA20_PULLBACK,0.2365099268174828,-0.1551761963282069,0.5861022771661006
2024-09-10,01:00:00,5480.42,5481.8,5465.2,5473.95,5476,5479.616103527138,5522.57515473028,-0.10340329359005589,BEARISH_EMA20_PULLBACK,-0.2022305647658402,0.21337425442322805,0.04932452799166631
2024-09-10,17:00:00,5485.38,5487.58,5440.35,5476.1,9769,5477.58703095809,5515.250072467067,-0.027147555112951575,BEARISH_EMA20_PULLBACK,0.27026533481856196,-0.09495809061194513,0.5657310859918475
2024-09-11,01:00:00,5490.0,5494.15,5471.5,5476.65,4962,5478.644939174309,5512.818886579557,-0.036413003515610644,BEARISH_EMA20_PULLBACK,-0.10499118986971963,-0.43402444925272804,1.4434006189915403
2024-09-11,05:00:00,5476.77,5479.65,5463.63,5470.9,5442,5477.907325919612,5511.175008674477,-0.1279197602788223,BEARISH_EMA20_PULLBACK,0.19612860772451468,0.6613171507430275,1.7132464493959034
2024-09-30,01:00:00,5723.89,5745.64,5722.16,5733.09,2510,5736.528995681629,5705.632039717671,-0.05994906822953978,BULLISH_EMA20_PULLBACK,-0.008721300380771974,-0.08215464958687263,0.5827572914431808
2024-09-30,09:00:00,5732.86,5740.84,5727.59,5734.09,3313,5735.957295784734,5707.763755233421,-0.03255421350689128,BULLISH_EMA20_PULLBACK,-0.09957988102733016,0.32838689312515024,0.368846669654638
2024-09-30,17:00:00,5728.26,5743.44,5723.94,5736.78,5577,5735.382729655984,5709.678422266607,0.024362286003878617,BULLISH_EMA20_PULLBACK,0.28134249526738564,0.324223693430816,-0.3648388120164863
2024-10-02,21:00:00,5712.25,5722.15,5698.63,5719.38,5274,5721.045258122606,5713.605542429842,-0.029107585195938663,BULLISH_EMA20_PULLBACK,-0.24268364752823046,-0.4983057604145904,-0.4411317310617667
2024-10-04,01:00:00,5692.47,5712.1,5690.33,5710.33,5106,5709.74060669709,5709.902493229338,0.010322593327949534,BULLISH_EMA20_PULLBACK,-0.12258485936889812,0.21014547320382534,0.6701889382925407
2024-10-04,05:00:00,5709.83,5714.58,5700.58,5703.33,5188,5709.130072725938,5709.644748396815,-0.1015929336353059,BEARISH_EMA20_PULLBACK,0.09853892375156079,0.33489207182471226,0.6750442285471822
2024-10-07,13:00:00,5720.85,5735.85,5717.33,5726.85,6515,5720.940830999635,5715.246281325689,0.103290161092833,BULLISH_EMA20_PULLBACK,-0.04836864943206887,-0.52157817997679,0.01973161511126011
2024-10-08,09:00:00,5694.48,5719.5,5687.98,5716.75,7035,5715.302739946285,5713.7156505203675,0.02532254404651666,BULLISH_EMA20_PULLBACK,0.19644028512703135,0.5728779463856212,0.5011588752350484
2024-10-16,01:00:00,5812.37,5820.96,5807.42,5819.49,1841,5822.560722301401,5786.674933341325,-0.05273834740168675,BULLISH_EMA20_PULLBACK,0.026978309095824864,-0.16788412730324354,0.2278550182232501
2024-10-16,05:00:00,5819.25,5822.69,5818.54,5821.06,1146,5822.417796367934,5788.02336732794,-0.023320146637030945,BULLISH_EMA20_PULLBACK,-0.02748640282011118,0.2314011537417471,0.24600330523993408
2024-10-18,05:00:00,5844.61,5845.84,5839.84,5845.61,1527,5837.604976415449,5808.72858396919,0.13712855900480095,BULLISH_EMA20_PULLBACK,0.10229899018238428,0.31733215181991586,0.2434305401831541
2024-10-21,13:00:00,5854.54,5862.29,5840.54,5858.04,3297,5849.69072934846,5822.613233444513,0.14273012092162052,BULLISH_EMA20_PULLBACK,-0.1314432813705577,-0.21218701135533882,-0.4708059350909165
2024-10-21,21:00:00,5850.21,5858.84,5839.86,5858.09,2100,5850.5466061106445,5825.049163206565,0.12893485681281358,BULLISH_EMA20_PULLBACK,-0.21303872081174022,-0.578345501690826,-0.18401902326525788
2024-10-23,01:00:00,5843.54,5849.79,5840.58,5845.34,1590,5846.523542123468,5829.223329096266,-0.020243519331461544,BULLISH_EMA20_PULLBACK,0.006158752099957788,-0.24925838360129107,-0.6025312471130893
2024-10-23,05:00:00,5845.59,5849.01,5844.58,5845.7,1060,5846.445109540281,5829.869473053275,-0.012744659811571912,BULLISH_EMA20_PULLBACK,-0.07270301247070496,-1.1728278905862342,-0.61720580939836
2024-10-25,09:00:00,5812.34,5827.09,5811.34,5825.59,2184,5822.357154088228,5823.080962268686,0.055524692598126736,BULLISH_EMA20_PULLBACK,0.44201531518695963,-0.3561870986458024,0.35189568781874453
2024-10-28,17:00:00,5832.98,5842.91,5823.6,5834.49,5999,5827.813052722493,5825.465536962629,0.11457037514934695,BULLISH_EMA20_PULLBACK,-0.1117492702875406,-0.1881912557909871,0.04799048417257004
2024-10-29,01:00:00,5827.02,5827.27,5819.02,5823.56,1683,5827.421523883945,5825.485172720982,-0.06626470846699745,BEARISH_EMA20_PULLBACK,-0.0008585813488687659,-0.10715095233844402,0.5584213093022057
2024-10-29,05:00:00,5823.58,5826.57,5814.26,5823.51,1542,5827.0489977997595,5825.4077149672175,-0.060733963299357284,BEARISH_EMA20_PULLBACK,0.06130323464714079,0.2366270513830962,0.30084948768010233
2024-10-29,09:00:00,5823.76,5833.32,5818.82,5827.08,2970,5827.051950390259,5825.473294772424,0.0004813687947178097,BULLISH_EMA20_PULLBACK,-0.1674938391098152,0.26565621203073364,0.34785861872499496
2024-11-13,09:00:00,5968.43,5983.07,5967.2,5975.14,2463,5976.023807726864,5922.881641180485,-0.0147892270061079,BULLISH_EMA20_PULLBACK,0.1840961048611413,0.2483623814671997,0.26057966842617425
2024-11-19,21:00:00,5921.9,5922.65,5904.15,5914.26,3296,5907.049964161056,5915.739703319366,0.12205814886768694,BEARISH_EMA20_PULLBACK,0.21000091304744928,0.12529039981333004,0.08538684467710553
2024-11-21,09:00:00,5905.53,5913.1,5883.46,5901.31,6662,5906.257679485586,5913.04260094604,-0.08377012575611827,BEARISH_EMA20_PULLBACK,0.12878496469427048,0.7432248094067193,0.5354743268867328
2024-12-09,13:00:00,6082.06,6087.06,6077.19,6083.09,2370,6076.040791007201,6048.5160372148775,0.11601648565678577,BULLISH_EMA20_PULLBACK,-0.24428374395250738,-0.556625004726226,-0.40900266147632386
2024-12-10,13:00:00,6055.48,6062.01,6050.55,6058.21,2092,6066.703169661953,6050.006868895367,-0.13999645976459635,BULLISH_EMA20_PULLBACK,-0.16490019329141414,-0.30949735978118953,0.2707070240219411
2024-12-13,01:00:00,6055.22,6062.05,6052.14,6056.68,1312,6064.094332608833,6055.5665519472095,-0.12226611596331635,BULLISH_EMA20_PULLBACK,0.07000534946538008,0.18987299972922458,-0.03368181908240098
2024-12-13,05:00:00,6056.43,6061.14,6052.73,6060.92,795,6063.792015217516,6055.776491086535,-0.047363353002676474,BULLISH_EMA20_PULLBACK,0.18627535093682085,-0.20376444500175492,-0.1486572995518868
2024-12-13,09:00:00,6060.89,6073.08,6058.15,6072.21,1505,6064.593728053943,6056.420942416476,0.12558585599601477,BULLISH_EMA20_PULLBACK,-0.06636792864541485,-0.4362497344459395,-0.17901225418751807
2024-12-16,05:00:00,6054.66,6055.14,6048.89,6051.91,1092,6060.15525616057,6055.909451859537,-0.13605684692960063,BEARISH_EMA20_PULLBACK,0.15581857628418616,0.5119045061807012,0.18638743801543226
2024-12-16,09:00:00,6052.39,6064.09,6049.64,6061.34,2278,6060.268088907183,6056.122414531712,0.017687519381850723,BULLISH_EMA20_PULLBACK,0.1443575183045333,0.141057917886147,-0.021447402719533666
2024-12-16,13:00:00,6061.09,6071.84,6056.96,6070.09,3049,6061.20350901126,6056.67016298145,0.14661264838786728,BULLISH_EMA20_PULLBACK,0.21087002004912914,0.03739648011807942,-0.3235536870128833
2024-12-17,01:00:00,6069.27,6073.1,6063.84,6072.36,1209,6064.705235752967,6058.7327100783605,0.1262182406146555,BULLISH_EMA20_PULLBACK,-0.15101212708074083,-0.36081523493336787,-0.28786172097832746
2024-12-18,09:00:00,6057.0,6066.48,6053.39,6064.79,1788,6059.815437425297,6057.900351388902,0.08209099148432741,BULLISH_EMA20_PULLBACK,-0.2108894124940841,-3.2390239398231366,-2.8752850469678277
2024-12-18,13:00:00,6065.28,6067.83,6039.87,6052.0,2751,6059.071110051459,6057.6689650599255,-0.11670287281706813,BEARISH_EMA20_PULLBACK,0.1485459352280202,-2.956212822207532,-2.3266688697951157
2024-12-18,17:00:00,6052.37,6070.46,6051.07,6060.99,5025,6059.25386147513,6057.799201724242,0.028652678441284815,BULLISH_EMA20_PULLBACK,-3.1783586509794506,-3.1095580095000876,-2.356545712829091
2024-12-20,21:00:00,5945.24,5964.42,5920.87,5928.96,6508,5931.658010271061,5986.607267533964,-0.045484926244728476,BEARISH_EMA20_PULLBACK,0.4854139680483549,0.20037240932642672,0.6974241688255675
2024-12-23,09:00:00,5964.76,5965.49,5940.59,5940.84,4322,5937.416474727266,5982.94355940101,0.05766018414416899,BEARISH_EMA20_PULLBACK,-0.1957635620551994,0.49605779654056087,0.6564728220251681
2024-12-23,13:00:00,5940.96,5944.09,5917.34,5929.21,6303,5936.634905705621,5980.8363609931275,-0.12506926606662866,BEARISH_EMA20_PULLBACK,0.5454352266153526,0.7071768414341926,1.1456838263444926
2025-01-14,21:00:00,5855.76,5858.87,5809.76,5852.09,5731,5856.286405556639,5888.552869921063,-0.07165642637725075,BEARISH_EMA20_PULLBACK,-0.13824120955077834,0.006151648385443022,1.608997811038447
2025-01-28,09:00:00,6008.28,6040.15,6004.56,6035.44,4769,6037.817182557606,6020.337204798088,-0.03937155574160429,BULLISH_EMA20_PULLBACK,-0.43062311944116394,0.4004679029200866,0.6231525787680863
2025-01-29,21:00:00,6035.2,6057.03,6012.06,6047.87,11751,6047.119622429336,6030.309632552508,0.012408842846112019,BULLISH_EMA20_PULLBACK,0.1835356910780219,0.15674940102879978,0.2313211097460723
2025-02-04,21:00:00,6026.37,6042.5,6016.87,6019.24,4723,6015.146902655114,6024.009815831867,0.06804650677906268,BEARISH_EMA20_PULLBACK,-0.10051102797031157,-0.22029359188203523,0.7642160804354039
2025-02-05,01:00:00,6018.23,6027.22,6012.66,6013.19,3055,6014.960530973674,6023.585509328656,-0.029435454556310938,BEARISH_EMA20_PULLBACK,-0.12988114461707498,0.12322910135885885,0.914323345844726
2025-02-05,05:00:00,6013.43,6015.4,6003.88,6005.38,2160,6014.048099452372,6022.8715677863565,-0.1441308634222844,BEARISH_EMA20_PULLBACK,0.009991041366232516,0.7233513949158854,1.1381461289710135
2025-02-10,05:00:00,6041.56,6049.54,6040.04,6043.54,1371,6050.6959846040745,6041.232631065891,-0.11826713195114853,BULLISH_EMA20_PULLBACK,0.15305599036326392,0.4211108059183826,0.1060636646733513
2025-02-10,09:00:00,6043.79,6054.04,6040.41,6052.79,2418,6050.895414641782,6041.68586122017,0.03131082638833377,BULLISH_EMA20_PULLBACK,0.008260653351594885,0.2050294161865826,-0.1470396296583829
2025-02-10,13:00:00,6052.54,6064.79,6045.79,6053.29,3216,6051.123470390184,6042.140925486046,0.03580375810240374,BULLISH_EMA20_PULLBACK,0.2593630901542768,-0.09350287199192266,-0.025110311913017998
2025-02-11,05:00:00,6047.86,6055.42,6046.12,6049.95,1161,6053.068353436681,6044.42255232962,-0.05151690439627233,BULLISH_EMA20_PULLBACK,-0.10016611707533932,0.23719204290945156,0.24644831775468978
2025-02-11,09:00:00,6049.7,6054.53,6041.05,6043.89,2894,6052.194224537949,6044.401667924538,-0.13721014610337193,BEARISH_EMA20_PULLBACK,0.13037960651170202,0.40818082393955,0.3333945521841005
2025-02-11,13:00:00,6043.64,6054.09,6035.99,6051.77,3808,6052.153822201001,6044.690622123576,-0.006341910868042906,BULLISH_EMA20_PULLBACK,0.20704686397532862,0.2800833475165087,-0.34254441262639646
2025-02-12,17:00:00,6031.29,6062.98,6013.37,6049.35,8887,6054.529443329019,6047.935205173081,-0.0855465875176409,BULLISH_EMA20_PULLBACK,0.1438171043169897,0.2246522353641174,0.6633770570391727
2025-02-12,21:00:00,6049.59,6059.53,6042.64,6058.05,3555,6054.864734440541,6048.331863793745,0.05260671706407129,BULLISH_EMA20_PULLBACK,0.0724655623509119,-0.09887670124874806,0.9039212287782409
2025-02-13,01:00:00,6058.96,6065.94,6055.94,6062.44,1804,6055.586188303347,6048.885124037128,0.11318163896158141,BULLISH_EMA20_PULLBACK,0.008247504305197249,0.0671346850443158,1.0136182791087538
2025-02-13,05:00:00,6062.69,6069.19,6062.44,6062.94,1462,6056.286551322075,6049.436295643515,0.10986020264302403,BULLISH_EMA20_PULLBACK,-0.179450893460915,0.4377414257769327,0.9640537429036198
2025-02-20,21:00:00,6099.93,6120.61,6099.19,6114.28,3242,6117.854705082689,6100.847525049557,-0.058430695971245984,BULLISH_EMA20_PULLBACK,0.0664019312167647,0.11546739763308846,-1.6631557599586475
2025-02-21,09:00:00,6118.59,6121.84,6110.34,6121.34,2191,6118.268012327197,6102.94421538138,0.050210086688161085,BULLISH_EMA20_PULLBACK,-0.38194251585437355,-1.7765717963713827,-1.2783148787683742
2025-03-03,13:00:00,5971.34,5989.59,5937.84,5937.84,6348,5940.740928544516,5985.132517360659,-0.048831089916357255,BEARISH_EMA20_PULLBACK,-0.5705778532260908,-1.3144510461716747,-2.859625722484947
2025-03-17,05:00:00,5611.29,5611.79,5604.04,5606.54,2439,5598.38382994237,5669.074975757284,0.14568793968730603,BEARISH_EMA20_PULLBACK,0.07580432851633985,1.2672700096672846,0.9355145954545908
2025-03-19,05:00:00,5628.36,5631.09,5619.59,5622.34,2127,5625.9746154614895,5658.303757910298,-0.06460419233852574,BEARISH_EMA20_PULLBACK,0.12005677351423073,0.3004087266155981,1.4495743765051563
2025-03-20,17:00:00,5671.84,5711.3,5652.01,5657.27,11135,5651.255757872015,5660.947049610033,0.10642310993636335,BEARISH_EMA20_PULLBACK,0.10800262317336227,-0.0532058749184716,-0.0945685816657215
2025-03-21,05:00:00,5670.99,5671.74,5648.49,5654.26,2857,5654.210819916224,5661.161455243991,0.0008697957211470336,BEARISH_EMA20_PULLBACK,-0.21046078531939713,-0.04138472585272247,0.8901253214390552
2025-04-02,05:00:00,5627.34,5628.11,5618.86,5620.59,1945,5616.9932306872215,5647.125939224389,0.06403371279011813,BEARISH_EMA20_PULLBACK,-0.15799053124316323,0.7369333112715938,-2.254745498248413
2025-04-02,09:00:00,5620.61,5628.84,5609.59,5611.71,5134,5616.490065859867,5645.737078862649,-0.08510770612634072,BEARISH_EMA20_PULLBACK,-0.028868205947917676,-1.3617952460123575,-2.2688271489438994
2025-04-02,13:00:00,5611.21,5618.59,5568.09,5610.09,9096,5615.880535777975,5644.339154201369,-0.10311002417312662,BEARISH_EMA20_PULLBACK,0.9254753488803222,-1.8181526499574872,-2.5400662021464897
2025-04-11,01:00:00,5268.61,5295.86,5171.86,5236.36,9761,5236.8440307326955,5306.542237308449,-0.009242794512406104,BEARISH_EMA20_PULLBACK,1.6610775424149693,0.8641499056596568,3.0026583351794085
2025-05-07,21:00:00,5610.03,5654.74,5576.88,5626.43,12678,5623.090464255602,5576.644463866053,0.059389685540846816,BULLISH_EMA20_PULLBACK,0.4430873573473656,1.1717909935785102,0.708442120492029
2025-05-21,13:00:00,5896.81,5917.51,5887.54,5910.18,5318,5918.6757610003815,5861.468021593368,-0.14354158503430578,BULLISH_EMA20_PULLBACK,-0.6192704790717095,-1.0767861554132077,-0.9583464463011334
2025-05-26,01:00:00,5808.09,5862.59,5807.84,5858.36,5624,5854.245687701096,5851.331708147113,0.07027911909380359,BULLISH_EMA20_PULLBACK,0.025263042899386055,0.2261725124437556,0.0602557712397438
2025-05-26,05:00:00,5858.34,5865.86,5854.61,5859.84,2423,5854.778479348611,5851.665366651148,0.08645110432858825,BULLISH_EMA20_PULLBACK,0.17918577981651376,0.290451616426379,0.5426769331585877
2025-05-27,05:00:00,5855.66,5863.91,5849.39,5861.89,2058,5859.431859108434,5854.445871809943,0.041951864117086964,BULLISH_EMA20_PULLBACK,0.5075154941494978,1.0169075161765175,0.9365580043296554
2025-05-29,21:00:00,5896.84,5917.87,5887.58,5905.16,6068,5913.504098482075,5887.882650993619,-0.14110243847158663,BULLISH_EMA20_PULLBACK,-0.10279145696305789,-0.08975201349328692,-0.04352125937315346
2025-05-30,05:00:00,5898.84,5911.86,5895.84,5906.86,2218,5911.629296036347,5889.049129194802,-0.0806765072286447,BULLISH_EMA20_PULLBACK,-0.11850627913984758,-0.6343471827671444,-0.5671371930264134
2025-05-30,21:00:00,5869.12,5922.21,5869.12,5902.59,7384,5903.917694524159,5888.927317147167,-0.02248836438539979,BULLISH_EMA20_PULLBACK,-0.2880091620796972,-0.5248543436017151,0.5973648855841287
2025-06-06,01:00:00,5928.34,5952.09,5928.34,5948.61,3059,5951.012671421578,5926.89623600186,-0.04037416073933441,BULLISH_EMA20_PULLBACK,0.20559424806804402,1.0629373920966492,0.6909177101877644
2025-06-06,05:00:00,5948.84,5963.59,5945.34,5960.84,1962,5951.9486074766655,5928.2273640017875,0.1493862449041564,BULLISH_EMA20_PULLBACK,0.07582823897302271,0.6369907596915914,0.5078143348923898
2025-06-12,05:00:00,6000.36,6010.11,5996.84,6008.84,2009,6011.397953567765,5981.485061425437,-0.042551725697133516,BULLISH_EMA20_PULLBACK,-0.17024916622843134,0.5137430851878215,-0.8445889722475554
2025-06-12,13:00:00,5998.86,6021.84,5985.59,6016.86,5986,6010.816238634838,5983.517544207027,0.10054809738343742,BULLISH_EMA20_PULLBACK,0.37976619033848824,-0.9224080334260728,-0.48613396356238975
2025-06-13,17:00:00,5988.36,6026.35,5973.73,6005.51,9659,6001.759267757909,5986.0996192390185,0.06249388012346444,BULLISH_EMA20_PULLBACK,-0.4942128145652957,-0.26508989244876907,0.4029632787223702
2025-06-16,05:00:00,5983.84,5993.36,5981.34,5989.59,2393,5997.036468799428,5985.780350120628,-0.12416914317878891,BULLISH_EMA20_PULLBACK,0.18398588217222758,0.6698288196687903,0.3464343970121494
2025-06-16,09:00:00,5989.34,6011.86,5988.61,6000.61,4629,5997.376805104244,5986.361905017859,0.05391015106810742,BULLISH_EMA20_PULLBACK,0.6207702216941278,0.5339457155189217,-0.07082613267651122
2025-06-17,13:00:00,5996.59,6015.34,5987.61,6015.34,5506,6007.141690828854,5994.096103420739,0.13647604123709514,BULLISH_EMA20_PULLBACK,-0.47096257235667355,-0.490080361209848,-0.31170307912769685
2025-06-18,09:00:00,5989.61,6005.84,5988.34,5999.09,3740,6000.223110486159,5993.203752980803,-0.01888447254867879,BULLISH_EMA20_PULLBACK,-0.04167298706970557,-0.2745416388152246,-0.731444269047474
2025-06-18,17:00:00,5996.09,6018.34,5986.32,6002.54,6327,6000.130709490937,5993.697466707769,0.04015396706694901,BULLISH_EMA20_PULLBACK,-0.3318595128062466,-0.6822111972598237,-1.3052807644763778
2025-06-20,09:00:00,5972.09,5979.86,5958.34,5970.34,4044,5974.150972791873,5982.400393985594,-0.06379103590165441,BEARISH_EMA20_PULLBACK,0.4312987200058958,0.0653229129329257,0.14069550477861623
2025-07-08,01:00:00,6216.84,6232.09,6209.34,6226.61,2668,6232.2006251286275,6189.267412779518,-0.08970547427639092,BULLISH_EMA20_PULLBACK,0.15257098164169589,0.03581403042747937,-0.06022538749014311
2025-07-08,05:00:00,6226.59,6236.36,6225.84,6236.11,1486,6232.5729465449485,6191.104376984243,0.05675109598214837,BULLISH_EMA20_PULLBACK,-0.05644544435552816,-0.04554121078684045,-0.25256129221582047
2025-07-08,17:00:00,6228.61,6243.02,6217.02,6233.27,7079,6232.319002305561,6195.681516820975,0.015259130575429943,BULLISH_EMA20_PULLBACK,-0.12304937857657494,-0.20711440383620094,0.21321072246188538
2025-07-09,09:00:00,6220.11,6238.34,6215.11,6235.09,2390,6230.34105480465,6200.181230806162,0.07622287694326928,BULLISH_EMA20_PULLBACK,0.48146859147180754,0.4057680001411396,0.2798676522712554
2025-07-10,05:00:00,6247.29,6253.79,6244.54,6247.79,1384,6239.127543638304,6209.7674720594205,0.13884082832268255,BULLISH_EMA20_PULLBACK,0.07602688310586624,0.6314232712687177,0.17686253859364964
2025-07-11,05:00:00,6255.59,6268.11,6254.84,6258.84,1779,6250.460209486331,6221.382399879642,0.13406677641033382,BULLISH_EMA20_PULLBACK,-0.3435141336094228,0.11120271488007419,-0.5751864562762429
2025-07-11,13:00:00,6236.86,6255.34,6233.34,6253.59,4417,6249.627745180421,6223.246690546337,0.06339985325741943,BULLISH_EMA20_PULLBACK,0.19524784963517014,-0.3757841495844787,-0.09994259297459537
2025-07-14,09:00:00,6222.59,6241.84,6217.86,6241.36,2895,6246.304263169176,6226.658773593945,-0.07915501648438394,BULLISH_EMA20_PULLBACK,0.09581245113245307,0.42186318366509745,0.8240191240370737
2025-07-14,13:00:00,6241.61,6255.59,6235.11,6247.34,3538,6246.402904772112,6227.469802080457,0.0150021579167083,BULLISH_EMA20_PULLBACK,0.3324614956125251,0.6037769674773624,0.47940403435701945
2025-07-16,17:00:00,6241.84,6258.49,6201.1,6251.41,10558,6252.169521313947,6239.687455027565,-0.012148124124886113,BULLISH_EMA20_PULLBACK,0.10573614592548854,0.1583642730200154,0.7041611412465417
2025-07-16,21:00:00,6251.66,6267.8,6247.81,6258.02,2870,6252.726709760238,6240.406378359818,0.08465571078774047,BULLISH_EMA20_PULLBACK,-0.09555738076900477,0.14812991968705,0.6879172645660971
2025-07-17,05:00:00,6251.56,6264.04,6248.56,6261.31,1434,6253.48499370396,6241.664457686245,0.1251303281917013,BULLISH_EMA20_PULLBACK,0.09550717022475429,0.5449338876369304,0.882882336124545
2025-07-22,17:00:00,6288.84,6312.66,6282.84,6303.96,5906,6299.223780529,6277.463313965923,0.07518735063263027,BULLISH_EMA20_PULLBACK,0.09216429038255954,0.3521595949212847,0.6662478822835171
2025-07-30,01:00:00,6373.56,6381.96,6373.06,6380.16,1263,6382.698221083099,6351.969972466192,-0.03976721121978249,BULLISH_EMA20_PULLBACK,0.051722840806503,-0.03918397030795466,0.5908942722439534
2025-07-30,05:00:00,6380.26,6384.66,6378.66,6383.46,902,6382.7707714561375,6353.2048755067335,0.010798265652039347,BULLISH_EMA20_PULLBACK,-0.05012955356499168,0.05012955356499168,0.6579503905405533
2025-07-30,17:00:00,6377.46,6389.86,6370.06,6386.66,4194,6382.505047124247,6356.417659259951,0.06509909267718189,BULLISH_EMA20_PULLBACK,0.0986431092308058,0.6075162917706624,-0.5135704734556119
2025-07-30,21:00:00,6386.96,6402.46,6334.46,6392.96,7416,6383.500756921938,6357.850692230149,0.14818268906453969,BULLISH_EMA20_PULLBACK,0.38949094003403173,0.5013327159875892,-0.8900415457002646
2025-08-05,17:00:00,6338.06,6338.06,6289.56,6320.46,7221,6324.356303923301,6334.8577331781735,-0.061607912901494984,BEARISH_EMA20_PULLBACK,-0.3686440543884493,0.02373244985333346,0.3354186245937767
2025-08-06,09:00:00,6321.76,6332.76,6312.16,6315.06,3597,6320.1224216431865,6331.33587727597,-0.08010005669905845,BEARISH_EMA20_PULLBACK,-0.1092626198325993,0.4655537714605979,1.2335591427476482
2025-08-07,21:00:00,6326.16,6350.66,6309.96,6347.66,3771,6340.132183303716,6337.833471803928,0.11873280364891202,BULLISH_EMA20_PULLBACK,0.17801835637069696,0.18904604216356893,0.822350283411522
2025-08-12,01:00:00,6377.06,6383.26,6370.26,6381.56,2511,6372.249334231492,6356.152825892434,0.14611270338233448,BULLISH_EMA20_PULLBACK,-0.056412538626924504,0.1504334363384416,0.9026006180306924
2025-08-18,13:00:00,6439.46,6453.76,6439.26,6442.76,2975,6450.022847927327,6420.271131228392,-0.11260189457562926,BULLISH_EMA20_PULLBACK,0.0077606491627811676,0.010864908827890813,0.0062085193302192886
2025-08-18,21:00:00,6443.06,6454.06,6439.76,6446.96,1978,6449.148408394025,6422.183923905948,-0.03393329251310993,BULLISH_EMA20_PULLBACK,-0.054289153337386924,-0.021715661334949128,-0.4948068547036066
2025-08-19,09:00:00,6434.66,6448.56,6434.56,6445.56,1864,6447.131978530895,6424.3484390137355,-0.024382602002401468,BULLISH_EMA20_PULLBACK,-0.03723493381491361,-0.4731939505644195,-0.6298909637021509
2025-08-26,05:00:00,6426.26,6439.26,6426.26,6437.36,2277,6429.714690830104,6420.708289917338,0.11890588521446259,BULLISH_EMA20_PULLBACK,-0.05592354629847413,0.06990443287310326,0.4893310301117228
2025-08-26,13:00:00,6433.86,6441.76,6427.76,6437.86,3247,6430.839009953895,6421.872665932921,0.10917689021973098,BULLISH_EMA20_PULLBACK,0.0621324477388449,0.5514254736822485,0.4458003125262235
2025-08-29,21:00:00,6458.76,6467.66,6450.96,6462.86,2707,6470.904388261449,6451.988495168574,-0.12431628994614707,BULLISH_EMA20_PULLBACK,0.15318295615254773,0.08355433971957534,-0.0866489448943572
2025-09-01,01:00:00,6465.36,6480.06,6465.36,6472.76,2095,6471.0811131889295,6452.803063985493,0.025944456292610846,BULLISH_EMA20_PULLBACK,-0.2518245694263372,-0.09115122451628896,-0.31207707376760174
2025-09-01,09:00:00,6456.06,6473.76,6448.16,6468.26,3168,6469.552566578694,6453.547003702103,-0.01997922677637224,BULLISH_EMA20_PULLBACK,-0.021644151595646213,-0.1700611911085825,-1.0219131574797606
2025-09-01,17:00:00,6466.56,6472.56,6466.06,6471.06,929,6469.4641191267765,6454.735392498559,0.024667898976450473,BULLISH_EMA20_PULLBACK,-0.21325717888568768,-0.6907678185645122,-0.5578684172299494
2025-09-03,21:00:00,6421.66,6452.46,6416.36,6450.66,3116,6441.703733139267,6445.080558329897,0.13903568421903337,BULLISH_EMA20_PULLBACK,0.07596121947212449,0.14882198100660032,0.8123199796610044
2025-09-05,21:00:00,6460.86,6484.26,6458.06,6480.26,3331,6474.328732190116,6460.803672734311,0.0916120891482388,BULLISH_EMA20_PULLBACK,0.21295441849555702,0.2777666328202881,0.28085292874051065
2025-09-17,09:00:00,6604.96,6612.46,6593.36,6605.96,2212,6598.216807383438,6560.9965385720725,0.1173528067143407,BULLISH_EMA20_PULLBACK,0.01362406069669868,-0.024220552349701843,0.7417544157094502
2025-09-17,13:00:00,6605.66,6615.26,6599.36,6606.86,2513,6599.039968585016,6562.795105686893,0.11850256176975883,BULLISH_EMA20_PULLBACK,-0.04843450595290075,0.24519968638658496,0.32390575856005044
2025-09-17,21:00:00,6604.16,6625.26,6550.06,6604.36,9939,6599.944736188641,6565.964801520274,0.06689849669723165,BULLISH_EMA20_PULLBACK,0.2831462851813155,0.766160536372947,0.522382183890642
2025-09-23,21:00:00,6657.66,6661.96,6645.16,6659.76,3393,6661.999854615121,6625.232521822458,-0.03362135490845264,BULLISH_EMA20_PULLBACK,-0.01351400050453088,0.1546602279962068,-0.29280334426465815
2025-09-24,05:00:00,6658.76,6666.86,6657.56,6666.86,963,6662.192171238228,6628.131981889935,0.07006445689038014,BULLISH_EMA20_PULLBACK,0.04799860804037775,-0.5384843839528599,-0.3644894298065247
2025-09-24,09:00:00,6666.96,6672.06,6659.56,6670.06,2022,6662.941488263159,6629.776217894251,0.10683737429453176,BULLISH_EMA20_PULLBACK,-0.19939850616036708,-0.44677259275029285,-0.5712092544894702
2025-09-25,01:00:00,6640.56,6649.66,6639.06,6647.56,1320,6656.592830620695,6631.849993472921,-0.13569750847826004,BULLISH_EMA20_PULLBACK,-0.07521556781736456,-1.006384297396346,-0.6513668172983799
2025-09-29,21:00:00,6654.06,6662.76,6643.46,6655.86,2519,6646.307171544362,6634.84158433219,0.1437313715582886,BULLISH_EMA20_PULLBACK,0.012019483582890594,-0.11418509403742648,0.24339454255349013
2025-09-30,13:00:00,6648.36,6657.16,6643.16,6654.96,3168,6649.016204682373,6637.768069596128,0.08939360552980555,BULLISH_EMA20_PULLBACK,-0.08114248620577187,0.1187084520417799,0.08715304073954136
2025-10-01,13:00:00,6650.46,6677.06,6646.06,6660.76,4286,6652.996631856052,6642.073084830807,0.11668979519357629,BULLISH_EMA20_PULLBACK,0.6365639957001848,0.900798107122911,0.8602621923023825
2025-10-07,21:00:00,6711.9,6725.4,6706.4,6724.8,9343,6724.422819013622,6697.8275314269595,0.00560912061198528,BULLISH_EMA20_PULLBACK,-0.04669283844873197,-0.011004044729951548,0.46187247204377063
2025-10-08,01:00:00,6720.56,6723.46,6711.66,6721.66,1881,6724.159693393277,6698.762138037668,-0.037174807072668445,BULLISH_EMA20_PULLBACK,-0.05504592615514349,0.07884956989791483,0.46565878071786104
2025-10-08,09:00:00,6718.16,6727.66,6712.36,6724.06,2293,6723.615984841208,6700.477544570719,0.006603814967919232,BULLISH_EMA20_PULLBACK,0.043128704978831776,0.4729285580437901,0.4431846235756265
2025-10-08,13:00:00,6724.16,6729.66,6717.66,6726.96,2668,6723.9344624753785,6701.516072234613,0.04499653501244428,BULLISH_EMA20_PULLBACK,0.35231367512219214,0.3865044537205513,0.23784889459726233
2025-10-09,21:00:00,6724.96,6736.86,6716.66,6733.16,2871,6735.32540646684,6713.656530240238,-0.032149990329509236,BULLISH_EMA20_PULLBACK,0.22129282535986888,-0.06237784339002516,-3.338699808113875
2025-10-15,01:00:00,6655.36,6658.46,6643.16,6654.16,3948,6657.324842296502,6679.043227503824,-0.047539249946079463,BEARISH_EMA20_PULLBACK,0.23443980908184303,0.7874773074287446,0.27802156846243553
2025-10-15,17:00:00,6707.06,6724.86,6610.66,6664.66,9090,6665.546996225454,6679.523104185268,-0.013307178329943496,BEARISH_EMA20_PULLBACK,0.1275383890551056,0.15904787340990184,-0.384115618801251
2025-10-16,01:00:00,6677.96,6685.46,6662.46,6672.66,4090,6666.88042094646,6679.01421497456,0.08669090622026863,BEARISH_EMA20_PULLBACK,0.038964970491533565,0.2622642244622085,-0.9531431243312181
2025-10-22,21:00:00,6667.36,6706.66,6658.66,6699.46,5606,6709.352622370749,6693.90613147826,-0.14744525929020236,BULLISH_EMA20_PULLBACK,0.1701629683586384,0.055228331835697475,0.6164675958957914
2025-10-23,01:00:00,6697.06,6711.96,6681.36,6710.86,3829,6709.496182144962,6694.570989067348,0.020326680543713626,BULLISH_EMA20_PULLBACK,-0.010430853869695063,0.16540353993378443,0.5796574507589273
2025-10-31,01:00:00,6864.56,6872.86,6857.06,6872.46,3510,6871.535912604972,6821.316642725382,0.01344804723109013,BULLISH_EMA20_PULLBACK,-0.12077189245190488,-0.2531844492365126,-0.20953195798883711
2025-10-31,09:00:00,6863.86,6875.06,6862.16,6868.66,3462,6870.626450000896,6824.787489113281,-0.028621116505256828,BULLISH_EMA20_PULLBACK,-0.19800077453243364,-0.3945456610168425,-0.037853089248841176
2025-11-03,01:00:00,6853.26,6868.86,6852.66,6858.06,2837,6862.617659260117,6827.946288340543,-0.06641283962492862,BULLISH_EMA20_PULLBACK,-0.11519292627945141,-0.17935101180217408,-0.4972251628011473
2025-11-03,09:00:00,6849.86,6872.36,6843.16,6866.06,3745,6861.8720521381,6830.277907845308,0.06103214735103309,BULLISH_EMA20_PULLBACK,-0.2956571891303044,-0.17040340457264758,-1.1855416352318584
2025-11-03,17:00:00,6846.76,6863.36,6819.76,6857.16,6998,6860.034945174273,6831.915438960625,-0.041908608297916934,BULLISH_EMA20_PULLBACK,-0.04083323125025786,-0.9537476156309557,-1.0995805843818671
2025-11-05,21:00:00,6827.86,6827.86,6792.76,6801.56,3222,6809.422985096855,6815.591446962854,-0.11547212023784614,BEARISH_EMA20_PULLBACK,-0.10144731502773695,-0.004410752827295236,-0.9233175918465789
2025-11-24,05:00:00,6644.66,6645.66,6629.36,6635.66,4831,6631.979315401311,6682.187075679068,0.055499036164676795,BEARISH_EMA20_PULLBACK,-0.2908527561689445,1.0775115060144733,0.9268105960823793
2025-12-08,21:00:00,6832.36,6856.16,6828.16,6855.96,3573,6857.775191567787,6828.09409666542,-0.02646910283701272,BULLISH_EMA20_PULLBACK,-0.011668679513885465,-0.03208886866317508,-0.23629076015612427
2025-12-09,13:00:00,6853.56,6856.86,6837.36,6855.66,4718,6856.816025937268,6832.052449550414,-0.016859515158278576,BULLISH_EMA20_PULLBACK,-0.0598045994112814,-0.22025596368547237,-0.1925416371290265
2025-12-10,05:00:00,6840.76,6847.26,6838.06,6844.86,1619,6852.576158679617,6833.832752673672,-0.11260230460691657,BULLISH_EMA20_PULLBACK,-0.15193882709068757,-0.08035226432680873,-0.19722828516580324
2025-12-10,13:00:00,6834.26,6849.26,6823.96,6842.46,4666,6850.051685449755,6834.194709407723,-0.11082668859097962,BULLISH_EMA20_PULLBACK,-0.04530534339989366,0.03799802994829876,-0.09353361218040933
2025-12-11,09:00:00,6831.56,6851.76,6822.56,6846.56,5149,6849.661577177071,6836.984394916502,-0.04528073602066976,BULLISH_EMA20_PULLBACK,-0.15336168820546375,1.0530835923441764,0.6923184781846596
2025-12-15,09:00:00,6846.16,6861.36,6838.16,6860.36,3816,6860.528221974961,6849.02229164039,-0.0024520265716874564,BULLISH_EMA20_PULLBACK,-0.4161589187739313,-0.64500988286329,-0.8592843524246515
2025-12-29,21:00:00,6898.46,6912.89,6894.91,6906.99,5266,6904.465911683952,6874.866527923777,0.03655732895684761,BULLISH_EMA20_PULLBACK,-0.09845098950483759,-0.0728247760601904,-0.16360237961833132
2025-12-30,05:00:00,6900.21,6907.76,6899.99,6902.44,4315,6903.904521809312,6876.9019736812725,-0.021212949928354735,BULLISH_EMA20_PULLBACK,-0.00695406262132758,0.007968196753614402,-0.3122084364369596
2025-12-30,13:00:00,6901.93,6910.78,6894.46,6906.68,6785,6904.001297898326,6879.013871129849,0.0387992699608823,BULLISH_EMA20_PULLBACK,-0.053426537786613965,-0.26047247013037655,-0.332287003306954
2026-01-02,09:00:00,6875.91,6890.71,6872.98,6888.36,6322,6887.409465372911,6879.473573873874,0.013801047140696784,BULLISH_EMA20_PULLBACK,-0.051536214715828914,-0.5352507708656327,-0.20106382360967567
2026-01-08,09:00:00,6899.56,6915.31,6894.51,6908.16,7792,6915.711200608827,6899.9824233487425,-0.10918906804787748,BULLISH_EMA20_PULLBACK,-0.029675050954236466,0.3314920326107175,0.2427563924402509
2026-01-08,17:00:00,6906.21,6930.31,6902.19,6913.04,13042,6914.629486212668,6900.725358885172,-0.022987294052953116,BULLISH_EMA20_PULLBACK,0.2606667978197788,0.12223276590327581,0.804566442549152
2026-01-09,05:00:00,6920.81,6923.49,6916.09,6921.49,5437,6917.081726156214,6903.3881204625795,0.06373025530573269,BULLISH_EMA20_PULLBACK,0.049700281297820406,0.6815006595400712,0.03424118217320102
2026-01-09,09:00:00,6921.59,6927.33,6914.76,6924.93,6938,6917.829180808004,6904.232900052282,0.10264519412673619,BULLISH_EMA20_PULLBACK,0.18556144249832784,0.5488864147363122,-0.10209489482205045
2026-01-13,21:00:00,6951.19,6963.94,6936.96,6958.99,7216,6948.8371527224035,6927.6684179338745,0.14610857981638842,BULLISH_EMA20_PULLBACK,-0.05144424693813222,-0.38123348359459847,-0.578388530519515
2026-01-15,05:00:00,6920.86,6938.34,6916.51,6934.66,7655,6936.454539225322,6927.580788660618,-0.025871130779770296,BULLISH_EMA20_PULLBACK,0.22639898711688558,0.5155263560145703,0.4383776565830271
2026-01-16,17:00:00,6941.08,6956.51,6922.26,6948.41,12325,6947.439384263062,6936.004463109671,0.01397084138851004,BULLISH_EMA20_PULLBACK,-0.12664767910932404,-1.0077125558221165,-1.048441298081136
2026-01-26,05:00:00,6889.99,6905.89,6889.99,6900.86,7946,6892.65234387916,6895.643507402406,0.11907834185381765,BULLISH_EMA20_PULLBACK,0.007245473752546784,0.8085948707842237,0.9792982323942222
2026-01-26,09:00:00,6901.11,6917.11,6888.88,6901.36,8915,6893.481644462097,6895.867683582704,0.11428703149200933,BULLISH_EMA20_PULLBACK,0.6081410040919508,0.6321942341799314,0.9490882956402796
2026-01-29,21:00:00,6926.14,6972.14,6922.59,6961.34,9475,6960.321587911709,6938.694108212083,0.014631681531211008,BULLISH_EMA20_PULLBACK,-0.4309515122088563,-0.7507175342678309,-0.40696187802922895
2026-02-17,21:00:00,6857.21,6865.91,6835.89,6845.59,9754,6847.12818737647,6877.434881877651,-0.022464708332842618,BEARISH_EMA20_PULLBACK,-0.05112780636877172,0.5272007233854226,0.43633930749577304
2026-02-19,09:00:00,6889.39,6895.66,6849.76,6856.18,9673,6862.701484150227,6875.995844546483,-0.09502794439315601,BEARISH_EMA20_PULLBACK,0.13972795346679823,-0.01196001271846157,0.16962798526293227
2026-02-19,17:00:00,6865.53,6877.61,6831.09,6853.36,15932,6862.075364576489,6874.7225000984645,-0.12700770704850975,BEARISH_EMA20_PULLBACK,0.029182765825813906,0.41337387792265295,0.8029638016972793
2026-02-20,09:00:00,6881.66,6889.43,6867.56,6867.81,8214,6864.655388582805,6873.96221870276,0.045954403223821834,BEARISH_EMA20_PULLBACK,-0.05241845653855252,0.5966967635971228,0.35600868399096386
2026-02-20,13:00:00,6867.66,6868.51,6832.13,6864.21,12463,6864.612970622538,6873.579778753632,-0.005870259900490217,BEARISH_EMA20_PULLBACK,0.6436283272219279,-0.05929305775900954,0.24649595510626965
2026-03-04,13:00:00,6834.51,6849.01,6804.71,6826.61,13213,6826.273816624501,6851.013543110028,0.004924844571574989,BEARISH_EMA20_PULLBACK,0.7866276233738376,0.4497107642006901,0.5566452455904175
2026-03-10,13:00:00,6814.11,6817.61,6762.71,6769.51,12644,6763.996649611732,6799.272656093731,0.08151024717885523,BEARISH_EMA20_PULLBACK,0.9365522763095059,0.6189517409679524,0.3146461117569836
2026-03-16,17:00:00,6718.51,6724.51,6680.91,6697.21,13913,6699.575339388232,6741.483990332098,-0.03530581071797162,BEARISH_EMA20_PULLBACK,-0.03732897729054337,-0.4016597956462413,0.4434682502116526
2026-03-16,21:00:00,6697.51,6730.21,6692.51,6694.71,8126,6699.111973732211,6739.6497162014275,-0.06570980974002301,BEARISH_EMA20_PULLBACK,-0.09111671752772507,-0.007468583403911446,0.36446687011087314
2026-03-17,01:00:00,6692.81,6699.11,6681.01,6688.61,5264,6698.111785757714,6737.648158703333,-0.14185767663534427,BEARISH_EMA20_PULLBACK,-0.2735994474188101,0.9045227633245174,0.6369036316962772
2026-03-23,21:00:00,6607.01,6622.81,6570.01,6580.81,8084,6587.0706626606525,6646.016748685276,-0.09504471685936458,BEARISH_EMA20_PULLBACK,-0.48930146896811677,0.004558709338201109,0.2552877229398702
2026-03-25,13:00:00,6609.51,6634.61,6588.81,6589.31,11662,6584.670345462678,6624.3057158906195,0.0704614550752685,BEARISH_EMA20_PULLBACK,0.23978231408143297,-0.033387410821477934,-0.2944162590620345
2026-03-25,21:00:00,6604.91,6610.91,6581.41,6591.51,6866,6587.082981206409,6622.296356729481,0.06720757589089965,BEARISH_EMA20_PULLBACK,-0.06675253469994805,-0.7464147061902329,-1.570201668509947
2026-04-13,01:00:00,6746.21,6769.21,6728.91,6766.71,6418,6769.177756784853,6684.4381879142975,-0.03645578345729712,BULLISH_EMA20_PULLBACK,0.05024598364640477,0.790635330906748,1.7689541889633194
2026-04-13,05:00:00,6766.91,6772.41,6761.71,6770.11,4261,6769.266541852961,6687.797866819619,0.012460111325553002,BULLISH_EMA20_PULLBACK,0.07828528635428644,1.1137189794552904,1.6883034396782355
2026-04-13,09:00:00,6770.11,6781.31,6770.11,6775.41,5323,6769.8516331050605,6691.233636748261,0.08210470769785472,BULLISH_EMA20_PULLBACK,0.6612145980833659,1.6766513022828193,1.7784901577911891
2026-04-21,21:00:00,7082.11,7103.51,7049.81,7090.51,9629,7081.782727607421,6980.381497316275,0.12323552879639718,BULLISH_EMA20_PULLBACK,0.20590902487972593,0.1875746596507188,0.5457999495099762
2026-04-23,21:00:00,7090.01,7118.11,7085.41,7098.31,8665,7100.052021632951,7029.3240917800385,-0.02453533618688031,BULLISH_EMA20_PULLBACK,0.36910194116627504,0.185959756618122,0.921346066880703
2026-04-28,21:00:00,7132.8,7144.47,7130.02,7140.74,5932,7144.474309071935,7092.588523419887,-0.0522684932492975,BULLISH_EMA20_PULLBACK,0.08486515403166059,-0.0389315393082474,-0.41900419284275964
2026-04-29,01:00:00,7144.53,7156.31,7138.18,7146.8,5329,7144.695803446036,7094.71446367793,0.029451170656551385,BULLISH_EMA20_PULLBACK,0.09458778754128028,-0.24472491184865647,0.3062909274080626
2026-04-29,05:00:00,7147.29,7155.56,7146.97,7153.56,4387,7145.540012641652,7097.022131768993,0.11223766635075971,BULLISH_EMA20_PULLBACK,-0.21807323905859965,-0.3630360268174203,-0.5692270701580787
2026-04-30,09:00:00,7112.54,7153.51,7103.26,7140.5,11671,7139.1194296840595,7105.718358592905,0.01933810366303997,BULLISH_EMA20_PULLBACK,-0.08388768293536562,1.0646313283383577,1.1587423849870426
2026-05-05,01:00:00,7203.27,7211.5,7196.65,7208.46,6296,7204.199954034571,7159.960270883648,0.05913281131297392,BULLISH_EMA20_PULLBACK,0.11514248535748525,0.5432505694697599,1.0114504346281987
2026-05-18,13:00:00,7388.87,7431.62,7364.68,7423.17,13291,7415.618517193458,7380.516476070662,0.10183213698269422,BULLISH_EMA20_PULLBACK,-0.47459508538805484,-0.3902645365793893,-0.7235453317113852
2026-05-20,09:00:00,7355.94,7385.11,7355.3,7381.34,11065,7387.24052273477,7378.482884804249,-0.07987451764445029,BULLISH_EMA20_PULLBACK,-0.030753223669420956,0.44842806319718986,0.6962150503837977
