trade_date,trade_time,open,high,low,close,volume,rsi,recent_low,recent_high,distance_to_recent_low_pct,distance_to_recent_high_pct,signal,forward_1,forward_3,forward_6
2023-03-31,01:00:00,4049.43,4064.19,4048.43,4061.69,1481,84.63380814319946,3994.29,4056.99,1.6874087760277818,0.11584943517238824,DOUBLE_TOP_BEARISH,-0.12950274393171854,0.18465220142354538,0.8346279504344273
2023-04-26,21:00:00,4063.83,4066.09,4048.83,4064.33,3147,15.38603620243832,4060.83,4131.53,0.08618927657646344,-1.6265160848402367,DOUBLE_BOTTOM_BULLISH,0.006397118344234309,0.26474228224578755,1.8600851800911926
2023-05-01,05:00:00,4168.03,4175.91,4167.79,4174.03,1280,83.82044641756005,4070.09,4174.79,2.553751882636492,-0.018204508490252642,DOUBLE_TOP_BEARISH,-0.06564399393391475,0.1811199248687815,-0.17824500542640087
2023-05-01,09:00:00,4173.79,4177.29,4166.79,4171.29,1624,82.40009716992535,4084.59,4175.91,2.122612061430886,-0.11063456827373894,DOUBLE_TOP_BEARISH,-0.021096591222382267,-0.2565153705448391,-0.23254197142849858
2023-05-01,17:00:00,4171.03,4187.59,4166.83,4181.59,4256,82.03585609433225,4113.19,4179.03,1.6629428740223657,0.061258234566404175,DOUBLE_TOP_BEARISH,-0.5022013157674473,-0.35871522554817664,-1.5056473733675475
2023-05-19,13:00:00,4205.63,4215.13,4201.89,4211.89,2659,80.97082365091678,4148.03,4213.39,1.5395259918563893,-0.03560078701473161,DOUBLE_TOP_BEARISH,-0.6244227650769649,-0.588809299388165,-0.3869996604849647
2023-05-24,17:00:00,4115.59,4123.09,4102.83,4115.96,4648,18.284775654880576,4114.33,4210.33,0.039617629115800364,-2.241392004902226,DOUBLE_BOTTOM_BULLISH,0.5741066482667496,0.36127659160924525,0.9385416767898647
2023-05-26,21:00:00,4201.29,4212.53,4195.29,4211.03,2080,80.15122873345933,4124.09,4205.03,2.108101423586769,0.1426862590754406,DOUBLE_TOP_BEARISH,0.1249100576343607,0.10686221660733836,0.11303647801132308
2023-05-29,01:00:00,4227.53,4229.66,4213.79,4216.29,1969,80.71389212024735,4124.09,4212.53,2.2356447119243232,0.08925752457549782,DOUBLE_TOP_BEARISH,0.0474350673222193,-0.08301136781388377,-0.018025325582448508
2023-05-30,09:00:00,4215.79,4230.29,4213.79,4228.29,2643,88.4388517499015,4143.59,4229.66,2.0441211606360623,-0.03239031033226999,DOUBLE_TOP_BEARISH,-0.2632269782820031,-0.4848295646703514,-0.7568071253390851
2023-06-02,21:00:00,4285.09,4290.59,4278.09,4283.23,1995,83.87989483879882,4169.59,4287.09,2.725447825805401,-0.09003776454426154,DOUBLE_TOP_BEARISH,-0.1223375816848449,-0.0466937334675,-0.22226217130528894
2023-06-05,13:00:00,4281.23,4294.73,4279.99,4285.61,2306,84.20403126285478,4212.33,4290.59,1.7396547753855882,-0.11606795335840694,DOUBLE_TOP_BEARISH,0.04620112422736724,-0.23987250356424747,-0.39154286087627543
2023-06-13,01:00:00,4340.49,4345.49,4339.49,4342.99,1488,82.22613286405567,4279.63,4343.23,1.480501819082483,-0.005525841366903934,DOUBLE_TOP_BEARISH,0.1551926207520575,0.3684097822007419,0.6055735794924737
2023-06-13,05:00:00,4343.23,4350.49,4341.23,4349.73,1465,81.61965423111853,4285.63,4345.49,1.4956960820229337,0.09757242566430441,DOUBLE_TOP_BEARISH,-0.05747483177116742,0.47267301648609,0.4437057012734166
2023-06-13,09:00:00,4349.99,4354.49,4347.23,4347.23,2534,83.26757948479835,4291.19,4350.49,1.3059314549111078,-0.07493408788435828,DOUBLE_TOP_BEARISH,0.27051708789275514,0.5589766356967583,0.6224653399981229
2023-06-13,13:00:00,4347.11,4373.73,4334.99,4358.99,4314,85.08790072388756,4298.93,4354.49,1.3970918344797307,0.10334160831693263,DOUBLE_TOP_BEARISH,0.25923436392375715,0.23629326977121268,0.39688092883902426
2023-06-13,17:00:00,4359.49,4375.53,4348.53,4370.29,5227,88.90366711001238,4302.43,4373.73,1.57724820624623,-0.07865140280720576,DOUBLE_TOP_BEARISH,0.028373403138001865,-0.028831038672495837,0.06452661036223475
2023-06-13,21:00:00,4370.03,4372.53,4355.03,4371.53,2667,85.97165505644858,4303.43,4375.53,1.5824586434541623,-0.09141749685180996,DOUBLE_TOP_BEARISH,-0.05124064114851738,0.06313578998657719,0.08463855903996582
2023-06-14,01:00:00,4369.03,4371.79,4365.53,4369.29,1475,87.2288569339504,4303.43,4375.53,1.5304071403508286,-0.14261129508881853,DOUBLE_TOP_BEARISH,-0.005950623556692696,0.16020909575697653,-0.08147776869927151
2023-06-14,05:00:00,4369.53,4370.79,4366.29,4369.03,1272,92.5763062596992,4303.43,4375.53,1.524365448026329,-0.14855343238419116,DOUBLE_TOP_BEARISH,0.12039285608018756,0.09338457277702207,0.03891023865708906
2023-06-14,09:00:00,4368.79,4380.29,4366.79,4374.29,2107,92.67296400306279,4303.43,4375.53,1.6465935312064952,-0.028339424024056096,DOUBLE_TOP_BEARISH,0.04572170569395262,0.021489201676148584,-0.35571487029896054
2023-06-14,13:00:00,4374.53,4379.29,4366.29,4376.29,2735,92.71943176052687,4318.23,4380.29,1.344532366270449,-0.09131815473404728,DOUBLE_TOP_BEARISH,-0.07266428870116677,-0.2413002794604654,0.20428262295230892
2023-07-03,17:00:00,4449.93,4456.39,4445.63,4454.51,2058,83.18127727092363,4394.93,4459.39,1.3556529910601518,-0.10943200751672559,DOUBLE_TOP_BEARISH,-0.0062857643152817,-0.03412272056860208,0.010775595969019341
2023-07-04,01:00:00,4452.23,4454.49,4448.99,4454.23,1117,88.425047438329,4397.69,4459.39,1.2856749793641655,-0.11571089319392928,DOUBLE_TOP_BEARISH,0.0,0.0,-0.06735170837608297
2023-07-04,05:00:00,4453.99,4456.23,4452.49,4454.23,1080,87.73184357541783,4397.69,4459.39,1.2856749793641655,-0.11571089319392928,DOUBLE_TOP_BEARISH,-0.027838706128776057,-0.016613421399428896,-0.4377861044445393
2023-07-04,09:00:00,4453.99,4456.73,4450.49,4452.99,1419,84.62893081760895,4410.69,4459.39,0.9590336205899799,-0.14351738690719013,DOUBLE_TOP_BEARISH,0.027846458222447877,0.04491364229427868,-0.12351251630926637
2023-07-04,13:00:00,4453.23,4454.73,4449.49,4454.23,1212,84.203722854187,4435.89,4459.39,0.41344577976458463,-0.11571089319392928,DOUBLE_TOP_BEARISH,-0.016613421399428896,-0.06735170837608297,-0.14143858758975789
2023-07-04,17:00:00,4453.99,4454.49,4451.49,4453.49,804,83.02554027504816,4441.19,4459.39,0.2769527986868425,-0.13230509105506683,DOUBLE_TOP_BEARISH,0.03368144982923505,-0.42124266586430464,-0.17514353911202635
2023-07-05,01:00:00,4452.99,4455.73,4450.99,4454.99,1118,81.48042297799273,4441.19,4456.73,0.310727530234018,-0.03904207793606034,DOUBLE_TOP_BEARISH,-0.08439974051569629,-0.16835054624140572,-0.26936087398624914
2023-07-12,09:00:00,4442.29,4450.29,4441.03,4449.03,1684,84.74212034383972,4389.39,4444.29,1.3587309398344511,0.1066537062162861,DOUBLE_TOP_BEARISH,0.7925323047945332,0.6059747855150457,0.819504476256623
2023-07-13,05:00:00,4479.23,4484.99,4478.23,4481.99,1340,90.07891770011251,4408.03,4488.49,1.677847020097414,-0.14481484864620398,DOUBLE_TOP_BEARISH,0.07809031256205391,0.41588669318763155,0.6091044379840246
2023-07-13,09:00:00,4481.49,4490.49,4480.23,4485.49,1818,90.45553145336204,4408.03,4488.49,1.7572475686417752,-0.06683762245209414,DOUBLE_TOP_BEARISH,0.24523519169589053,0.45747510305452554,0.48021509355722486
2023-07-13,13:00:00,4485.73,4497.23,4482.99,4496.49,2390,91.12903225806431,4416.53,4490.49,1.8104711164647367,0.13361570786261634,DOUBLE_TOP_BEARISH,0.09207181601650015,0.18992591999537337,0.5319704925397382
2023-07-13,17:00:00,4495.99,4502.89,4491.79,4500.63,2294,91.35899450117816,4436.53,4497.23,1.444822868322774,0.07560209284382934,DOUBLE_TOP_BEARISH,0.11953882012074107,0.1924175059936021,0.25463101832410207
2023-07-13,21:00:00,4500.89,4517.89,4500.13,4506.01,1480,91.69654651821085,4437.29,4502.89,1.5486930085705521,0.06928883450406051,DOUBLE_TOP_BEARISH,-0.021748731139089192,0.02263643445086733,-0.06480234176133813
2023-07-14,13:00:00,4506.79,4524.29,4506.79,4520.41,2163,88.59683794466335,4465.23,4517.89,1.2357706098006216,0.055778250466468345,DOUBLE_TOP_BEARISH,-0.18405410128726618,-0.49951221238781274,-0.22829787563516823
2023-07-19,09:00:00,4555.63,4561.63,4554.13,4559.39,1838,90.67124735729348,4509.33,4562.63,1.110142748479273,-0.07101167528376795,DOUBLE_TOP_BEARISH,0.32899137823261443,0.1206301720186253,-0.010966379274420481
2023-08-01,05:00:00,4596.13,4596.13,4590.63,4591.39,1235,84.5874125874113,4552.93,4597.13,0.8447307557990136,-0.124860510796949,DOUBLE_TOP_BEARISH,-0.2996913788634862,-0.32234247145200434,-0.7579404058465994
2023-08-02,21:00:00,4516.79,4522.53,4504.79,4511.03,2530,16.26148545176156,4511.53,4596.13,-0.011082714733139312,-1.8515577235630927,DOUBLE_BOTTOM_BULLISH,0.2274425131289355,-0.1715794397288376,-0.15606191933992822
2023-08-03,09:00:00,4514.03,4515.29,4487.53,4503.29,3875,10.555460896234635,4504.79,4584.39,-0.03329788957975843,-1.7690466997790404,DOUBLE_BOTTOM_BULLISH,-0.15011247332506275,0.015544191024780064,0.3273162510075918
2023-08-17,01:00:00,4407.23,4408.49,4394.23,4401.23,1919,19.273093614383058,4401.99,4500.03,-0.017264918820811003,-2.195540918616102,DOUBLE_BOTTOM_BULLISH,0.028628360708261517,0.2126678224042048,-0.6166458012873542
2023-08-17,17:00:00,4410.83,4414.09,4391.59,4394.59,5307,16.85058679278322,4394.23,4451.33,0.008192561609214404,-1.274675209431783,DOUBLE_BOTTOM_BULLISH,-0.6885739056430797,-0.5747976489274361,-0.6726452297028938
2023-08-29,21:00:00,4487.13,4500.63,4485.63,4499.39,2122,82.37311821126853,4406.33,4493.89,2.111961655164284,0.12238839846992247,DOUBLE_TOP_BEARISH,0.12223879236963231,-0.20580567588051307,0.43116955854014954
2023-08-30,01:00:00,4500.39,4505.39,4499.63,4504.89,1516,86.28877824588307,4406.33,4500.63,2.236782083956499,0.09465341518854513,DOUBLE_TOP_BEARISH,-0.08879240114630989,0.29301492378281857,0.2974545438401301
2023-08-30,05:00:00,4505.01,4507.63,4499.39,4500.89,1373,82.71604938271625,4407.09,4505.39,2.1283885738662063,-0.09988036551774651,DOUBLE_TOP_BEARISH,-0.23906382959815098,0.264392153551845,0.414140314471125
2023-08-31,01:00:00,4517.03,4519.79,4515.53,4518.29,1085,83.8602550478214,4424.83,4522.03,2.1121715410535558,-0.0827062182249959,DOUBLE_TOP_BEARISH,0.027444010897923365,0.21689621516104945,-0.10534959022108406
2023-08-31,05:00:00,4518.53,4522.53,4515.79,4519.53,1228,81.70180722891556,4424.83,4522.03,2.1401952165393885,-0.05528490523061545,DOUBLE_TOP_BEARISH,-0.06637858361378285,-0.011063097268963809,-0.14913055118562732
2023-08-31,09:00:00,4519.79,4523.29,4514.53,4516.53,1911,82.15962441314528,4443.96,4522.53,1.6330029973267022,-0.132669103355865,DOUBLE_TOP_BEARISH,0.25594870398293385,-0.1439157937620253,0.0996340110660175
2023-08-31,13:00:00,4516.79,4532.53,4516.29,4528.09,3504,82.62793098363053,4485.63,4523.29,0.9465782955794401,0.1061174499092515,DOUBLE_TOP_BEARISH,-0.20008436228079388,-0.32154837911791506,-0.06978659876459731
2023-09-07,13:00:00,4454.69,4456.19,4429.19,4436.13,3317,15.143807474075814,4441.43,4509.63,-0.11933093620748682,-1.629845464040287,DOUBLE_BOTTOM_BULLISH,0.400348952803462,0.34399352588856097,0.5522831837660303
2023-09-15,05:00:00,4511.59,4516.09,4511.59,4514.83,1464,83.19370398578342,4444.16,4511.79,1.5901767713133657,0.06737902251656136,DOUBLE_TOP_BEARISH,-0.10498734171607306,-1.2944008966007492,-1.2855412053167001
2023-09-15,09:00:00,4514.59,4515.33,4506.83,4510.09,2545,82.41951710261614,4453.29,4516.09,1.2754615127243047,-0.13285829113237335,DOUBLE_TOP_BEARISH,-0.6598537944919107,-1.3015261336248238,-1.2429907163715224
2023-09-21,17:00:00,4356.83,4371.53,4349.96,4360.43,4741,18.445988629185052,4356.59,4461.19,0.08814233150239396,-2.258590196786044,DOUBLE_BOTTOM_BULLISH,-0.791206371848648,-0.4838972303190365,-0.6568159562245083
2023-09-22,21:00:00,4332.29,4348.03,4315.79,4319.79,3084,10.701233439926796,4323.93,4392.43,-0.09574623085943405,-1.6537543000116184,DOUBLE_BOTTOM_BULLISH,0.14283101724852534,-0.027779128152058737,0.5208586528511803
2023-10-20,01:00:00,4271.41,4271.79,4261.79,4267.16,2130,19.404537476435166,4266.59,4369.71,0.013359615055576207,-2.34683766199588,DOUBLE_BOTTOM_BULLISH,-0.0030465227458100737,-0.14927961454456573,-0.758584163706069
2023-10-20,05:00:00,4267.03,4273.03,4266.53,4267.03,1447,14.164188394771642,4261.79,4364.03,0.12295303147268594,-2.222716159146477,DOUBLE_BOTTOM_BULLISH,0.0,-0.3116922074604627,-0.78508939473123
2023-10-20,09:00:00,4266.53,4278.03,4257.79,4267.03,3459,14.920588663849841,4261.79,4364.03,0.12295303147268594,-2.222716159146477,DOUBLE_BOTTOM_BULLISH,-0.1462375469588867,-1.0789706189082326,-1.7459450718649743
2023-10-20,13:00:00,4266.53,4276.03,4256.03,4260.79,4220,10.6868012196894,4257.79,4345.03,0.07045908793059309,-1.9387668209425433,DOUBLE_BOTTOM_BULLISH,-0.16569697168835829,-0.6102154764726729,-1.0209374317908182
2023-10-20,17:00:00,4261.29,4264.79,4230.29,4253.73,6671,11.022914482552153,4256.03,4340.09,-0.05404097245555558,-1.9898204875935885,DOUBLE_BOTTOM_BULLISH,-0.7696774360384835,-0.4748773429437181,-0.2915088639852468
2023-10-26,17:00:00,4162.83,4179.53,4126.53,4146.41,7052,19.66524406508387,4150.83,4245.59,-0.1064847271509571,-2.3360710761048593,DOUBLE_BOTTOM_BULLISH,-0.1664090140627588,0.38225838737607626,-0.7722342942448895
2023-11-02,21:00:00,4313.43,4320.79,4307.79,4314.53,2446,91.46994019515255,4172.33,4315.19,3.4081676185728313,-0.015294807412879956,DOUBLE_TOP_BEARISH,0.004635499115774328,-0.06489698762090383,1.0847067930921834
2023-11-03,01:00:00,4310.29,4315.23,4309.16,4314.73,1103,89.72966144517417,4172.33,4320.79,3.412961103268429,-0.14025212981886184,DOUBLE_TOP_BEARISH,0.02920229075748004,0.9849979025338783,1.0443295408982811
2023-11-03,05:00:00,4314.61,4316.73,4313.49,4315.99,594,93.31944263575971,4172.33,4320.79,3.443160056850725,-0.11109079589612507,DOUBLE_TOP_BEARISH,-0.09870273100725949,1.1895300962235813,1.0929126341812672
2023-11-14,17:00:00,4489.09,4505.63,4485.33,4490.89,3749,87.14610456705928,4392.09,4489.09,2.249498530312452,0.04009721346643043,DOUBLE_TOP_BEARISH,0.1975109610789819,0.38834173181706966,0.4172892232942642
2023-11-14,21:00:00,4490.63,4509.13,4485.39,4499.76,1792,86.63012520823253,4392.09,4505.63,2.451452497558112,-0.13028144787743093,DOUBLE_TOP_BEARISH,0.14600778708197124,0.274014614112751,-0.025112450441803765
2023-11-15,01:00:00,4502.59,4506.33,4498.09,4506.33,1043,83.6056931997891,4392.09,4509.13,2.601039596183133,-0.0620962358592496,DOUBLE_TOP_BEARISH,0.04438201374510965,-0.005325841649408315,-0.28448870810614646
2023-11-15,05:00:00,4505.83,4510.33,4504.59,4508.33,630,83.51007423117704,4392.09,4509.13,2.646576003679337,-0.017741781674074197,DOUBLE_TOP_BEARISH,0.08340117072175769,0.02883551115380156,-0.12643262582818512
2023-11-15,09:00:00,4508.46,4513.59,4502.59,4512.09,1919,89.47731347400347,4393.33,4510.33,2.7031886974117634,0.039021535009638286,DOUBLE_TOP_BEARISH,-0.13297607095603145,-0.2983096525113647,-0.22605932062524947
2023-12-11,13:00:00,4598.33,4606.09,4595.59,4606.09,2544,84.13654618473873,4559.21,4610.21,1.0282483149493027,-0.0893668618132339,DOUBLE_TOP_BEARISH,0.2692088083385178,0.3973000961770217,0.2179722932031281
2023-12-11,21:00:00,4618.23,4623.73,4615.23,4621.23,1338,83.0391221374043,4559.21,4619.23,1.360323389359111,0.04329725949995995,DOUBLE_TOP_BEARISH,0.06838006331649288,0.05193422530366474,0.5530994994839123
2023-12-12,05:00:00,4624.63,4626.39,4622.39,4624.39,491,84.4757433489828,4559.21,4626.63,1.429633642670557,-0.04841536928606311,DOUBLE_TOP_BEARISH,-0.01643460002292666,0.20413503186365334,0.5168249217734584
2023-12-12,09:00:00,4624.13,4629.89,4623.13,4623.63,1412,82.60586319218208,4577.63,4626.63,1.004886808239198,-0.06484201243669799,DOUBLE_TOP_BEARISH,-0.16221021145723166,0.5009051329799282,0.5333471752713745
2023-12-12,21:00:00,4633.59,4647.53,4632.09,4646.79,1327,85.16949152542358,4595.59,4642.26,1.1141115721811523,0.09758178128755704,DOUBLE_TOP_BEARISH,0.05896543635498444,0.0322803483695196,1.2533383260272097
2023-12-13,01:00:00,4649.29,4651.03,4648.03,4649.53,847,83.16455696202509,4595.59,4647.53,1.1737339492861547,0.04303361140218568,DOUBLE_TOP_BEARISH,-0.026669362279623573,-0.06882416072161741,1.6266160235550715
2023-12-13,05:00:00,4649.29,4650.79,4648.03,4648.29,390,80.28207214537564,4595.59,4651.03,1.146751559647397,-0.05891168192851437,DOUBLE_TOP_BEARISH,0.0,-0.05937667400270246,1.6616863405682474
2023-12-13,09:00:00,4648.03,4651.53,4648.03,4648.29,1163,82.71622188067634,4600.73,4651.03,1.0337489920077987,-0.05891168192851437,DOUBLE_TOP_BEARISH,-0.04216604385698905,1.2206639430844415,1.5648765459986316
2023-12-13,13:00:00,4648.41,4655.33,4644.59,4646.33,1790,81.76795580110513,4607.39,4651.53,0.8451639648477683,-0.11179117408680193,DOUBLE_TOP_BEARISH,-0.017217890248866996,1.6966078603973442,1.8715846700514176
2023-12-14,05:00:00,4725.29,4727.53,4721.03,4725.53,837,90.48284427883857,4607.39,4727.79,2.564141520470362,-0.047802461615262484,DOUBLE_TOP_BEARISH,-0.09522741364460706,-0.4951825509519491,-0.002962630646708791
2023-12-14,09:00:00,4725.79,4727.03,4713.79,4721.03,2296,87.12354025814363,4614.89,4727.79,2.299946477597503,-0.14298435421201489,DOUBLE_TOP_BEARISH,0.25968909326990547,-0.1037909100344551,0.24570909314281766
2023-12-14,13:00:00,4720.91,4738.53,4716.91,4733.29,3197,88.23198988906037,4632.09,4727.79,2.184758931713326,0.11633342428491958,DOUBLE_TOP_BEARISH,-0.6583158859905025,-0.243593779379665,-0.466060604780193
2023-12-19,21:00:00,4760.93,4768.69,4757.43,4765.31,1118,82.05310573731688,4718.66,4764.19,0.98862812747688,0.023508718166168865,DOUBLE_TOP_BEARISH,0.0709292784729472,-0.13892065783759713,-1.3808125809233855
2023-12-20,01:00:00,4764.93,4768.93,4764.69,4768.69,430,87.36462093862808,4718.66,4768.69,1.0602586327474273,0.0,DOUBLE_TOP_BEARISH,-0.013211175396161203,-0.07884764998352396,-1.1973938335265966
2023-12-20,05:00:00,4768.93,4771.69,4767.43,4768.06,405,84.90438084904461,4721.29,4768.93,0.9906190892743391,-0.018243085975258408,DOUBLE_TOP_BEARISH,-0.19651598343982246,0.0278939442876123,-1.0220089512296504
2023-12-28,05:00:00,4794.33,4794.59,4791.33,4793.83,479,87.90459965928403,4757.53,4794.59,0.7630009689902152,-0.01585119895549397,DOUBLE_TOP_BEARISH,-0.17731125217206284,-0.10430073657180167,-0.04797833882303256
2024-01-03,17:00:00,4715.96,4727.09,4704.03,4718.23,4281,17.760897088080654,4713.83,4781.39,0.0933423564277803,-1.3209547851148047,DOUBLE_BOTTOM_BULLISH,-0.2649298571710154,-0.0898642075524038,-0.23398604985344004
2024-01-03,21:00:00,4717.86,4728.73,4698.73,4705.73,3466,16.388518024031654,4704.03,4781.39,0.03613922530255585,-1.5823850386603218,DOUBLE_BOTTOM_BULLISH,0.05865189885523008,0.13812947194165412,-0.2890093566779109
2024-01-04,13:00:00,4711.99,4715.49,4698.49,4705.33,2924,19.16756951968192,4698.73,4748.21,0.14046348694222408,-0.9030771596033055,DOUBLE_BOTTOM_BULLISH,0.03952963979146357,-0.24865418578505263,-0.09436107563124371
2024-01-05,05:00:00,4693.89,4695.39,4683.13,4685.89,779,16.081805990164995,4687.19,4735.83,-0.027735167552398615,-1.0545142034236785,DOUBLE_BOTTOM_BULLISH,-0.14938464197836482,0.32437807972444543,0.1118250748523713
2024-01-05,09:00:00,4686.01,4688.89,4674.13,4678.89,1955,15.560121107266028,4683.13,4728.73,-0.09053773864914665,-1.0539827818462724,DOUBLE_BOTTOM_BULLISH,0.4701969911667083,0.3996674424916981,0.16542385052864633
2024-01-17,17:00:00,4727.93,4743.13,4713.89,4721.63,4632,18.20477948319339,4726.19,4782.59,-0.0964836369252927,-1.274623164436007,DOUBLE_BOTTOM_BULLISH,0.3282764638482897,0.4172287959878224,0.7349156964861672
2024-01-22,05:00:00,4852.33,4853.59,4849.09,4850.59,795,94.9524564183836,4740.33,4857.46,2.3259984009552124,-0.14143194179673926,DOUBLE_TOP_BEARISH,0.06184814630797491,0.07215617069263738,0.05442636875100592
2024-01-22,09:00:00,4850.33,4856.46,4847.83,4853.59,2020,95.03275109170313,4740.33,4857.46,2.389285134157331,-0.07967126852305301,DOUBLE_TOP_BEARISH,0.2781446310875043,-0.05274446337660165,-0.06387024862010107
2024-01-23,21:00:00,4855.49,4871.99,4851.73,4871.23,1680,82.12597748560609,4843.33,4868.59,0.5760499491052569,0.05422514526791983,DOUBLE_TOP_BEARISH,0.08006191454726108,0.29561322294370307,0.00533746096982114
2024-01-30,13:00:00,4923.59,4927.83,4915.33,4927.83,1554,82.70900520962567,4876.13,4931.33,1.0602670560464922,-0.07097476745624405,DOUBLE_TOP_BEARISH,-0.10552312072453429,-0.4553728517420365,-0.7394735613850234
2024-02-08,05:00:00,4993.03,4995.53,4992.29,4995.03,419,82.79645191409911,4934.13,4999.79,1.2342601431255285,-0.09520399856794422,DOUBLE_TOP_BEARISH,-0.09489432495900489,0.0012011939868309136,0.021221093767212616
2024-02-08,17:00:00,4992.79,4997.09,4986.33,4995.09,3196,80.93034019902832,4949.83,4999.79,0.9143748371156226,-0.09400394816581933,DOUBLE_TOP_BEARISH,0.024824377538738677,0.02001965930543794,0.5205111419413864
2024-02-08,21:00:00,4995.33,5000.79,4989.33,4996.33,1437,80.76114872752771,4949.83,4999.79,0.9394262025160461,-0.06920290652207466,DOUBLE_TOP_BEARISH,-0.004803525787923971,0.1653213458678714,0.560411341924973
2024-02-09,13:00:00,5004.33,5024.59,4998.33,5009.83,2373,85.69607343192308,4983.79,5005.59,0.5224939253058408,0.08470529947518238,DOUBLE_TOP_BEARISH,0.2247581255252218,0.31058938127641855,0.36049127415501925
2024-02-09,17:00:00,5010.33,5023.33,5005.09,5021.09,2938,90.51903114186915,4983.79,5024.59,0.7484263983835632,-0.06965742478490783,DOUBLE_TOP_BEARISH,0.06452782164828318,0.05576478414049901,0.26886592353453137
2024-02-09,21:00:00,5020.83,5030.59,5020.59,5024.33,1353,87.90108919635045,4983.79,5024.59,0.8134371632833639,-0.005174551555454639,DOUBLE_TOP_BEARISH,0.0210973403419043,0.050952067240814206,-0.1367346491970052
2024-02-12,01:00:00,5022.13,5027.13,5021.39,5025.39,506,82.24622030237694,4983.79,5030.59,0.8347061172320737,-0.10336759704129769,DOUBLE_TOP_BEARISH,-0.029848429674114843,0.049747382790191405,-0.16516131086343908
2024-02-12,09:00:00,5023.63,5028.13,5023.39,5026.89,955,86.23034424139475,4986.33,5030.59,0.8134239009451921,-0.07355002097169155,DOUBLE_TOP_BEARISH,0.019893015363375764,-0.18759113487663923,-0.4436142426032831
2024-02-12,13:00:00,5026.63,5028.63,5022.13,5027.89,1030,85.85770405936358,4989.33,5030.59,0.7728492603215341,-0.05367163692528745,DOUBLE_TOP_BEARISH,0.13325669415997204,-0.21480183536235242,-1.5573133063770326
2024-02-12,17:00:00,5028.13,5048.59,5023.59,5034.59,2848,96.35830891586481,4994.83,5030.59,0.7960230878728649,0.07951353618561639,DOUBLE_TOP_BEARISH,-0.34024617694787673,-0.2931718372300469,-1.7081827914487573
2024-02-16,01:00:00,5034.29,5034.53,5024.29,5030.03,749,86.26001780943876,4955.79,5036.79,1.4980457202585216,-0.1342124646848532,DOUBLE_TOP_BEARISH,0.029820895700423258,-0.44731343550634894,-0.46600119681193947
2024-02-16,05:00:00,5030.53,5031.53,5028.03,5031.53,451,85.41587901701298,4955.79,5036.79,1.5283133466107277,-0.10443159234354059,DOUBLE_TOP_BEARISH,0.20868403845351216,0.05286662307488686,-0.4213430109728019
2024-02-16,09:00:00,5031.29,5043.79,5030.53,5042.03,952,89.029126213592,4955.79,5036.79,1.7401867310761714,0.10403451404564776,DOUBLE_TOP_BEARISH,-0.6842482095505185,-0.8238745108616959,-0.6683815844015172
2024-02-22,21:00:00,5082.39,5095.13,5079.13,5081.33,4979,82.71926559980128,4944.83,5082.63,2.760458903541679,-0.025577309385105388,DOUBLE_TOP_BEARISH,0.14759915219046982,0.05903966087618793,0.06022045409371956
2024-02-23,01:00:00,5084.59,5090.59,5080.59,5088.83,1773,87.39297679612827,4944.83,5095.13,2.9121324696703423,-0.12364748298866136,DOUBLE_TOP_BEARISH,0.02476011185282704,0.35882511304170545,-0.16899758883673388
2024-02-23,05:00:00,5088.59,5092.33,5088.09,5090.09,901,87.00268645260299,4944.83,5095.13,2.9376136287799626,-0.09891798639092553,DOUBLE_TOP_BEARISH,-0.11316106394975764,0.09430088662479802,-0.21080177364251854
2024-03-21,05:00:00,5237.83,5248.33,5237.83,5247.83,628,82.18745891941613,5121.96,5241.83,2.4574576919772877,0.11446384182623244,DOUBLE_TOP_BEARISH,-0.08079530015263037,0.009527747659508787,-0.052212057174104
2024-03-21,09:00:00,5248.09,5254.33,5241.09,5243.59,1848,84.72692776799026,5131.59,5248.33,2.18255940166693,-0.09031444287992146,DOUBLE_TOP_BEARISH,0.2025329974311472,0.06178972802983798,0.0858190667081141
2024-03-21,13:00:00,5243.33,5260.09,5240.59,5254.21,2474,85.1671492498026,5163.29,5254.33,1.7608927641097067,-0.002283830669179341,DOUBLE_TOP_BEARISH,-0.11191025863070013,-0.21658822163560476,-0.33078236309550074
2024-04-24,05:00:00,5086.26,5093.13,5085.13,5091.89,1140,85.23042754025532,4968.83,5086.39,2.476639369831538,0.10813170047912174,DOUBLE_TOP_BEARISH,-0.363322852614648,-0.23566887737166356,-1.111571538269687
2024-05-01,09:00:00,5031.96,5033.83,5010.33,5014.83,2306,13.976717447542285,5020.83,5121.09,-0.11950215402632633,-2.07494888783443,DOUBLE_BOTTOM_BULLISH,0.16211915458749568,0.22533166627782364,0.6939417687139979
2024-05-03,17:00:00,5130.96,5140.33,5100.39,5128.13,6697,85.47720440881783,5007.89,5134.83,2.401011204319579,-0.13048143755489117,DOUBLE_TOP_BEARISH,0.12675185691470378,0.07917115985748198,0.6992802444555748
2024-05-03,21:00:00,5128.39,5135.63,5126.39,5134.63,1984,85.3274280291049,5007.89,5140.33,2.5308063875204883,-0.11088782237715902,DOUBLE_TOP_BEARISH,-0.006232191998249318,0.1421718799601954,0.8588739597595046
2024-05-06,01:00:00,5137.19,5139.31,5129.93,5134.31,1295,85.02547770700673,5007.89,5140.33,2.5244164708090646,-0.11711310363341511,DOUBLE_TOP_BEARISH,-0.04129084531321249,0.440565528766278,0.8949595953497123
2024-05-06,09:00:00,5131.93,5142.19,5131.69,5141.93,1642,82.92016526722641,5007.89,5140.33,2.676576362499974,0.031126406281315865,DOUBLE_TOP_BEARISH,0.29171925716608355,0.7156845775807774,0.8012555596828391
2024-05-06,17:00:00,5157.19,5165.23,5152.23,5163.99,2957,84.57491836981485,5072.83,5158.43,1.7970245405424559,0.1077847329516828,DOUBLE_TOP_BEARISH,0.28543819798256354,0.317583883779801,0.3880720140821335
2024-05-07,01:00:00,5177.89,5181.89,5176.39,5180.26,997,94.24535522928093,5072.83,5181.23,2.1177528125326552,-0.01872142329136798,DOUBLE_TOP_BEARISH,0.0025095265488625884,0.13261882608208644,0.12451112492422808
2024-05-07,05:00:00,5180.39,5182.89,5178.89,5180.39,633,92.74370448363574,5079.21,5181.89,1.9920420695344412,-0.028946967226243705,DOUBLE_TOP_BEARISH,0.0528917706967966,0.07026498004975336,0.1316503197635643
2024-05-07,09:00:00,5180.51,5187.13,5176.39,5183.13,1453,93.61187845303826,5100.39,5182.89,1.6222288883791194,0.004630621139938947,DOUBLE_TOP_BEARISH,0.07717344538917603,0.04977687227601714,0.09067879833227833
2024-05-07,13:00:00,5182.63,5194.13,5178.89,5187.13,1937,95.82410090335733,5126.39,5187.13,1.1848493774371396,0.0,DOUBLE_TOP_BEARISH,-0.05976329877987179,-0.00809696306049921,-0.19355597411285166
2024-05-15,05:00:00,5249.59,5253.33,5247.59,5249.46,441,80.12979576255016,5194.21,5250.13,1.0636843716368802,-0.012761588760660646,DOUBLE_TOP_BEARISH,-0.04057560206192845,0.9873396501735403,1.2667969657831473
2024-05-15,21:00:00,5301.03,5312.79,5298.03,5305.79,1664,87.68656716417915,5194.21,5301.53,2.14816112556096,0.08035416191175412,DOUBLE_TOP_BEARISH,0.184703880100799,0.11383790161314268,-0.23860725735469845
2024-05-16,01:00:00,5305.46,5317.33,5304.96,5315.59,923,96.73955486138215,5194.21,5312.79,2.3368327426114868,0.052703005388885726,DOUBLE_TOP_BEARISH,0.006960657236541773,-0.07073532759299002,-0.3002488905276749
2024-05-16,05:00:00,5315.71,5319.33,5314.09,5315.96,617,97.22412276414805,5194.21,5317.33,2.343956058765433,-0.02576481053460836,DOUBLE_TOP_BEARISH,-0.07769057705475792,-0.10026411033942932,-0.33051414984310845
2024-05-16,09:00:00,5315.09,5315.83,5310.96,5311.83,1430,93.42080422880855,5217.39,5319.33,1.8101004525251054,-0.1409952005233742,DOUBLE_TOP_BEARISH,0.0,-0.3520443990112601,-0.29067195298041537
2024-05-16,13:00:00,5311.96,5318.46,5306.33,5311.83,1990,93.27739197530842,5224.13,5319.33,1.678748423182421,-0.1409952005233742,DOUBLE_TOP_BEARISH,-0.022591084428526854,-0.22967602502338777,-0.2718460492899735
2024-05-28,09:00:00,5311.63,5321.89,5309.13,5320.13,1732,83.53080568720371,5277.43,5317.33,0.8091059474024254,0.0526580069320539,DOUBLE_TOP_BEARISH,-0.33119491440998416,-0.22555839800907118,-0.8277993206932905
2024-06-07,01:00:00,5349.91,5357.96,5349.91,5356.83,877,89.58904109589017,5293.33,5361.43,1.1996229216769028,-0.08579800538289904,DOUBLE_TOP_BEARISH,0.07243089663103196,-0.1911578302839512,-0.20422526008851502
2024-06-07,05:00:00,5356.83,5362.09,5356.59,5360.71,604,87.96380090497708,5294.59,5361.43,1.2488219106673017,-0.013429253016457449,DOUBLE_TOP_BEARISH,-0.12125259527189497,0.09550973658339829,-0.248474549080247
2024-06-07,09:00:00,5360.46,5362.09,5351.83,5354.21,1774,80.77613279497513,5294.59,5362.09,1.1260550864183987,-0.14695762286720493,DOUBLE_TOP_BEARISH,-0.14231791431415447,-0.17033325177757114,-0.37017599234993975
2024-06-12,17:00:00,5432.59,5445.59,5428.09,5431.83,3825,80.6801007556677,5326.13,5435.59,1.9845553901237827,-0.06917372355163318,DOUBLE_TOP_BEARISH,-0.018410001785770173,-0.035715403464386765,-0.17305401678623294
2024-06-18,17:00:00,5479.83,5490.59,5471.83,5485.46,4471,85.7364624235231,5420.16,5488.59,1.2047614830558542,-0.05702739683598354,DOUBLE_TOP_BEARISH,0.07292004681467006,0.09898896355091989,0.08075895184725239
2024-06-18,21:00:00,5485.33,5490.59,5475.33,5489.46,3053,84.58197611292077,5420.16,5490.59,1.2785600425079737,-0.0205806661943454,DOUBLE_TOP_BEARISH,-0.006011520258821947,0.04426664917861303,0.12442025262958338
2024-06-19,01:00:00,5490.76,5494.89,5488.39,5489.13,1013,83.7642508143324,5420.16,5490.59,1.2724716613531752,-0.026590949242249674,DOUBLE_TOP_BEARISH,0.03206336887631042,0.0615762425010905,0.316990124118023
2024-06-19,05:00:00,5489.39,5491.89,5487.89,5490.89,752,82.87340277032126,5420.16,5494.89,1.3049430275121117,-0.07279490581249125,DOUBLE_TOP_BEARISH,0.01821198384961272,-0.01821198384961272,0.3700675118241252
2024-06-19,09:00:00,5491.13,5493.63,5488.63,5491.89,1683,82.91925465838531,5423.39,5494.89,1.263047651007949,-0.054596179359368426,DOUBLE_TOP_BEARISH,0.011289373967794163,0.08011813783596605,0.14457682145854342
2024-06-19,13:00:00,5491.89,5494.89,5490.89,5492.51,1335,82.73435808616605,5469.21,5494.89,0.4260213083790928,-0.04331296895843427,DOUBLE_TOP_BEARISH,-0.04770132416690895,0.25525670412979723,-0.35466480716467463
2024-06-19,17:00:00,5492.13,5492.76,5488.63,5489.89,802,83.18458859381823,5469.21,5494.89,0.3781167664068538,-0.09099363226561405,DOUBLE_TOP_BEARISH,0.11657792779089628,0.38835022195344004,-0.3023740002076611
2024-06-20,01:00:00,5491.81,5497.66,5489.69,5496.29,975,88.08890779538461,5470.09,5494.89,0.4789683533543291,0.025478217034365314,DOUBLE_TOP_BEARISH,0.1863074910530518,0.06440708186795026,-0.43593041851867415
2024-06-20,09:00:00,5506.29,5516.53,5503.29,5511.21,2430,85.95943837753539,5470.83,5507.53,0.7380964131585173,0.06681761152459072,DOUBLE_TOP_BEARISH,-0.20648823035232028,-0.6880521700316278,-0.7780505551412504
2024-07-04,13:00:00,5535.83,5539.09,5531.09,5531.09,620,80.16209246638425,5464.89,5538.63,1.2113693047801477,-0.1361347481236328,DOUBLE_TOP_BEARISH,-0.011390159986550736,0.1580158702895773,0.5807173631237222
2024-07-05,01:00:00,5530.09,5536.33,5529.46,5535.71,741,92.37792367665136,5502.03,5539.09,0.6121377019027575,-0.06102085360591918,DOUBLE_TOP_BEARISH,0.07442586407163473,0.15138076235930187,0.42451645769016083
2024-07-05,05:00:00,5535.59,5540.33,5534.71,5539.83,509,91.08685220729338,5502.59,5539.09,0.6767722109043156,0.01335959516815545,DOUBLE_TOP_BEARISH,-0.06317883400754175,0.4220346111703808,0.2978430746069825
2024-07-05,09:00:00,5539.96,5542.59,5534.83,5536.33,1418,83.2874617737,5502.83,5540.33,0.6087776653103948,-0.07219786547010738,DOUBLE_TOP_BEARISH,0.14016505518999442,0.46059393135886045,0.5057501991391409
2024-07-05,13:00:00,5536.09,5548.96,5529.96,5544.09,2827,82.55665496329371,5502.83,5542.59,0.749796014050956,0.027063160002814567,DOUBLE_TOP_BEARISH,0.3448717463100327,0.2727228454083518,0.649340108115128
2024-07-05,21:00:00,5563.59,5570.83,5558.83,5561.83,1632,84.73083602083815,5527.59,5565.83,0.6194381276469453,-0.07186708900559306,DOUBLE_TOP_BEARISH,-0.04710679758280801,0.04494923433474234,0.19885541269690732
2024-07-11,01:00:00,5631.59,5632.33,5625.83,5630.33,448,86.34140376620188,5574.21,5636.89,1.0067794360097644,-0.11637622873606544,DOUBLE_TOP_BEARISH,0.0,0.14670543289647708,-0.7591029300236359
2024-07-11,05:00:00,5630.21,5632.83,5628.59,5630.33,281,85.99899724241651,5574.21,5636.89,1.0067794360097644,-0.11637622873606544,DOUBLE_TOP_BEARISH,-0.015452025014517637,-0.9367124129491483,-0.7125692454971536
2024-07-11,09:00:00,5630.21,5632.46,5628.09,5629.46,873,83.62127601686855,5574.21,5636.89,0.9911718431849535,-0.13181027126660783,DOUBLE_TOP_BEARISH,0.1621825183943062,-0.7615295250343708,-0.6371836730343565
2024-07-11,13:00:00,5629.21,5654.33,5624.09,5638.59,2848,84.72856418061905,5574.21,5636.89,1.1549618690361525,0.0301584739102558,DOUBLE_TOP_BEARISH,-1.0818307413732864,-0.9044814395088134,-0.5432209116108834
2024-07-25,09:00:00,5437.09,5441.59,5409.83,5421.33,6209,9.895227008149007,5420.13,5585.33,0.02213969037642673,-2.9362633899876998,DOUBLE_BOTTOM_BULLISH,-0.10587807788863215,-0.3582146816371642,0.41060035083642243
2024-07-25,13:00:00,5422.09,5434.09,5411.46,5415.59,6550,9.784735812133079,5409.83,5573.09,0.10647284665137756,-2.8260803252773594,DOUBLE_BOTTOM_BULLISH,0.8852221087637653,0.1447672368107657,0.556172088359715
2024-08-05,13:00:00,5214.33,5215.96,5091.21,5168.46,16532,10.345735523464242,5171.83,5449.69,-0.06516068780296126,-5.160477017958812,DOUBLE_BOTTOM_BULLISH,0.7036912349132989,1.8332346579058367,1.2647868030322358
2024-08-13,21:00:00,5422.23,5436.99,5417.49,5430.61,2869,85.00056325335129,5322.96,5425.99,2.0223710116175893,0.0851457522037433,DOUBLE_TOP_BEARISH,0.11140553271179816,0.08139048836134566,0.48337111300572133
2024-08-14,01:00:00,5435.51,5438.29,5429.89,5436.66,2122,82.16701265653244,5322.96,5436.99,2.136029577528289,-0.006069534797745209,DOUBLE_TOP_BEARISH,0.0023911739928579156,-0.14954034278399073,0.4309631280970355
2024-08-14,05:00:00,5436.79,5437.41,5428.03,5436.79,1966,84.44245840780964,5322.96,5438.29,2.1384718277048846,-0.027582199551697315,DOUBLE_TOP_BEARISH,-0.03237204306217857,0.1920250736188008,0.4469549127334361
2024-08-14,09:00:00,5436.29,5439.53,5429.53,5435.03,2230,83.04483837330534,5325.09,5438.29,2.0645660448931307,-0.05994531369235952,DOUBLE_TOP_BEARISH,-0.11959455605580833,0.40165371672281347,0.470282592736386
2024-08-14,17:00:00,5428.79,5464.23,5415.49,5447.23,6795,80.62351022456384,5344.23,5449.29,1.9273122601385047,-0.03780308994383489,DOUBLE_TOP_BEARISH,0.1767871009669155,0.25444124812061514,1.7069226010284215
2024-08-14,21:00:00,5446.73,5461.49,5440.99,5456.86,3480,94.35869416746331,5346.19,5464.23,2.070072331884951,-0.13487719221189245,DOUBLE_TOP_BEARISH,0.059191549719077884,0.06835432831336104,1.5435616819929496
2024-08-15,01:00:00,5456.99,5460.59,5447.33,5460.09,2071,94.02228976697047,5346.19,5464.23,2.1304891894975775,-0.07576547839310238,DOUBLE_TOP_BEARISH,0.018314716424088245,1.0164667615368976,1.6322075277147425
2024-08-15,05:00:00,5459.96,5466.46,5458.09,5461.09,1612,93.77777777777766,5346.19,5464.23,2.1491940989751686,-0.05746463820152919,DOUBLE_TOP_BEARISH,-0.009155681374963606,1.448795020774239,1.7439741883030637
2024-08-15,09:00:00,5461.46,5466.33,5453.09,5460.59,2372,93.27085573820848,5377.73,5466.46,1.5407988128820262,-0.10738210834799654,DOUBLE_TOP_BEARISH,1.0072171688407296,1.474199674394159,1.5771189560102459
2024-08-15,21:00:00,5540.09,5547.09,5532.83,5541.09,2627,94.7757633587785,5415.49,5540.83,2.3192730482375623,0.00469243777557186,DOUBLE_TOP_BEARISH,0.14654156492675433,0.10142408804043772,0.308964481717494
2024-08-16,01:00:00,5542.83,5554.33,5542.33,5549.21,2427,93.94274650809005,5415.49,5547.09,2.4692133121841287,0.03821823694946162,DOUBLE_TOP_BEARISH,0.12830655174339936,-0.24544034195858314,0.2634609250686114
2024-08-16,05:00:00,5549.09,5557.59,5548.59,5556.33,1488,93.88438983524142,5415.49,5554.33,2.6006880263835805,0.03600794335230352,DOUBLE_TOP_BEARISH,-0.1731358648604365,0.04499372787433432,-0.07414966353690099
2024-08-16,17:00:00,5535.46,5563.09,5529.09,5558.83,5351,84.52699687639456,5446.59,5559.33,2.0607389210496803,-0.008993889551438754,DOUBLE_TOP_BEARISH,-0.011153426170613075,-0.11908980846688766,0.5137771797302743
2024-08-16,21:00:00,5558.59,5560.33,5548.59,5558.21,2306,87.39331026528275,5446.59,5563.09,2.0493556518849387,-0.08772103273540621,DOUBLE_TOP_BEARISH,0.10111168883507264,-0.10111168883507264,0.7948602157889013
2024-08-19,01:00:00,5567.71,5570.46,5558.33,5563.83,2435,86.36477045908201,5446.59,5563.09,2.1525394788298695,0.013301959882004099,DOUBLE_TOP_BEARISH,-0.20884894038818388,-0.04708986435602617,0.8123900262948331
2024-09-16,21:00:00,5629.3,5636.05,5623.3,5629.3,4519,84.5458984375002,5594.13,5636.68,0.6286947210736982,-0.1309281350014567,DOUBLE_TOP_BEARISH,-0.011191444762228147,0.4245643330431783,0.10924981791696367
2024-09-17,05:00:00,5628.53,5634.45,5625.53,5634.2,4259,81.9266328660901,5600.33,5636.68,0.6047857894088364,-0.043997530461201854,DOUBLE_TOP_BEARISH,0.33722622555109866,-0.05360122111390307,0.12654857832523
2024-09-17,13:00:00,5653.18,5661.2,5646.18,5650.7,7315,81.86329239548449,5604.03,5655.7,0.8327935432180069,-0.08840638647735913,DOUBLE_TOP_BEARISH,-0.34544392730103396,-0.13927478011573594,-0.2760719910807414
2024-10-14,21:00:00,5855.78,5872.0,5852.82,5867.38,2038,87.59647188533631,5770.33,5860.95,1.6818795458838607,0.10970917683993706,DOUBLE_TOP_BEARISH,-0.007499088179059636,-0.1680477487396363,-0.8992088461971139
2024-10-15,01:00:00,5865.83,5867.67,5859.93,5866.94,1391,86.2493630032271,5770.33,5872.0,1.6742543320745897,-0.08617166212534741,DOUBLE_TOP_BEARISH,-0.06783774846852983,-0.11505145782980566,-0.8087691368924825
2024-11-07,01:00:00,5931.02,5933.05,5920.83,5928.44,2823,84.02266852256908,5714.7,5936.2,3.7401788370343114,-0.13072335837741683,DOUBLE_TOP_BEARISH,0.14455742151393314,0.48056487035376416,0.7492696223627139
2024-11-07,05:00:00,5928.46,5941.43,5927.94,5937.01,1904,86.03032889122291,5719.43,5936.2,3.804225246222087,0.013645092820329508,DOUBLE_TOP_BEARISH,0.0702373753791904,0.4791974411361918,0.6624546699432867
2024-11-07,09:00:00,5937.24,5942.89,5929.15,5941.18,3223,86.17059301380982,5751.75,5941.43,3.2934324336071676,-0.004207741234012687,DOUBLE_TOP_BEARISH,0.2650988524165233,0.633880811555951,0.4066532237703597
2024-11-07,17:00:00,5956.81,5973.01,5955.53,5965.46,5159,86.9499892680832,5785.41,5957.77,3.1121389840996607,0.12907514053076233,DOUBLE_TOP_BEARISH,0.2242911694990849,0.18238325292601257,0.6894690434601877
2024-11-07,21:00:00,5965.34,5983.67,5956.82,5978.84,4666,86.16114976913563,5837.39,5973.01,2.4231719998149828,0.09760572977443412,DOUBLE_TOP_BEARISH,-0.10001940175687044,-0.22579630831398734,0.31143164894862363
2024-11-08,05:00:00,5972.59,5980.59,5972.59,5976.34,1263,82.81222336319514,5869.92,5983.67,1.8129718974023508,-0.12250007102664297,DOUBLE_TOP_BEARISH,-0.1840591398749067,0.5061626346559935,0.5730932309741413
2024-11-11,09:00:00,6010.34,6018.09,6008.84,6013.46,1749,80.97493442145127,5955.53,6012.89,0.9727093978201821,0.009479634585028313,DOUBLE_TOP_BEARISH,-0.07982093503573953,-0.20786701832223045,-0.39162146251908525
2024-12-04,09:00:00,6057.32,6065.87,6055.45,6064.7,1649,87.02773124883767,6033.48,6059.73,0.5174459847384968,0.082016855536472,DOUBLE_TOP_BEARISH,0.0697478853034853,0.3025706135505526,0.2750342143881856
2024-12-04,13:00:00,6064.45,6072.08,6063.97,6068.93,2372,90.95611844452417,6033.48,6065.87,0.587554777673925,0.05044618496605434,DOUBLE_TOP_BEARISH,0.027681980184305663,0.1832283450295174,0.30466655571904405
2024-12-04,17:00:00,6067.06,6075.67,6060.3,6070.61,3989,91.02813661298926,6033.48,6072.08,0.6153994046553584,-0.024209167204652354,DOUBLE_TOP_BEARISH,0.20492174592010537,0.207392667293734,0.20212136836331832
2024-12-04,21:00:00,6070.11,6088.91,6067.75,6083.05,1977,90.97864768683323,6033.48,6075.67,0.8215822377798655,0.12146808500132676,DOUBLE_TOP_BEARISH,-0.049317365466336784,-0.027453333442928676,-0.17211760547751956
2024-12-05,01:00:00,6081.1,6083.36,6077.95,6080.05,1018,83.23291086640381,6033.48,6088.91,0.7718596895987162,-0.14551044439808888,DOUBLE_TOP_BEARISH,0.05180878446722702,0.12121610842015922,-0.09934128831177315
2024-12-05,05:00:00,6080.28,6083.93,6079.36,6083.2,640,84.59279561472343,6033.48,6088.91,0.8240683651889168,-0.09377704712337737,DOUBLE_TOP_BEARISH,-0.029918463966328725,-0.005260389268801107,-0.15140057864282017
2024-12-05,09:00:00,6082.45,6084.84,6080.05,6081.38,1471,83.08017688906068,6033.48,6088.91,0.7939033526256911,-0.12366745443765378,DOUBLE_TOP_BEARISH,0.09931956233617967,-0.1447039981056961,-0.19354159746637173
2024-12-05,13:00:00,6081.26,6088.27,6080.02,6087.42,1854,84.52611218568765,6041.96,6088.91,0.7524048487576885,-0.024470718075973886,DOUBLE_TOP_BEARISH,-0.0745800355487212,-0.22029036931901944,0.18595726925363634
2024-12-05,17:00:00,6087.29,6094.46,6077.94,6082.88,3865,81.17190138466775,6049.47,6088.91,0.5522797864936904,-0.099032503354455,DOUBLE_TOP_BEARISH,-0.16932768688516264,-0.14614787732127427,0.1126111315692477
2024-12-10,21:00:00,6047.97,6048.71,6029.07,6041.25,2250,13.028938906753424,6046.82,6094.19,-0.09211453292804664,-0.8686962500348628,DOUBLE_BOTTOM_BULLISH,-0.029629629629629027,-0.006455617628807406,0.6081522863645733
2024-12-26,01:00:00,6039.59,6039.61,6033.11,6037.86,1427,82.41503344875122,5901.89,6038.34,2.303838261980473,-0.007949204582724273,DOUBLE_TOP_BEARISH,-0.008612322909102348,-0.294309573259392,-0.13696905857372527
2025-01-15,17:00:00,5939.94,5950.64,5915.78,5945.33,8180,85.63077183766838,5804.67,5942.2,2.4232213028475322,0.05267409376998602,DOUBLE_TOP_BEARISH,0.015474330272669014,0.19393372613462576,-0.17862759510405463
2025-01-15,21:00:00,5945.7,5960.27,5944.75,5946.25,3045,84.25986078886308,5804.67,5950.64,2.4390706103878412,-0.073773577295893,DOUBLE_TOP_BEARISH,0.08072314483918741,0.34122346016396826,-0.2677317637166293
2025-01-16,05:00:00,5950.77,5960.11,5942.94,5956.86,1795,81.37082601054477,5804.67,5961.34,2.6218544723472585,-0.07515088889411563,DOUBLE_TOP_BEARISH,0.16250172070520866,-0.3718401976880376,-0.13463469008839435
2025-01-16,09:00:00,5956.64,5977.21,5954.88,5966.54,4017,81.58023350529461,5804.67,5961.34,2.788616751684418,0.08722871032351481,DOUBLE_TOP_BEARISH,-0.4131372621318157,-0.6068843919591596,-0.12486298591813376
2025-01-17,13:00:00,5959.59,5998.59,5954.09,5983.88,5516,82.83235349895693,5923.62,5977.21,1.0172833503837218,0.11159052467622976,DOUBLE_TOP_BEARISH,0.3877083096586131,0.1037788190939664,0.8034920486373378
2025-01-17,17:00:00,5984.5,6015.05,5982.07,6007.08,6362,84.05197093151288,5923.62,5998.59,1.408935752124546,0.14153326031617067,DOUBLE_TOP_BEARISH,-0.22040658689412795,-0.14965673838203888,0.20609014695992245
2025-01-22,13:00:00,6075.43,6087.35,6072.36,6086.63,3226,80.80408423739632,5958.86,6078.25,2.1442020789211433,0.13786862995105678,DOUBLE_TOP_BEARISH,0.07951855131657659,-0.14326482799184861,-0.052902837859377924
2025-01-22,17:00:00,6087.37,6100.21,6081.73,6091.47,4664,80.40901393773613,5958.86,6087.35,2.225425668668178,0.06768133917057324,DOUBLE_TOP_BEARISH,-0.13133118935166715,-0.2444401761807959,0.11409397074925785
2025-01-23,17:00:00,6083.29,6104.16,6077.22,6098.42,4761,82.13547266561935,6050.75,6100.21,0.7878362186505817,-0.029343252117549457,DOUBLE_TOP_BEARISH,0.251868516763353,0.22038495216793202,-0.0614913371004293
2025-01-24,01:00:00,6111.84,6121.34,6111.09,6120.34,1725,81.41295929782324,6061.73,6118.23,0.9668856910486048,0.034487098392845354,DOUBLE_TOP_BEARISH,-0.1385543940369403,0.038723338899471126,-1.2291800782309557
2025-02-07,09:00:00,6077.59,6083.71,6075.59,6080.96,2364,81.61799010917306,6005.42,6085.34,1.2578637297641126,-0.07197625769472386,DOUBLE_TOP_BEARISH,0.2693653633636812,-0.8825909066989435,-0.4632492238067686
2025-03-25,21:00:00,5763.56,5781.9,5759.68,5780.4,3502,94.20537090028627,5700.59,5787.16,1.400030523156366,-0.1168103180143666,DOUBLE_TOP_BEARISH,0.020586810601351282,-0.2562106428620769,-1.3182478721195734
2025-03-26,01:00:00,5783.09,5787.34,5779.59,5781.59,1354,93.01399854043669,5703.84,5787.16,1.3631167774692137,-0.09624755493194778,DOUBLE_TOP_BEARISH,-0.19890722102397437,-0.38484223198116785,-1.3188413567893953
2025-03-28,09:00:00,5695.54,5701.29,5665.29,5678.04,4430,16.01575319986854,5671.84,5767.59,0.10931196930801677,-1.5526415712628703,DOUBLE_BOTTOM_BULLISH,-0.31260787173038584,-2.0905101055998165,-2.7025170657480366
2025-03-28,13:00:00,5678.16,5692.79,5659.04,5660.29,7540,15.384615384615216,5665.29,5731.54,-0.0882567353127554,-1.2431213949479547,DOUBLE_BOTTOM_BULLISH,-1.3188370207180133,-2.118796033418788,-2.5210722418815967
2025-03-31,09:00:00,5540.61,5546.71,5517.84,5524.59,6738,9.79580942212715,5529.59,5731.54,-0.09042261722840211,-3.61072242364181,DOUBLE_BOTTOM_BULLISH,-0.12670623521383487,1.3782018213116163,1.6698071712108953
2025-03-31,13:00:00,5524.09,5532.46,5489.09,5517.59,7809,5.0986246833150375,5517.84,5722.32,-0.0045307584127122205,-3.5777446909644968,DOUBLE_BOTTOM_BULLISH,0.6305289084545963,1.277731763324205,1.4702071012887852
2025-04-04,01:00:00,5391.59,5397.09,5369.84,5375.61,5990,18.616992906288218,5376.7,5728.82,-0.020272657950046413,-6.1654930683805755,DOUBLE_BOTTOM_BULLISH,0.14416968492878018,-2.3489427246396137,-7.852132130121037
2025-04-04,09:00:00,5383.34,5390.84,5337.36,5350.59,10549,15.07351083716469,5343.09,5728.82,0.14036821389869905,-6.602232222342465,DOUBLE_BOTTOM_BULLISH,-1.8923146793157388,-5.328384346399189,-8.367862235753448
2025-06-04,13:00:00,5982.59,5989.34,5964.84,5985.57,4450,82.83490372798036,5899.61,5986.59,1.457045465717226,-0.017038080109051005,DOUBLE_TOP_BEARISH,0.0020048215959364082,-0.26279869753422924,-0.5468150902921454
2025-06-04,17:00:00,5986.05,5989.11,5965.27,5985.69,7583,83.70361616639094,5899.61,5989.34,1.4590794984753217,-0.06094160625378666,DOUBLE_TOP_BEARISH,-0.3099057919805281,-0.3232710013381825,-0.2933663454004382
2025-06-25,13:00:00,6091.86,6107.09,6088.84,6104.36,2661,88.71079029775471,6003.39,6101.5,1.6818830693991118,0.04687371957714779,DOUBLE_TOP_BEARISH,-0.3025706216540202,-0.16004953836273628,0.1798714361538388
2025-06-27,09:00:00,6153.11,6163.34,6152.11,6159.09,2151,80.59440559440569,6078.52,6154.59,1.3254871251554607,0.0731161620839081,DOUBLE_TOP_BEARISH,0.129889318064844,0.1420664416334231,0.5926200136708507
2025-06-27,13:00:00,6159.11,6169.86,6150.84,6167.09,3023,80.8455565142365,6083.69,6163.34,1.370878529313633,0.06084363348444188,DOUBLE_TOP_BEARISH,-0.03178160201975382,0.3205725877196462,0.31246503618399485
2025-06-27,17:00:00,6167.11,6187.23,6156.05,6165.13,5229,82.09936037851614,6089.34,6169.86,1.244634065432378,-0.07666300369861818,DOUBLE_TOP_BEARISH,0.04395689953009971,0.5471093066974997,0.26747205655030437
2025-06-30,01:00:00,6177.84,6192.84,6173.84,6186.86,2242,98.131375726952,6104.09,6187.23,1.3559760750578633,-0.0059800589278221575,DOUBLE_TOP_BEARISH,0.19395945600837905,-0.008081644000349128,0.32730658201413965
2025-06-30,05:00:00,6186.59,6199.86,6186.34,6198.86,1168,98.2188295165394,6106.09,6192.84,1.5193028599316343,0.09720903495003144,DOUBLE_TOP_BEARISH,-0.05275163497803672,-0.2781156535233863,-0.08501563190650423
2025-06-30,09:00:00,6199.09,6203.09,6192.09,6195.59,2078,95.30773371613171,6115.09,6199.86,1.3164156210292897,-0.06887252292792946,DOUBLE_TOP_BEARISH,-0.1489769335930956,0.003066697441238039,-0.06456205139462101
2025-06-30,21:00:00,6181.12,6214.55,6175.78,6195.78,3834,83.84382362840799,6131.87,6203.09,1.0422595390965537,-0.11784449363140628,DOUBLE_TOP_BEARISH,0.18286640261597292,-0.06762667493034936,0.01936802145976484
2025-07-01,01:00:00,6194.36,6207.86,6192.59,6207.11,1739,82.49133685938355,6131.87,6214.55,1.2270318842375945,-0.11971904643136685,DOUBLE_TOP_BEARISH,-0.21781473181560385,-0.20540960285865723,-0.1485393363417008
2025-07-18,05:00:00,6307.34,6317.09,6305.84,6316.59,1091,89.63857695574185,6201.1,6311.36,1.8624115076357386,0.0828664503371773,DOUBLE_TOP_BEARISH,-0.12237615548896592,-0.4051236505772916,-0.2018494155865744
2025-07-18,09:00:00,6316.34,6317.84,6305.84,6308.86,1784,82.93972827573573,6201.1,6317.09,1.7377562045443435,-0.13028150619985585,DOUBLE_TOP_BEARISH,-0.03566412949407659,-0.2182644725037412,0.07497392555866628
2025-07-25,01:00:00,6371.56,6382.26,6371.36,6380.96,1223,80.98342185739618,6317.36,6381.36,1.0067496549191493,-0.00626825629645775,DOUBLE_TOP_BEARISH,-0.06268649231463605,-0.15985055540231904,0.5469396454451938
2025-07-25,21:00:00,6391.76,6395.76,6386.46,6391.46,1568,82.7966881324754,6355.96,6393.76,0.5585308906915714,-0.0359725732589303,DOUBLE_TOP_BEARISH,0.3817594102129973,0.24094651300328307,-0.017210465214526318
2025-08-01,17:00:00,6232.56,6268.26,6213.96,6224.76,9449,19.036240541616934,6228.16,6436.46,-0.05459076195858225,-3.289075050571274,DOUBLE_BOTTOM_BULLISH,0.18313959092398158,0.5992198896021723,1.487607554347468
2025-09-05,13:00:00,6513.36,6531.76,6493.26,6520.46,4339,82.51400124455492,6416.36,6521.06,1.6224152011420863,-0.009200958126445145,DOUBLE_TOP_BEARISH,-0.921714112194544,-0.4048794103483441,-0.40181214208813204
2025-09-10,13:00:00,6528.96,6557.26,6527.66,6545.66,3458,80.38815117466757,6481.96,6536.66,0.9827274466365085,0.13768499508923518,DOUBLE_TOP_BEARISH,-0.1848553087083572,-0.07791422102583169,0.30860142445528516
2025-09-11,21:00:00,6585.76,6593.26,6581.76,6585.46,1967,82.48286367098251,6516.26,6587.26,1.0619588536982842,-0.02732547371745129,DOUBLE_TOP_BEARISH,-0.03188843300240778,-0.0987022926264832,-0.021258955334929316
2025-09-15,17:00:00,6615.16,6618.66,6603.36,6614.36,4852,80.6972789115647,6571.56,6615.16,0.6512913219996358,-0.012093433870082989,DOUBLE_TOP_BEARISH,-0.03326096553558951,0.16781668974776645,-0.06652193107117901
2025-09-23,13:00:00,6695.56,6699.56,6687.26,6694.46,2362,80.86419753086398,6635.96,6698.86,0.8815604675133666,-0.06568281767344945,DOUBLE_TOP_BEARISH,-0.5571771285510733,-0.5317829966868182,-0.5631522184014814
2025-09-25,17:00:00,6581.66,6619.06,6580.06,6580.86,6603,17.42596810933982,6575.96,6672.56,0.0745138352423013,-1.3742851319433729,DOUBLE_BOTTOM_BULLISH,0.40268293201800376,0.3996438155499461,0.8783046592694599
2025-10-03,09:00:00,6731.76,6739.06,6728.76,6738.76,1812,81.9175777964682,6656.96,6735.86,1.2287891169542882,0.04305315134222721,DOUBLE_TOP_BEARISH,-0.10090877253382197,-0.3635683716292018,0.022259288058930723
2025-10-03,13:00:00,6739.06,6739.76,6717.96,6731.96,2808,84.40207972270359,6692.46,6739.06,0.5902164525451029,-0.10535593984918316,DOUBLE_TOP_BEARISH,-0.24509949554067464,-0.010398160416874403,-0.11883611905002406
2025-10-21,17:00:00,6727.56,6752.26,6721.66,6744.26,6305,90.73756432247018,6656.76,6747.66,1.3144532775704698,-0.05038783815425846,DOUBLE_TOP_BEARISH,-0.1349295549104033,0.013344681254869121,-1.1268841948560702
2025-10-27,05:00:00,6836.66,6850.36,6834.16,6849.66,1294,87.92929292929306,6683.96,6846.66,2.479069294250711,0.04381698521614919,DOUBLE_TOP_BEARISH,0.061316912080304986,0.18103088328472575,0.32702353109498206
2025-10-27,09:00:00,6849.36,6855.56,6843.36,6853.86,2459,87.47379454926639,6702.86,6850.36,2.2527697132268916,0.05109220537314827,DOUBLE_TOP_BEARISH,-0.0058361273793108735,0.386643438879697,0.2888883052761536
2025-10-27,13:00:00,6853.66,6855.66,6843.56,6853.46,2818,87.61154855643068,6735.16,6855.56,1.7564541896554824,-0.030632070903038752,DOUBLE_TOP_BEARISH,0.12548406206500606,0.3078736871594839,0.3516471971821586
2025-10-27,17:00:00,6853.86,6862.36,6846.86,6862.06,3890,91.35866736074988,6742.06,6855.66,1.7798714339534207,0.09335352103226452,DOUBLE_TOP_BEARISH,0.26668376551646694,0.1457288336155615,0.5333675310329472
2025-10-28,01:00:00,6878.56,6884.36,6873.36,6874.56,2153,87.08189158016205,6748.86,6882.56,1.8625367839901958,-0.11623581923005392,DOUBLE_TOP_BEARISH,-0.036365963785318624,0.043639156542382346,0.37675138481589565
2025-10-28,13:00:00,6873.76,6893.56,6872.36,6877.56,2828,87.71054273237735,6789.66,6884.36,1.294615636129063,-0.09877461376219826,DOUBLE_TOP_BEARISH,0.30679485166250026,0.3329669243161766,0.593233646816593
2025-10-28,17:00:00,6877.96,6899.66,6870.46,6898.66,4853,88.90140845070466,6834.16,6893.56,0.9437882636637128,0.07398209343212295,DOUBLE_TOP_BEARISH,-0.06233094542998469,0.13915745956461636,0.07102828665277816
2025-10-28,21:00:00,6898.36,6911.66,6888.56,6894.36,2655,83.57289527720775,6834.16,6899.66,0.8808690460861295,-0.07681537930854827,DOUBLE_TOP_BEARISH,0.08847811834601564,0.13489286895375616,-0.1029827279109222
2025-10-29,05:00:00,6900.56,6908.76,6900.36,6908.26,1508,90.88359046283364,6843.56,6911.66,0.9454143749744258,-0.04919223457171846,DOUBLE_TOP_BEARISH,-0.06658695532594841,-0.06803449783302623,-0.13751653817314344
2025-10-29,09:00:00,6908.16,6916.96,6898.66,6903.66,2625,82.82926829268331,6846.86,6911.66,0.8295773537066653,-0.11574643428640875,DOUBLE_TOP_BEARISH,0.21293053250014946,-0.23755515190492632,-0.3795088402383637
2025-10-29,13:00:00,6903.46,6919.46,6902.46,6918.36,3109,83.06063522617933,6860.36,6916.96,0.8454366826230695,0.020240105479858727,DOUBLE_TOP_BEARISH,-0.2139235310102289,-0.19224209205648843,-0.6475523100850386
2025-11-11,21:00:00,6851.06,6855.56,6842.46,6849.56,3374,89.46395563770822,6770.06,6852.46,1.1742879679057496,-0.04232056808795143,DOUBLE_TOP_BEARISH,0.13285524909628435,0.29782934962245217,0.008759686753593723
2025-11-12,01:00:00,6849.36,6865.46,6844.46,6858.66,3379,91.42986017140313,6770.06,6855.56,1.308703320206903,0.04521877133304142,DOUBLE_TOP_BEARISH,0.11226682763105064,-0.033534247214473116,-0.03790827945982822
2025-11-12,05:00:00,6858.96,6867.26,6853.46,6866.36,2179,88.38630806846005,6770.06,6865.46,1.422439387538652,0.013109099754417564,DOUBLE_TOP_BEARISH,0.05242952597883543,-0.15874495365811925,0.008738254329810319
2025-11-12,09:00:00,6866.46,6876.66,6865.46,6869.96,2999,86.070381231672,6770.06,6867.26,1.4756146917457102,0.03931699105610998,DOUBLE_TOP_BEARISH,-0.19796330691882286,-0.28821128507298704,-0.32605721139569427
2025-11-14,09:00:00,6735.66,6736.16,6706.76,6717.16,7175,17.76765375854214,6722.16,6869.46,-0.07438085377319195,-2.217059273945844,DOUBLE_BOTTOM_BULLISH,-0.20544396739098342,0.38855706876120805,0.45852711562624954
2025-11-14,13:00:00,6716.76,6716.86,6649.16,6703.36,9111,13.874113475177367,6706.76,6869.46,-0.0506951195510283,-2.4179484268050238,DOUBLE_BOTTOM_BULLISH,0.6862230284514035,0.8428608936413978,0.5952238877219864
2025-11-25,21:00:00,6753.06,6776.26,6738.96,6764.56,4008,81.12752487187228,6608.96,6758.06,2.3543795090301707,0.09618144852220903,DOUBLE_TOP_BEARISH,0.2838322078597842,0.34444221057983476,0.7494944238797471
2025-11-26,05:00:00,6783.66,6791.86,6780.86,6789.56,2070,84.51310129057504,6609.86,6784.06,2.718665750863116,0.08107239617574137,DOUBLE_TOP_BEARISH,-0.02503844137176382,0.42270780433488797,0.3092983934157736
2025-11-26,09:00:00,6789.66,6795.26,6777.96,6787.86,4201,81.73374613003091,6652.36,6791.86,2.036871125435184,-0.05889402902886691,DOUBLE_TOP_BEARISH,-0.013258965270344944,0.40366183156400615,0.3830367744767865
2025-11-26,13:00:00,6788.06,6808.46,6771.96,6786.96,6249,84.65414567109484,6658.16,6795.26,1.9344683816549948,-0.12214396505799897,DOUBLE_TOP_BEARISH,0.46117849523203586,0.3992951188750245,0.3771939130332338
2025-11-26,17:00:00,6786.46,6831.46,6780.76,6818.26,7938,93.83412939643951,6658.16,6808.46,2.4045682290602866,0.1439385705431211,DOUBLE_TOP_BEARISH,-0.04399949547245192,-0.11293203837929057,-0.07039919275592574
2025-11-28,01:00:00,6817.06,6828.56,6816.26,6822.16,1675,91.88811188811222,6771.96,6831.46,0.7412920336209874,-0.13613488185541864,DOUBLE_TOP_BEARISH,0.005863245658274589,0.055700833753535274,-0.2799699801822217
2025-11-28,05:00:00,6822.16,6822.56,6822.16,6822.56,4,87.44588744588799,6771.96,6831.46,0.7471987430522383,-0.13027961811969382,DOUBLE_TOP_BEARISH,0.0,0.31659670270396234,-0.2052015665673882
2025-11-28,09:00:00,6822.56,6822.56,6822.56,6822.56,67,85.71428571428619,6771.96,6831.46,0.7471987430522383,-0.13027961811969382,DOUBLE_TOP_BEARISH,0.04983466616636037,-0.21546164489576825,0.07621772472502723
2025-11-28,13:00:00,6822.56,6831.36,6818.86,6825.96,2050,82.26299694189652,6780.76,6831.46,0.6665919454456406,-0.08050987636610622,DOUBLE_TOP_BEARISH,0.26662916278442617,-0.33548394658040237,0.23732925478613728
2025-12-16,05:00:00,6783.69,6790.31,6774.56,6779.69,8132,15.042511445388996,6775.71,6904.46,0.05873923175578003,-1.8070928066785878,DOUBLE_BOTTOM_BULLISH,0.3203686304241087,0.057082255973367524,0.29794872626920593
2025-12-22,05:00:00,6852.34,6853.19,6845.69,6850.86,3949,85.25644774548215,6744.98,6853.29,1.569760028940043,-0.03545742263934973,DOUBLE_TOP_BEARISH,0.06378761206622076,0.30069217587281544,0.27266649734486315
2025-12-22,09:00:00,6850.91,6857.31,6849.21,6855.23,5470,86.00641539695252,6755.84,6853.29,1.4711716085638413,0.028307571983669153,DOUBLE_TOP_BEARISH,0.1633789092415678,0.28343323272888427,0.33448914186687084
2025-12-22,13:00:00,6855.26,6872.01,6853.56,6866.43,7104,86.8301886792452,6760.59,6857.31,1.565543835671149,0.13299675820401718,DOUBLE_TOP_BEARISH,0.07325495199106005,0.16908349753801716,0.20505561113999454
2025-12-22,17:00:00,6866.76,6880.36,6853.11,6871.46,10410,85.72513731447923,6764.89,6872.01,1.575339732057723,-0.008003480786555635,DOUBLE_TOP_BEARISH,0.04656943357015566,-0.027941660142096043,0.4453202085146441
2025-12-22,21:00:00,6871.56,6877.86,6868.76,6874.66,5139,81.9023631380101,6765.36,6880.36,1.6155829105916046,-0.08284450232255025,DOUBLE_TOP_BEARISH,0.049166067849175224,0.05091160871955849,0.4106384897580458
2025-12-23,01:00:00,6876.44,6881.06,6873.86,6878.04,4670,82.16918473104136,6771.89,6880.36,1.5675092182536872,-0.033719165857596246,DOUBLE_TOP_BEARISH,-0.12358171804758332,0.03591139336206615,0.3460288105332359
2025-12-23,09:00:00,6869.78,6881.93,6868.36,6878.16,4990,92.17649820059457,6811.71,6881.06,0.9755259692500095,-0.04214466957126584,DOUBLE_TOP_BEARISH,0.03416611419333606,0.35954383148982394,0.3768449701664409
2025-12-23,13:00:00,6878.26,6888.58,6858.51,6880.51,7531,92.22818061708246,6824.24,6881.93,0.8245606836805334,-0.020633746637935473,DOUBLE_TOP_BEARISH,0.3132035270641301,0.31000608966486387,0.47336607315445667
2025-12-23,21:00:00,6902.11,6908.89,6901.86,6902.89,4785,89.75724674792585,6845.69,6904.19,0.8355622296656835,-0.018829145779581277,DOUBLE_TOP_BEARISH,-0.015211020311785091,0.017239156353347652,0.41967929374507407
2025-12-24,01:00:00,6905.04,6906.76,6900.91,6901.84,4302,88.28828828828814,6849.21,6908.89,0.7684097874061404,-0.10204244097098349,DOUBLE_TOP_BEARISH,0.0010142222943404797,0.16285512269191665,0.37598669340349555
2025-12-24,05:00:00,6901.89,6903.26,6899.76,6901.91,2769,87.180974477958,6853.11,6908.89,0.7120854619289663,-0.10102925361382903,DOUBLE_TOP_BEARISH,0.031440572247393446,0.3642469982946797,0.3864147750405333
2025-12-24,09:00:00,6901.89,6905.93,6899.86,6904.08,2634,85.03115686805731,6853.11,6908.89,0.7437499179204807,-0.06962044554190905,DOUBLE_TOP_BEARISH,0.13035770153300658,0.40237077206520994,0.4269938934658995
2025-12-24,13:00:00,6903.91,6914.11,6902.81,6913.08,4625,88.25627151992117,6858.51,6908.89,0.7956538665103602,0.060646500378492056,DOUBLE_TOP_BEARISH,0.20208069341017687,0.2127850393746353,0.21133850613618926
2025-12-26,01:00:00,6932.06,6938.36,6929.89,6931.86,4456,88.70223589258227,6858.51,6935.06,1.0694742735666996,-0.046142354932772425,DOUBLE_TOP_BEARISH,-0.05871439988689484,0.02452444221321157,-0.0988190759767141
2025-12-26,09:00:00,6927.84,6930.71,6923.01,6928.58,2958,83.21833415475615,6858.51,6938.36,1.0216504751031887,-0.14095549957050005,DOUBLE_TOP_BEARISH,0.07187619974079065,-0.03492779184190805,-0.22399972288693393
2025-12-26,13:00:00,6928.83,6942.38,6924.11,6933.56,5282,83.5427742870954,6869.51,6938.36,0.9323809121756892,-0.0691806132861263,DOUBLE_TOP_BEARISH,-0.0846606937850224,-0.12331327629673908,-0.4561870092708523
2025-12-31,09:00:00,6880.91,6884.16,6874.11,6878.36,4590,20.0,6878.64,6912.89,-0.0040705720898412305,-0.4995016556028037,DOUBLE_BOTTOM_BULLISH,0.07807093551369645,-0.49168697189445904,0.14538349257671887
2026-01-07,01:00:00,6947.54,6947.61,6942.96,6943.99,6000,83.87096774193579,6860.41,6946.91,1.218294533417098,-0.04203307657649333,DOUBLE_TOP_BEARISH,-0.08467754129830414,0.07877315491526132,-0.4104268583336093
2026-01-20,17:00:00,6841.88,6867.21,6799.26,6806.19,15614,17.81793136976873,6809.73,6959.04,-0.051984439911714024,-2.196423644640645,DOUBLE_BOTTOM_BULLISH,-0.08859582233231435,0.07228713861940488,0.3529140385443315
2026-01-20,21:00:00,6806.76,6811.66,6785.29,6800.16,8976,17.514236788658437,6799.26,6897.29,0.013236734585817225,-1.4082342485236972,DOUBLE_BOTTOM_BULLISH,0.12499705889273194,0.08308628032282396,1.1540904919884307
2026-01-28,05:00:00,6994.56,7011.56,6992.61,7003.31,6022,82.870576275494,6899.31,6996.14,1.5073971165232465,0.10248508463238404,DOUBLE_TOP_BEARISH,0.012851066138720637,-0.4590686404000472,-0.19562178455617024
2026-01-28,09:00:00,7003.34,7007.66,6994.73,7004.21,8225,88.52116473442992,6938.21,7011.56,0.9512539977890551,-0.10482688588559982,DOUBLE_TOP_BEARISH,-0.17061167497833188,-0.2591298661804777,-0.29482268521360205
2026-02-10,09:00:00,6957.43,6976.58,6956.31,6968.36,8628,85.78780831840172,6849.04,6978.69,1.7421419644212868,-0.14802204998359186,DOUBLE_TOP_BEARISH,0.13302986642481784,-0.27007789494227785,-0.34627946891377753
2026-02-10,13:00:00,6968.31,6980.76,6949.91,6977.63,10658,86.23236575817991,6899.51,6978.69,1.1322543195096446,-0.015189097094146477,DOUBLE_TOP_BEARISH,-0.30698102364269925,-0.2288742739296904,-0.2529512169604944
2026-02-12,21:00:00,6865.99,6878.64,6822.89,6842.04,9977,19.249784551186224,6841.09,6991.03,0.013886675953683083,-2.131159500102271,DOUBLE_BOTTOM_BULLISH,-0.06284675330749576,-0.34580329843145985,-0.20213269726572672
2026-02-13,05:00:00,6837.84,6841.39,6804.74,6818.34,9742,19.64087375046296,6820.86,6991.03,-0.03694548781238036,-2.470165340443391,DOUBLE_BOTTOM_BULLISH,0.0005866530563152266,0.6401851477045679,0.39085759877036985
2026-02-13,13:00:00,6818.28,6844.76,6789.76,6812.86,15358,15.055789734689,6804.74,6973.03,0.11932858566234553,-2.2969928424228794,DOUBLE_BOTTOM_BULLISH,0.7211362041785698,0.47483729300176963,0.41465698693353453
2026-03-20,13:00:00,6579.91,6595.91,6553.81,6555.41,12151,19.65010934083091,6558.71,6683.71,-0.05031477226467067,-1.9195925616162308,DOUBLE_BOTTOM_BULLISH,-0.2440732158629285,-0.8756126619082504,1.1196858777711929
2026-03-30,01:00:00,6337.81,6353.11,6318.91,6342.81,10828,14.312925170067956,6345.51,6573.91,-0.042549771413169596,-3.515411680415452,DOUBLE_BOTTOM_BULLISH,0.5123911957003284,0.5265804903504856,0.8797362683100907
2026-04-01,09:00:00,6550.71,6579.91,6543.71,6560.01,9850,82.39856801909306,6311.61,6556.31,3.9356043862025785,0.05643418325246698,DOUBLE_TOP_BEARISH,0.1265241973716531,0.22713380010090894,-0.9131083641640872
2026-04-01,17:00:00,6567.31,6610.01,6561.51,6592.21,12899,81.24602670057217,6311.61,6597.21,4.44577532515476,-0.07578961409444294,DOUBLE_TOP_BEARISH,-0.2624309601787592,-1.6731869888853688,-0.5415482819873733
2026-04-10,01:00:00,6818.01,6830.81,6813.01,6828.11,4544,83.7460859664102,6741.11,6834.91,1.29058864192989,-0.0994892397997952,DOUBLE_TOP_BEARISH,-0.06151043260872801,0.051258693840608896,-0.8992239433752479
2026-04-15,13:00:00,6962.81,6986.71,6954.21,6980.01,6846,93.52965574450424,6845.51,6978.51,1.964791520281177,0.021494559726933114,DOUBLE_TOP_BEARISH,0.27507123915294984,0.7994257887882708,0.5601711172333486
2026-04-16,01:00:00,7021.61,7040.51,7021.61,7035.81,3220,92.95711060948068,6882.71,7026.71,2.224414511144598,0.12950584270590879,DOUBLE_TOP_BEARISH,0.007106502307481299,-0.23735717706988574,0.15492175030308714
2026-04-16,05:00:00,7035.71,7038.71,7031.51,7036.31,2759,91.26050420168052,6890.61,7040.51,2.1144717231130588,-0.059654769327787585,DOUBLE_TOP_BEARISH,-0.06821757426833357,-0.09806276301073354,0.12364435336134731
2026-04-16,09:00:00,7036.51,7041.31,7025.21,7031.51,4186,90.14941892639729,6918.61,7040.51,1.631830671189741,-0.12783164855955037,DOUBLE_TOP_BEARISH,-0.17634903456015202,0.1351061151872073,0.35838674765448414
2026-04-16,21:00:00,7029.31,7042.51,7018.21,7041.01,6966,84.18395961862007,6954.21,7051.01,1.2481647807587084,-0.14182365363260013,DOUBLE_TOP_BEARISH,0.08095429490939252,0.22297937369780496,1.2043726681257403
2026-04-17,01:00:00,7041.61,7049.01,7040.81,7046.71,3290,80.04246284501025,6954.21,7051.01,1.3301295186656716,-0.06098417106202064,DOUBLE_TOP_BEARISH,-0.02412473338621595,0.8542993822649124,0.577574499305347
2026-05-07,01:00:00,7356.61,7366.1,7350.22,7363.44,8021,95.79976985040267,7208.87,7369.21,2.144164064548254,-0.07829875929713546,DOUBLE_TOP_BEARISH,0.04875438653672938,-0.0330008800234589,-0.19759786186889922
2026-05-07,05:00:00,7363.26,7368.75,7356.27,7367.03,5602,100.0,7221.83,7369.21,2.0105707279179907,-0.029582546840167274,DOUBLE_TOP_BEARISH,0.0019003587605904608,-0.3825150705236626,-0.15732255739423004
2026-05-07,09:00:00,7367.02,7383.77,7363.53,7367.17,10103,100.0,7239.94,7369.21,1.7573350055387267,-0.027682750254097298,DOUBLE_TOP_BEARISH,-0.08361419649607454,-0.5612738677131159,0.004072119959226975
2026-05-22,05:00:00,7459.59,7473.69,7457.57,7464.44,7226,80.01562500000026,7356.59,7467.41,1.4660324960341606,-0.03977282618739636,DOUBLE_TOP_BEARISH,-0.02652576750566102,0.3054482318834391,1.0509830610199924
2026-05-22,13:00:00,7462.47,7494.98,7448.65,7488.65,11191,82.553400441935,7385.76,7479.48,1.3930861549793037,0.12260210602876233,DOUBLE_TOP_BEARISH,-0.018828493787262784,0.5233252989524215,0.7778438036228159
