trade_date,trade_time,open,high,low,close,volume,prev_daily_high,signal,breakout_count,forward_1,forward_3,forward_6
2022-10-31,08:00:00,1.36152,1.36586,1.36111,1.36467,9482,1.36344,BULLISH_DAILY_HIGH_BREAKOUT,1,0.21250558743138656,-0.18319447192361132,-0.6682934335773496
2022-11-02,20:00:00,1.36355,1.37133,1.35481,1.37108,15780,1.36687,BULLISH_DAILY_HIGH_BREAKOUT,1,-0.02844472970214083,0.32456165942175824,0.248709046882743
2022-11-03,08:00:00,1.36893,1.37596,1.3685,1.37553,12797,1.37133,BULLISH_DAILY_HIGH_BREAKOUT,1,0.28861602436879086,-0.07560722048955165,-0.756072204895565
2022-11-17,00:00:00,1.33232,1.33534,1.33206,1.3348,5794,1.33467,BULLISH_DAILY_HIGH_BREAKOUT,1,0.02921786035361945,0.3311357506742651,-0.2539706323044654
2022-11-18,16:00:00,1.33639,1.34089,1.33617,1.34041,27209,1.3401,BULLISH_DAILY_HIGH_BREAKOUT,1,-0.10817585664089147,0.0596832312501333,0.34392462007893126
2022-11-21,04:00:00,1.34076,1.34234,1.3404,1.34121,8573,1.34089,BULLISH_DAILY_HIGH_BREAKOUT,1,0.19832837512394663,0.28407184557228854,0.1498646744357757
2022-11-25,08:00:00,1.3325,1.33699,1.33248,1.33636,9517,1.33622,BULLISH_DAILY_HIGH_BREAKOUT,1,0.154898380675867,0.08231314915143381,0.6008859888054103
2022-11-28,00:00:00,1.33923,1.34733,1.33912,1.34645,8081,1.33981,BULLISH_DAILY_HIGH_BREAKOUT,1,-0.04901778751530936,-0.15299491254780725,-0.023766200007417724
2022-11-29,12:00:00,1.34546,1.35569,1.3438,1.35507,15123,1.35046,BULLISH_DAILY_HIGH_BREAKOUT,1,0.3394658578523572,0.22065280760403877,-0.20958326876102
2022-12-02,12:00:00,1.34335,1.35146,1.34222,1.34787,8536,1.34705,BULLISH_DAILY_HIGH_BREAKOUT,1,-0.03709556559608456,-0.5119188052260163,-0.41324460074041663
2022-12-05,16:00:00,1.3423,1.35851,1.34221,1.35773,12888,1.35146,BULLISH_DAILY_HIGH_BREAKOUT,1,0.07217929927157689,0.05744883003248089,0.5766978707106717
2022-12-06,08:00:00,1.35849,1.36193,1.35808,1.3608,10676,1.36049,BULLISH_DAILY_HIGH_BREAKOUT,1,0.136684303350968,0.3123162845385132,0.5974426807760119
2022-12-07,08:00:00,1.36493,1.36998,1.36478,1.36893,11103,1.36755,BULLISH_DAILY_HIGH_BREAKOUT,1,-0.35721329797725676,-0.2702840904940382,-0.10884413373948934
2022-12-15,12:00:00,1.35743,1.36323,1.35654,1.36253,12541,1.36118,BULLISH_DAILY_HIGH_BREAKOUT,1,0.2803607993952379,0.09467681445546251,0.36182689555458436
2022-12-16,12:00:00,1.36704,1.36876,1.36417,1.36746,10748,1.36738,BULLISH_DAILY_HIGH_BREAKOUT,1,0.21207201673176,-0.1762391587322336,-0.14406271481431307
2022-12-22,16:00:00,1.36357,1.36754,1.3622,1.3675,16527,1.36376,BULLISH_DAILY_HIGH_BREAKOUT,1,-0.21279707495429384,-0.29177330895794795,-0.6661791590493567
2022-12-28,20:00:00,1.35725,1.36119,1.35625,1.36036,6634,1.35806,BULLISH_DAILY_HIGH_BREAKOUT,1,-0.05145696727336315,-0.12570202005352263,-0.4153312358493291
2023-01-03,00:00:00,1.35642,1.36187,1.35545,1.36096,6684,1.35811,BULLISH_DAILY_HIGH_BREAKOUT,1,-0.35195744180577315,0.42690453797320227,0.23218904302845433
2023-01-06,08:00:00,1.35717,1.3628,1.3563,1.36149,8768,1.35948,BULLISH_DAILY_HIGH_BREAKOUT,1,-0.5493980859205836,-1.2596493547510448,-1.6401148741452511
2023-01-17,08:00:00,1.34059,1.34282,1.33957,1.3427,8508,1.34181,BULLISH_DAILY_HIGH_BREAKOUT,1,-0.13554777686750077,-0.28077753779698006,-0.5153794592984313
2023-01-18,16:00:00,1.33903,1.34815,1.33649,1.34765,15776,1.34365,BULLISH_DAILY_HIGH_BREAKOUT,1,0.12243535042480833,0.17734575000926742,-0.0742032426817135
2023-01-19,00:00:00,1.34858,1.35181,1.34821,1.35101,4862,1.35,BULLISH_DAILY_HIGH_BREAKOUT,1,-0.07179813620921661,-0.2501831962753746,-0.4241271345141792
2023-01-30,16:00:00,1.33448,1.33647,1.33219,1.33588,12584,1.33461,BULLISH_DAILY_HIGH_BREAKOUT,1,0.20286253256280432,0.45213641943887517,-0.2762224151869907
2023-01-31,04:00:00,1.33839,1.34201,1.33833,1.34192,4926,1.33888,BULLISH_DAILY_HIGH_BREAKOUT,1,0.2019494455705251,-0.725080481697867,-0.7057052581376005
2023-02-03,12:00:00,1.33465,1.34213,1.33423,1.34097,13566,1.3347,BULLISH_DAILY_HIGH_BREAKOUT,1,-0.11931661409278699,-0.019388949790071885,0.14690858110174182
2023-02-06,08:00:00,1.33975,1.3437,1.33961,1.34358,9074,1.34257,BULLISH_DAILY_HIGH_BREAKOUT,1,-0.047633933223177924,0.07219518004137568,-0.18011581000015545
2023-02-09,20:00:00,1.34464,1.34627,1.34412,1.3454,8799,1.34503,BULLISH_DAILY_HIGH_BREAKOUT,1,-0.002229820127841125,-0.1278430206629957,-0.8235469005500209
2023-02-15,08:00:00,1.33629,1.34019,1.33599,1.33951,9318,1.33903,BULLISH_DAILY_HIGH_BREAKOUT,1,0.2008197027271227,-0.014930832916512602,-0.10824853864472465
2023-02-16,20:00:00,1.34307,1.34604,1.34227,1.34564,7732,1.34399,BULLISH_DAILY_HIGH_BREAKOUT,1,0.17092238637376778,0.35299188490235367,0.1345084866680605
2023-02-17,00:00:00,1.34445,1.34825,1.34445,1.34794,4095,1.3479,BULLISH_DAILY_HIGH_BREAKOUT,1,0.051931094855864876,0.132053355490609,0.057124204341451365
2023-02-21,12:00:00,1.34532,1.35007,1.34443,1.34962,9921,1.34943,BULLISH_DAILY_HIGH_BREAKOUT,1,0.16819549206443252,0.3267586431736359,0.26451890161674035
2023-02-22,08:00:00,1.35427,1.35605,1.35293,1.35524,7791,1.35491,BULLISH_DAILY_HIGH_BREAKOUT,1,-0.1512647206398946,-0.012543903662820126,-0.08854520232579394
2023-02-24,12:00:00,1.35683,1.36279,1.35632,1.36262,10781,1.35811,BULLISH_DAILY_HIGH_BREAKOUT,1,-0.07558967283614393,-0.23777722329041917,-0.43005386681539803
2023-02-28,20:00:00,1.36162,1.3648,1.36111,1.36451,8372,1.3624,BULLISH_DAILY_HIGH_BREAKOUT,1,-0.08721079361820745,-0.3012070266982167,-0.4023422327428891
2023-03-07,08:00:00,1.36113,1.36339,1.36052,1.36314,9032,1.36284,BULLISH_DAILY_HIGH_BREAKOUT,1,0.1276464633126513,0.8905908417330605,0.9338732632011317
2023-03-08,04:00:00,1.37547,1.37733,1.3752,1.37624,6098,1.3761,BULLISH_DAILY_HIGH_BREAKOUT,1,-0.026884845666452183,0.23978375864675355,0.2630355170609907
2023-03-09,20:00:00,1.37947,1.3837,1.37893,1.38273,11600,1.38146,BULLISH_DAILY_HIGH_BREAKOUT,1,0.05134769622413547,0.060749387082073274,-0.0021696209672151822
2023-03-10,04:00:00,1.38342,1.38479,1.38309,1.38405,7986,1.3837,BULLISH_DAILY_HIGH_BREAKOUT,1,-0.03468082800477121,-0.31212745204292486,-0.8207795961128599
2023-03-15,12:00:00,1.36933,1.37819,1.3687,1.37572,18976,1.37499,BULLISH_DAILY_HIGH_BREAKOUT,1,0.33000901346204087,-0.0974035414183205,-0.1097607071206439
2023-03-24,08:00:00,1.37189,1.37603,1.37092,1.37514,8977,1.37346,BULLISH_DAILY_HIGH_BREAKOUT,1,0.32942100440681843,-0.07999185537473281,-0.1977980423811434
2023-04-05,08:00:00,1.34468,1.34764,1.34441,1.34714,8876,1.34672,BULLISH_DAILY_HIGH_BREAKOUT,1,-0.17073206942114172,-0.10912006176047645,0.05864275427944152
2023-04-06,04:00:00,1.34654,1.34891,1.34653,1.34865,4973,1.34831,BULLISH_DAILY_HIGH_BREAKOUT,1,-0.053386720053374255,-0.08378749119488774,0.010380751121494012
2023-04-07,08:00:00,1.34879,1.35137,1.34852,1.35095,2894,1.35056,BULLISH_DAILY_HIGH_BREAKOUT,1,-0.018505496132357486,0.02368703504940049,-0.08956660128059182
2023-04-10,12:00:00,1.34973,1.35463,1.34846,1.3544,7010,1.353,BULLISH_DAILY_HIGH_BREAKOUT,1,-0.13068517424690262,-0.3115770821027844,-0.2813053750738401
2023-04-17,16:00:00,1.33866,1.34199,1.33839,1.34042,13069,1.33953,BULLISH_DAILY_HIGH_BREAKOUT,1,-0.08057176108980543,-0.12458781575922757,-0.14174661673207
2023-04-19,08:00:00,1.33969,1.34253,1.33947,1.3422,10365,1.33993,BULLISH_DAILY_HIGH_BREAKOUT,1,0.11250186261361199,0.27566681567575896,0.3784830874683336
2023-04-20,04:00:00,1.34614,1.34732,1.34581,1.34695,4797,1.34668,BULLISH_DAILY_HIGH_BREAKOUT,1,0.02449979583503036,-0.05865102639296695,0.23831619584987826
2023-04-21,04:00:00,1.34747,1.35032,1.34747,1.35016,4956,1.3489,BULLISH_DAILY_HIGH_BREAKOUT,1,0.11480120874562572,0.29774248977898266,0.4043965159684793
2023-04-25,12:00:00,1.35668,1.36013,1.35651,1.35864,9321,1.35671,BULLISH_DAILY_HIGH_BREAKOUT,1,0.3444621091679928,0.2701230642406995,0.29514808926572506
2023-04-28,08:00:00,1.36089,1.36651,1.36018,1.366,10705,1.36454,BULLISH_DAILY_HIGH_BREAKOUT,1,-0.16251830161054984,-0.8550512445095266,-0.6610541727672103
2023-05-02,12:00:00,1.35682,1.36009,1.35648,1.36009,10236,1.35829,BULLISH_DAILY_HIGH_BREAKOUT,1,0.21469167481563967,0.15072531964795605,0.25733591159408997
2023-05-09,12:00:00,1.33755,1.33975,1.33678,1.33967,8393,1.33868,BULLISH_DAILY_HIGH_BREAKOUT,1,-0.030604551867252493,-0.13585435219120626,-0.42771727365694634
2023-05-11,12:00:00,1.34094,1.34394,1.3396,1.34378,11435,1.34145,BULLISH_DAILY_HIGH_BREAKOUT,1,0.334876244623372,0.36092217476075106,0.44426915120034755
2023-05-12,12:00:00,1.34897,1.35064,1.34828,1.34975,7977,1.34954,BULLISH_DAILY_HIGH_BREAKOUT,1,0.4371179848120034,0.4734210038896015,0.07038340433413642
2023-05-17,08:00:00,1.34773,1.35356,1.34773,1.35071,9189,1.34935,BULLISH_DAILY_HIGH_BREAKOUT,1,-0.2717089530691312,-0.38794411827854486,-0.2339510331603417
2023-05-23,08:00:00,1.3498,1.3536,1.34876,1.35297,10385,1.35187,BULLISH_DAILY_HIGH_BREAKOUT,1,-0.18108309866442443,-0.20695211275933048,0.06873766602364409
2023-05-24,16:00:00,1.35445,1.36025,1.35399,1.35932,13989,1.35483,BULLISH_DAILY_HIGH_BREAKOUT,1,0.007356619486212884,0.11402760203630788,0.32663390518788804
2023-05-25,04:00:00,1.3597,1.36126,1.35919,1.36087,6437,1.36056,BULLISH_DAILY_HIGH_BREAKOUT,1,-0.09626195007604858,0.21236414940442946,0.18517565968829336
2023-05-26,00:00:00,1.36338,1.36543,1.36338,1.365,3521,1.36447,BULLISH_DAILY_HIGH_BREAKOUT,1,-0.11794871794870984,-0.16410256410256555,-0.3098901098901067
2023-05-31,04:00:00,1.36051,1.36411,1.36038,1.36393,6238,1.36134,BULLISH_DAILY_HIGH_BREAKOUT,1,0.029327018248733877,-0.26027728695755387,-0.5366844339518885
2023-06-12,16:00:00,1.33385,1.33833,1.33379,1.338,11544,1.33709,BULLISH_DAILY_HIGH_BREAKOUT,1,-0.09715994020927345,-0.12630792227204551,-0.6711509715994012
2023-06-20,04:00:00,1.32091,1.32319,1.32066,1.32308,6282,1.32284,BULLISH_DAILY_HIGH_BREAKOUT,1,-0.09976720984369712,0.04610454394292102,-0.13831363182876305
2023-06-23,04:00:00,1.31441,1.31953,1.31441,1.31908,7094,1.31792,BULLISH_DAILY_HIGH_BREAKOUT,1,0.10916699517844906,0.05382539345604424,-0.21681778209055438
2023-06-27,16:00:00,1.31612,1.31893,1.31522,1.31841,13274,1.31806,BULLISH_DAILY_HIGH_BREAKOUT,1,0.05461123626184812,0.2465090525708979,0.4930181051417958
2023-06-28,00:00:00,1.31909,1.32033,1.3189,1.32012,3332,1.31919,BULLISH_DAILY_HIGH_BREAKOUT,1,0.11665606157016764,0.5347998666787918,0.38405599490956355
2023-06-29,12:00:00,1.32636,1.32852,1.32525,1.32766,9421,1.32761,BULLISH_DAILY_HIGH_BREAKOUT,1,-0.20110570477382553,-0.16645827998132393,-0.05874998116987805
2023-07-05,08:00:00,1.32364,1.32734,1.32256,1.32723,7684,1.32567,BULLISH_DAILY_HIGH_BREAKOUT,1,0.04370003691899859,0.07685178906444406,0.18082773897517235
2023-07-06,04:00:00,1.32879,1.33059,1.32791,1.3295,5744,1.32929,BULLISH_DAILY_HIGH_BREAKOUT,1,0.009778112072221552,0.48589695374201824,0.5167356148928284
2023-07-07,08:00:00,1.33632,1.33868,1.33579,1.33743,8269,1.33719,BULLISH_DAILY_HIGH_BREAKOUT,1,-0.3028195868194887,-0.7327486298348183,-0.7133083600636956
2023-07-14,16:00:00,1.31162,1.32199,1.31147,1.32155,10840,1.31943,BULLISH_DAILY_HIGH_BREAKOUT,1,0.020430555030077745,0.028754114486780443,-0.2996481404411459
2023-07-21,12:00:00,1.31783,1.32108,1.31535,1.321,7741,1.31943,BULLISH_DAILY_HIGH_BREAKOUT,1,0.010598031794097578,0.054504163512494624,-0.11960635881907002
2023-07-26,12:00:00,1.3197,1.32353,1.31955,1.32313,7211,1.3209,BULLISH_DAILY_HIGH_BREAKOUT,1,-0.06726474344923292,-0.33859106814899653,-0.4300408878946115
2023-07-28,20:00:00,1.32305,1.32493,1.32294,1.32461,6341,1.32428,BULLISH_DAILY_HIGH_BREAKOUT,1,0.009059270275771582,-0.09738715546462832,-0.43559991242705803
2023-07-31,04:00:00,1.32472,1.32611,1.324,1.32524,5517,1.32493,BULLISH_DAILY_HIGH_BREAKOUT,1,-0.14487941806766486,-0.6617669252361794,-0.24599317859406905
2023-08-01,12:00:00,1.32541,1.32981,1.32507,1.32939,8042,1.32611,BULLISH_DAILY_HIGH_BREAKOUT,1,0.016548943500393938,-0.12562152566215035,0.1587194126629382
2023-08-02,08:00:00,1.32947,1.33158,1.32882,1.3312,7989,1.33,BULLISH_DAILY_HIGH_BREAKOUT,1,0.02253605769230521,0.280949519230775,0.48377403846153855
2023-08-03,04:00:00,1.33481,1.33582,1.33341,1.33579,5843,1.3353,BULLISH_DAILY_HIGH_BREAKOUT,1,0.13849482328808474,-0.1856579252726879,-0.0344365506554269
2023-08-04,20:00:00,1.33214,1.33903,1.33208,1.33818,7060,1.33778,BULLISH_DAILY_HIGH_BREAKOUT,1,-0.09042131850722127,0.02017665784871934,-0.1068615582357994
2023-08-08,08:00:00,1.33917,1.34364,1.3391,1.34225,7990,1.33989,BULLISH_DAILY_HIGH_BREAKOUT,1,0.4715962004097558,-0.04023095548519165,-0.04172099087352534
2023-08-11,12:00:00,1.34453,1.34658,1.34312,1.34605,8977,1.34495,BULLISH_DAILY_HIGH_BREAKOUT,1,-0.12852420043832022,-0.08617807659448386,-0.026002005869029565
2023-08-15,08:00:00,1.34455,1.34948,1.3439,1.34839,9232,1.34796,BULLISH_DAILY_HIGH_BREAKOUT,1,-0.1320092851474642,0.10456915284154683,-0.026698507108471284
2023-08-16,12:00:00,1.34807,1.35064,1.34749,1.3506,8202,1.35014,BULLISH_DAILY_HIGH_BREAKOUT,1,0.1725159188508769,0.29024137420405177,0.001480823337769064
2023-08-17,00:00:00,1.35315,1.35491,1.35216,1.35452,3413,1.35446,BULLISH_DAILY_HIGH_BREAKOUT,1,-0.12329090748012864,-0.28792487375601794,-0.056846705844132046
2023-08-18,12:00:00,1.35424,1.35746,1.35316,1.35694,8968,1.35522,BULLISH_DAILY_HIGH_BREAKOUT,1,-0.24319424587675803,-0.1952923489616373,-0.45175173552257053
2023-08-23,12:00:00,1.35503,1.35969,1.35488,1.3593,8711,1.35646,BULLISH_DAILY_HIGH_BREAKOUT,1,-0.48627970278820015,-0.5260060325167358,-0.26778488928123784
2023-08-25,04:00:00,1.35817,1.36013,1.35795,1.36002,5188,1.35886,BULLISH_DAILY_HIGH_BREAKOUT,1,-0.14558609432214914,0.10955721239393475,-0.059557947677238376
2023-08-29,08:00:00,1.35934,1.36128,1.35877,1.36119,7150,1.36114,BULLISH_DAILY_HIGH_BREAKOUT,1,0.14986886474335265,-0.454014502016607,-0.3518979716277559
2023-09-01,16:00:00,1.35424,1.36123,1.35333,1.36021,11844,1.35576,BULLISH_DAILY_HIGH_BREAKOUT,1,-0.07719396269693617,-0.13674359106314268,-0.05293300299217267
2023-09-05,04:00:00,1.36005,1.36184,1.35971,1.3614,5229,1.36042,BULLISH_DAILY_HIGH_BREAKOUT,1,0.3459673865138822,-0.014690759512265167,0.19097987365947977
2023-09-07,16:00:00,1.36526,1.3694,1.3645,1.36893,10111,1.36759,BULLISH_DAILY_HIGH_BREAKOUT,1,-0.021914926256270735,-0.15486547887765625,-0.44706449562796513
2023-09-21,00:00:00,1.34464,1.34852,1.34462,1.34831,2890,1.34771,BULLISH_DAILY_HIGH_BREAKOUT,1,0.04672515964430513,0.1557505321476673,-0.05265851324991941
2023-09-26,12:00:00,1.34897,1.35114,1.3482,1.35,8698,1.34914,BULLISH_DAILY_HIGH_BREAKOUT,1,0.0755555555555571,0.156296296296284,0.09259259259259062
2023-09-29,16:00:00,1.34284,1.35485,1.34283,1.35443,14168,1.35155,BULLISH_DAILY_HIGH_BREAKOUT,1,0.18605612693163012,0.3219066323102648,0.9834395280671572
2023-10-02,04:00:00,1.35751,1.3588,1.357,1.35879,3708,1.35846,BULLISH_DAILY_HIGH_BREAKOUT,1,0.04636478042965657,0.6594102105549849,0.8963857549731805
2023-10-03,00:00:00,1.36567,1.36862,1.36567,1.36801,3261,1.36795,BULLISH_DAILY_HIGH_BREAKOUT,1,0.2163726873341623,0.18932610141739406,0.16301050430917569
2023-10-04,16:00:00,1.37181,1.37795,1.37131,1.3736,15199,1.37358,BULLISH_DAILY_HIGH_BREAKOUT,1,0.06188118811881315,-0.14851485148515156,-0.08153756552125874
2023-10-05,08:00:00,1.37157,1.37837,1.37148,1.37837,8377,1.37795,BULLISH_DAILY_HIGH_BREAKOUT,1,-0.20458947887722778,-0.5767682117283547,-0.532513040765551
2023-10-12,16:00:00,1.36004,1.36759,1.35956,1.36685,12048,1.36234,BULLISH_DAILY_HIGH_BREAKOUT,1,0.1624172367121565,0.13461608808574926,-0.10608333028495821
2023-10-17,12:00:00,1.36428,1.37024,1.36245,1.36848,9148,1.36579,BULLISH_DAILY_HIGH_BREAKOUT,1,-0.32371682450601647,-0.20022214427685936,-0.16441599438792406
2023-10-18,20:00:00,1.37011,1.37158,1.36773,1.37149,8002,1.37024,BULLISH_DAILY_HIGH_BREAKOUT,1,0.012395278128167429,0.15676381162092862,0.034269298354342385
2023-10-19,00:00:00,1.37108,1.37212,1.3709,1.37166,3247,1.37158,BULLISH_DAILY_HIGH_BREAKOUT,1,0.08967236778792428,0.10425324059896914,0.05249114211975504
2023-10-24,16:00:00,1.37047,1.37543,1.37031,1.37505,11859,1.37362,BULLISH_DAILY_HIGH_BREAKOUT,1,-0.07417912075924664,-0.0669066579397136,0.25380895240173035
2023-10-25,08:00:00,1.37413,1.37658,1.374,1.37604,7149,1.37543,BULLISH_DAILY_HIGH_BREAKOUT,1,0.07703264439987653,0.273974593761813,0.25435307113165745
2023-10-26,04:00:00,1.38094,1.38178,1.38017,1.38156,4913,1.38097,BULLISH_DAILY_HIGH_BREAKOUT,1,-0.14621152899620074,0.1795072237181185,-0.07455340339904633
2023-10-27,16:00:00,1.38221,1.3873,1.38158,1.38646,12061,1.38439,BULLISH_DAILY_HIGH_BREAKOUT,1,0.06924108881612683,-0.014425226836690418,-0.15651371117810864
2023-10-31,16:00:00,1.38495,1.38918,1.38486,1.38881,11738,1.38725,BULLISH_DAILY_HIGH_BREAKOUT,1,-0.10080572576522834,-0.05904335366249112,-0.007920449881557197
2023-11-07,00:00:00,1.36916,1.37071,1.36826,1.37047,3075,1.37025,BULLISH_DAILY_HIGH_BREAKOUT,1,0.11237020876048909,0.35024480652622203,0.4655337220077659
2023-11-08,08:00:00,1.37781,1.37882,1.37672,1.37874,6358,1.37819,BULLISH_DAILY_HIGH_BREAKOUT,1,0.039891495133225145,0.031187896195071615,0.013780698318748456
2023-11-10,12:00:00,1.38066,1.38232,1.38066,1.38214,7338,1.38159,BULLISH_DAILY_HIGH_BREAKOUT,1,-0.0846513377805355,-0.09695110480847793,0.008682188490320809
2023-11-16,12:00:00,1.36972,1.37353,1.36962,1.37121,7804,1.37096,BULLISH_DAILY_HIGH_BREAKOUT,1,0.3449508098686489,0.28223248080163066,0.06855259223604997
2023-11-30,12:00:00,1.36058,1.3625,1.3588,1.36197,9214,1.36147,BULLISH_DAILY_HIGH_BREAKOUT,1,-0.26065184989389945,-0.6079429062314033,-0.6776948097241385
2023-12-05,12:00:00,1.35537,1.35914,1.35532,1.35861,8429,1.35617,BULLISH_DAILY_HIGH_BREAKOUT,1,-0.11187905285550584,-0.09863021764892933,-0.17665113608763217
2023-12-07,04:00:00,1.35923,1.36075,1.35891,1.36064,3707,1.3596,BULLISH_DAILY_HIGH_BREAKOUT,1,-0.14478480714957867,-0.11391698024460271,-0.2013758231420482
2023-12-12,16:00:00,1.35876,1.3618,1.35831,1.3609,10432,1.36041,BULLISH_DAILY_HIGH_BREAKOUT,1,-0.1330002204423609,-0.1337350282900972,-0.19031523256669058
2023-12-28,20:00:00,1.32149,1.32351,1.32143,1.3228,6280,1.32189,BULLISH_DAILY_HIGH_BREAKOUT,1,-0.022679165406710534,0.1700937405503542,0.1852131841548279
2023-12-29,08:00:00,1.32245,1.32536,1.32245,1.32505,5139,1.32351,BULLISH_DAILY_HIGH_BREAKOUT,1,0.039998490622989276,0.01509377004641168,0.018112524055697368
2024-01-02,12:00:00,1.32533,1.33086,1.32479,1.32991,7876,1.32647,BULLISH_DAILY_HIGH_BREAKOUT,1,0.04060425141550819,0.20302125707755767,0.47221240535074277
2024-01-03,12:00:00,1.33251,1.33636,1.33231,1.33619,8403,1.33336,BULLISH_DAILY_HIGH_BREAKOUT,1,-0.008232362164067572,-0.11525307029689616,-0.03891662113921493
2024-01-05,08:00:00,1.33619,1.33725,1.33546,1.33722,6759,1.33657,BULLISH_DAILY_HIGH_BREAKOUT,1,-0.10843391513738751,-0.07478201043957702,0.04860830678570597
2024-01-11,12:00:00,1.33704,1.34103,1.33504,1.34026,6940,1.33942,BULLISH_DAILY_HIGH_BREAKOUT,1,0.17086236998790558,-0.2327906525599519,-0.3566472177040281
2024-01-15,08:00:00,1.33988,1.34151,1.33894,1.34146,6150,1.34113,BULLISH_DAILY_HIGH_BREAKOUT,1,0.10958209711805497,0.08423657805673321,0.6097833703576591
2024-01-16,00:00:00,1.34204,1.34569,1.34204,1.34541,3065,1.34476,BULLISH_DAILY_HIGH_BREAKOUT,1,0.16797853442444524,0.06466430307489363,0.2527110694881166
2024-01-17,04:00:00,1.34879,1.35105,1.34799,1.35085,4005,1.35015,BULLISH_DAILY_HIGH_BREAKOUT,1,0.06958581633785696,0.13621053410814238,-0.11918421734464309
2024-01-24,20:00:00,1.348,1.35278,1.34793,1.35226,6657,1.34913,BULLISH_DAILY_HIGH_BREAKOUT,1,0.011092541375169898,-0.12201795512696738,-0.35717983228078265
2024-02-01,04:00:00,1.34332,1.34474,1.34193,1.34474,4067,1.34459,BULLISH_DAILY_HIGH_BREAKOUT,1,-0.014872763508185817,-0.4893139194193695,-0.5361631244701532
2024-02-02,16:00:00,1.34353,1.34754,1.34341,1.34667,12487,1.34631,BULLISH_DAILY_HIGH_BREAKOUT,1,-0.03044546919438478,0.0252474622587573,0.4492563137219875
2024-02-05,08:00:00,1.347,1.34886,1.34661,1.34863,5926,1.34754,BULLISH_DAILY_HIGH_BREAKOUT,1,0.18908077085635439,0.4026308179411733,0.34998479938901383
2024-02-13,12:00:00,1.34506,1.35283,1.34364,1.35237,7987,1.34748,BULLISH_DAILY_HIGH_BREAKOUT,1,0.3327491736728816,0.2994742563055885,0.19817061898740845
2024-02-20,00:00:00,1.34854,1.35049,1.34847,1.35047,2854,1.34963,BULLISH_DAILY_HIGH_BREAKOUT,1,0.02073352240329929,0.07478877724051296,0.09996519730167736
2024-02-26,08:00:00,1.35098,1.35285,1.35081,1.3522,5400,1.35171,BULLISH_DAILY_HIGH_BREAKOUT,1,-0.1501257210471806,-0.13015826061233424,-0.22112113592664162
2024-02-28,04:00:00,1.35338,1.35498,1.35326,1.35476,3021,1.35388,BULLISH_DAILY_HIGH_BREAKOUT,1,0.292302695680413,0.1660810770911516,0.19339218754613857
2024-03-05,04:00:00,1.35725,1.35857,1.3571,1.35849,3293,1.35835,BULLISH_DAILY_HIGH_BREAKOUT,1,0.023555565370381674,-0.06477780476852917,-0.017666674027782166
2024-03-11,12:00:00,1.34801,1.35082,1.34691,1.35077,5968,1.34975,BULLISH_DAILY_HIGH_BREAKOUT,1,-0.20432790186338873,-0.2058085388334065,-0.1058655433567552
2024-03-14,16:00:00,1.34777,1.3534,1.34714,1.35229,9411,1.34978,BULLISH_DAILY_HIGH_BREAKOUT,1,0.06581428539736724,0.10722552115300353,0.1589895658475694
2024-03-15,08:00:00,1.35374,1.35495,1.35317,1.35484,4947,1.35407,BULLISH_DAILY_HIGH_BREAKOUT,1,-0.13949986714297977,-0.06495231909302883,-0.15278556877564997
2024-03-19,08:00:00,1.35497,1.3576,1.3549,1.35706,5248,1.35514,BULLISH_DAILY_HIGH_BREAKOUT,1,0.26306869261492294,-0.036107467613803325,0.15622006396180876
2024-03-22,04:00:00,1.35229,1.35632,1.35215,1.35603,4434,1.35413,BULLISH_DAILY_HIGH_BREAKOUT,1,0.06268297899014162,0.30677787364585896,0.2868668097313444
2024-03-27,08:00:00,1.35899,1.36076,1.35884,1.3605,4504,1.35905,BULLISH_DAILY_HIGH_BREAKOUT,1,-0.013965453877260899,-0.2815141492098493,-0.011025358324152482
2024-04-01,16:00:00,1.35588,1.35845,1.35445,1.35762,7169,1.35609,BULLISH_DAILY_HIGH_BREAKOUT,1,-0.03977548945949418,0.023570660420432515,-0.03903890632136691
2024-04-05,04:00:00,1.35471,1.35778,1.35462,1.35708,4061,1.35586,BULLISH_DAILY_HIGH_BREAKOUT,1,-0.07000324225543125,0.10168892032893688,0.22474725145164598
2024-04-10,12:00:00,1.35627,1.36516,1.35556,1.36486,8603,1.35983,BULLISH_DAILY_HIGH_BREAKOUT,1,0.294535703295586,0.2842782409917578,0.1648520727400675
2024-04-11,16:00:00,1.36704,1.37254,1.3663,1.37026,11343,1.37023,BULLISH_DAILY_HIGH_BREAKOUT,1,-0.10654912206442696,0.03867879088639524,0.5145008976398641
2024-04-12,08:00:00,1.37078,1.37365,1.3704,1.37362,6490,1.37254,BULLISH_DAILY_HIGH_BREAKOUT,1,0.20165693568817716,0.24970515863193926,0.012376057424906705
2024-04-15,20:00:00,1.37619,1.37931,1.37574,1.37869,6917,1.37868,BULLISH_DAILY_HIGH_BREAKOUT,1,0.05585011859083169,0.07470860019294305,0.30173570563360447
2024-04-16,00:00:00,1.37845,1.37947,1.37834,1.37946,2829,1.37931,BULLISH_DAILY_HIGH_BREAKOUT,1,0.02029779768895495,0.16528206689574615,0.19862844881331732
2024-04-24,16:00:00,1.37115,1.37286,1.36968,1.37169,10689,1.3714,BULLISH_DAILY_HIGH_BREAKOUT,1,-0.10352193279822532,-0.19027622859392435,-0.27119830282353646
2024-04-30,04:00:00,1.36678,1.36833,1.36625,1.36808,4531,1.36765,BULLISH_DAILY_HIGH_BREAKOUT,1,0.11256651657798498,0.542365943512074,0.7156014268171427
2024-05-07,16:00:00,1.36733,1.37169,1.36693,1.37125,9399,1.36967,BULLISH_DAILY_HIGH_BREAKOUT,1,0.09042844120327495,0.2946216955332595,0.10355515041020798
2024-05-08,04:00:00,1.37376,1.37543,1.3737,1.37529,5208,1.3741,BULLISH_DAILY_HIGH_BREAKOUT,1,0.021086461764436848,-0.19050527525102667,-0.1941408721069702
2024-05-21,04:00:00,1.36279,1.36438,1.36262,1.36354,5232,1.3635,BULLISH_DAILY_HIGH_BREAKOUT,1,-0.03813602827933731,0.09460668553911242,0.058670812737443276
2024-05-22,12:00:00,1.366,1.36781,1.36487,1.36752,7262,1.36751,BULLISH_DAILY_HIGH_BREAKOUT,1,-0.09506259506260083,0.1009126009125963,-0.06142506142507414
2024-05-23,16:00:00,1.36664,1.37094,1.36564,1.37088,13141,1.3698,BULLISH_DAILY_HIGH_BREAKOUT,1,0.14880952380951065,0.18382352941175417,-0.38296568627452426
2024-05-29,00:00:00,1.36391,1.36588,1.36373,1.36556,2692,1.36534,BULLISH_DAILY_HIGH_BREAKOUT,1,0.05126102111953505,0.1750197721081382,0.47453059550659205
2024-05-30,00:00:00,1.37126,1.3724,1.37089,1.37204,3099,1.3719,BULLISH_DAILY_HIGH_BREAKOUT,1,0.026238302090328125,-0.16982012186233225,-0.2827905891956418
2024-06-04,08:00:00,1.36386,1.36827,1.36376,1.36782,8074,1.36684,BULLISH_DAILY_HIGH_BREAKOUT,1,-0.0029243613925838195,-0.0182772587036367,0.009504174525885239
2024-06-05,16:00:00,1.36692,1.37412,1.36652,1.36995,13600,1.36987,BULLISH_DAILY_HIGH_BREAKOUT,1,-0.04306726522866458,-0.15475017336398406,-0.1182524909668203
2024-06-07,12:00:00,1.3683,1.3737,1.36686,1.3721,9197,1.37098,BULLISH_DAILY_HIGH_BREAKOUT,1,0.1712703155746558,0.31047299759492236,0.34837110997740733
2024-06-10,08:00:00,1.37659,1.37789,1.37574,1.37775,7223,1.37673,BULLISH_DAILY_HIGH_BREAKOUT,1,-0.0631464344039141,-0.15169660678642172,-0.07185628742515307
2024-06-14,12:00:00,1.37575,1.37714,1.37488,1.3765,9516,1.37632,BULLISH_DAILY_HIGH_BREAKOUT,1,-0.24990918997458114,-0.2128586996004431,-0.12204867417363792
2024-06-26,12:00:00,1.36727,1.36953,1.36628,1.36868,6915,1.36803,BULLISH_DAILY_HIGH_BREAKOUT,1,0.09644328842389821,0.16073881403981954,-0.018265774322694966
2024-06-27,00:00:00,1.36977,1.37122,1.36845,1.37088,2611,1.37074,BULLISH_DAILY_HIGH_BREAKOUT,1,-0.11963118580766265,-0.1787173202614425,0.07440476190474724
2024-06-28,00:00:00,1.36946,1.37196,1.36934,1.3719,2774,1.37122,BULLISH_DAILY_HIGH_BREAKOUT,1,0.08090968729500449,-0.13995189153727836,-0.32655441358698284
2024-07-01,16:00:00,1.37034,1.37486,1.36844,1.3737,11923,1.37339,BULLISH_DAILY_HIGH_BREAKOUT,1,-0.010919414719361758,0.10555434228726603,-0.3057436121423879
2024-07-02,04:00:00,1.374,1.3755,1.37371,1.37515,3689,1.37486,BULLISH_DAILY_HIGH_BREAKOUT,1,-0.15125622659346846,-0.41086426935244547,-0.5213976657092041
2024-07-05,20:00:00,1.36368,1.36434,1.36265,1.36412,5395,1.36409,BULLISH_DAILY_HIGH_BREAKOUT,1,0.019792980089727623,-0.0359205934961808,-0.05644664692255354
2024-07-15,00:00:00,1.3643,1.36573,1.36258,1.36551,3969,1.3639,BULLISH_DAILY_HIGH_BREAKOUT,1,0.008055598274641307,-0.06810642177648625,0.18308177896902597
2024-07-16,12:00:00,1.36843,1.3707,1.36647,1.36994,8023,1.3689,BULLISH_DAILY_HIGH_BREAKOUT,1,-0.12482298494823703,-0.15402134400045508,-0.20511847234185288
2024-07-18,20:00:00,1.36931,1.37181,1.36913,1.37051,7771,1.37012,BULLISH_DAILY_HIGH_BREAKOUT,1,0.016782073826544463,0.08318071374890669,0.19992557515086987
2024-07-19,12:00:00,1.37164,1.37249,1.37072,1.37234,7585,1.37181,BULLISH_DAILY_HIGH_BREAKOUT,1,0.057565909322767575,-0.07651165163151954,0.19601556465599496
2024-07-22,12:00:00,1.37415,1.37546,1.37364,1.37503,6326,1.37474,BULLISH_DAILY_HIGH_BREAKOUT,1,-0.013090623477310968,0.10617950153814948,0.05745329192818109
2024-07-23,20:00:00,1.37669,1.37853,1.37643,1.3784,5478,1.37748,BULLISH_DAILY_HIGH_BREAKOUT,1,-0.012333139872315982,0.0652930934416643,0.16758560650029267
2024-07-24,04:00:00,1.37821,1.37999,1.37805,1.37963,4757,1.37853,BULLISH_DAILY_HIGH_BREAKOUT,1,-0.02391945666591343,-0.03406710494842606,0.1674361966614262
2024-07-25,04:00:00,1.38134,1.38214,1.38104,1.38194,5688,1.38162,BULLISH_DAILY_HIGH_BREAKOUT,1,0.05427153132552995,-0.11143754432174154,-0.04992980881947534
2024-07-29,16:00:00,1.38408,1.38648,1.3836,1.38587,9573,1.38487,BULLISH_DAILY_HIGH_BREAKOUT,1,-0.05050978807535504,-0.1089568285625564,-0.1002980077496448
2024-08-01,20:00:00,1.38537,1.38888,1.38534,1.38733,9289,1.38583,BULLISH_DAILY_HIGH_BREAKOUT,1,0.047573396380104584,0.010091326504871155,0.0007208090360667982
2024-08-15,12:00:00,1.37092,1.37274,1.36976,1.37261,5671,1.37241,BULLISH_DAILY_HIGH_BREAKOUT,1,-0.11583771063887063,0.029141562424866197,-0.0029141562424898552
2024-08-30,16:00:00,1.3483,1.35094,1.34666,1.35021,11551,1.34906,BULLISH_DAILY_HIGH_BREAKOUT,1,-0.07480317876478144,-0.0303656468252938,-0.061471919182933495
2024-09-03,04:00:00,1.34983,1.35295,1.34963,1.35263,5657,1.3505,BULLISH_DAILY_HIGH_BREAKOUT,1,-0.11237367203152124,0.17299631089063594,0.06136193933301112
2024-09-06,16:00:00,1.3501,1.35822,1.3497,1.35688,16853,1.35252,BULLISH_DAILY_HIGH_BREAKOUT,1,0.016950651494601766,-0.054536878721787106,-0.14739696951830683
2024-09-10,16:00:00,1.35721,1.36151,1.3569,1.36071,10775,1.35766,BULLISH_DAILY_HIGH_BREAKOUT,1,0.017637850827877943,-0.05144373158131746,-0.16829449331599863
2024-09-19,00:00:00,1.36011,1.36355,1.3598,1.36349,5023,1.36226,BULLISH_DAILY_HIGH_BREAKOUT,1,-0.2684288113590856,-0.4840519549098388,-0.5221893816602993
2024-09-27,04:00:00,1.34848,1.34925,1.34803,1.34897,5261,1.34894,BULLISH_DAILY_HIGH_BREAKOUT,1,-0.05559797475110851,0.15567432930309724,0.13565905839269948
2024-10-03,04:00:00,1.35096,1.35245,1.35076,1.35242,5218,1.35097,BULLISH_DAILY_HIGH_BREAKOUT,1,0.00665473743364824,0.05619556055072344,0.22552165747326994
2024-10-04,12:00:00,1.35588,1.35886,1.35504,1.3581,7429,1.35595,BULLISH_DAILY_HIGH_BREAKOUT,1,-0.025034975333186583,0.0,0.0824681540387313
2024-10-07,08:00:00,1.35824,1.35955,1.35781,1.35922,6604,1.35907,BULLISH_DAILY_HIGH_BREAKOUT,1,0.0,0.20967908064918095,0.356086579067403
2024-10-08,08:00:00,1.36203,1.36473,1.36172,1.36406,7790,1.36391,BULLISH_DAILY_HIGH_BREAKOUT,1,0.03372285676582444,0.04325322933007847,0.21553304106857046
2024-10-09,12:00:00,1.36699,1.36859,1.36641,1.36828,5627,1.3675,BULLISH_DAILY_HIGH_BREAKOUT,1,0.07235361183383858,0.20755985616978642,0.4246206916713021
2024-10-10,08:00:00,1.37055,1.37346,1.37044,1.37339,5261,1.37185,BULLISH_DAILY_HIGH_BREAKOUT,1,0.05096877070605748,0.04150314186064842,0.21770946344445685
2024-10-14,08:00:00,1.37766,1.37885,1.37702,1.37863,4719,1.37833,BULLISH_DAILY_HIGH_BREAKOUT,1,0.0681836315762707,0.07181042048991002,0.14217012541435786
2024-10-15,08:00:00,1.38048,1.3815,1.38032,1.38059,5944,1.3805,BULLISH_DAILY_HIGH_BREAKOUT,1,0.13762232089179358,-0.2317849615019732,-0.1166168087556689
2024-10-17,20:00:00,1.37888,1.38011,1.37878,1.37948,4973,1.37928,BULLISH_DAILY_HIGH_BREAKOUT,1,0.017397860063213526,-0.004349465015799358,0.0637921535651109
2024-10-18,20:00:00,1.37957,1.38149,1.37957,1.38036,5296,1.38011,BULLISH_DAILY_HIGH_BREAKOUT,1,0.023906806919929687,0.07751601031614248,0.19922339099945158
2024-10-21,12:00:00,1.38142,1.3826,1.38113,1.38193,5866,1.38149,BULLISH_DAILY_HIGH_BREAKOUT,1,0.17294653130041984,0.1099910994044536,0.06223180624198482
2024-10-23,12:00:00,1.3825,1.38473,1.38221,1.38452,5986,1.38374,BULLISH_DAILY_HIGH_BREAKOUT,1,-0.03394678300060457,-0.1545662034495732,-0.1466212116834698
2024-10-24,16:00:00,1.38251,1.38683,1.38171,1.38627,9952,1.38624,BULLISH_DAILY_HIGH_BREAKOUT,1,-0.05410201475901566,-0.06275833712046906,0.13128755581525642
2024-10-25,16:00:00,1.38403,1.38875,1.38379,1.38809,8803,1.38683,BULLISH_DAILY_HIGH_BREAKOUT,1,0.09149262655878813,0.12607251691172172,0.13039500320583444
2024-10-28,04:00:00,1.38962,1.39061,1.38934,1.38984,4479,1.38973,BULLISH_DAILY_HIGH_BREAKOUT,1,-0.08058481551833376,0.004317043688478457,-0.0007195072814184016
2024-10-29,16:00:00,1.39019,1.39293,1.38832,1.3922,11152,1.39083,BULLISH_DAILY_HIGH_BREAKOUT,1,-0.049561844562568555,-0.013647464444773345,-0.040942393334304085
2024-10-30,12:00:00,1.39064,1.39363,1.39045,1.3934,7332,1.39293,BULLISH_DAILY_HIGH_BREAKOUT,1,-0.12702741495622574,-0.13492177407778683,-0.20955935122721642
2024-11-01,20:00:00,1.39431,1.39586,1.39403,1.39531,6513,1.39448,BULLISH_DAILY_HIGH_BREAKOUT,1,-0.3418595150898324,-0.29240813869319965,-0.363360113523169
2024-11-06,04:00:00,1.38855,1.39359,1.3884,1.39172,12778,1.39065,BULLISH_DAILY_HIGH_BREAKOUT,1,-0.10490615928491484,0.16885580432844627,-0.19256747046819875
2024-11-11,12:00:00,1.39268,1.39504,1.39218,1.39452,6116,1.39277,BULLISH_DAILY_HIGH_BREAKOUT,1,-0.15202363537273755,-0.09537331841781067,-0.13983306083813044
2024-11-12,08:00:00,1.3948,1.39614,1.39458,1.39605,7314,1.39504,BULLISH_DAILY_HIGH_BREAKOUT,1,-0.2492747394434245,-0.12033952938647641,-0.09311987393002248
2024-11-13,16:00:00,1.39475,1.3999,1.39471,1.39827,13588,1.3967,BULLISH_DAILY_HIGH_BREAKOUT,1,0.1101360967481314,0.2195570240368547,0.32325659565034504
2024-11-14,04:00:00,1.40017,1.40196,1.39996,1.40134,5091,1.40024,BULLISH_DAILY_HIGH_BREAKOUT,1,-0.07064666676181701,0.10347239071174384,0.35180612841993225
2024-11-15,00:00:00,1.40441,1.40711,1.40441,1.40659,4119,1.40645,BULLISH_DAILY_HIGH_BREAKOUT,1,-0.022750055097796658,-0.02843756887223398,0.05758607696627854
2024-11-22,04:00:00,1.39678,1.39855,1.39646,1.39841,4583,1.39779,BULLISH_DAILY_HIGH_BREAKOUT,1,0.1423044743673285,-0.055062535307952416,-0.27674287226207195
2024-11-26,00:00:00,1.39785,1.41776,1.39775,1.41368,11078,1.40071,BULLISH_DAILY_HIGH_BREAKOUT,1,-0.20655310961462522,-0.1414747326127555,-0.5404334785807319
2024-12-02,16:00:00,1.40345,1.40894,1.40276,1.40557,12951,1.40453,BULLISH_DAILY_HIGH_BREAKOUT,1,-0.07256842419801368,-0.08039443072917574,-0.027746750428643926
2024-12-06,12:00:00,1.40386,1.40947,1.40364,1.40907,9223,1.40791,BULLISH_DAILY_HIGH_BREAKOUT,1,0.4499421604320589,0.4385871532287148,0.07451723477187047
2024-12-09,04:00:00,1.41526,1.4173,1.41474,1.41687,3898,1.41643,BULLISH_DAILY_HIGH_BREAKOUT,1,-0.185620416834299,-0.2336135284112266,0.05152201683992867
2024-12-10,04:00:00,1.41745,1.41896,1.41685,1.4176,5240,1.41746,BULLISH_DAILY_HIGH_BREAKOUT,1,0.0028216704288967272,-0.06419300225733397,-0.0677200902934588
2024-12-12,20:00:00,1.41918,1.42274,1.41856,1.4221,7580,1.41967,BULLISH_DAILY_HIGH_BREAKOUT,1,0.0914141058997313,0.01265733773996688,0.09493003304972818
2024-12-13,00:00:00,1.4209,1.42391,1.4209,1.4234,4217,1.42274,BULLISH_DAILY_HIGH_BREAKOUT,1,0.010538148096114551,-0.15666713502880106,-0.10748911058030287
2024-12-16,12:00:00,1.42312,1.42538,1.42289,1.42496,5470,1.42451,BULLISH_DAILY_HIGH_BREAKOUT,1,-0.15088142825062434,-0.06105434538512845,0.17544352122164458
2024-12-17,08:00:00,1.42632,1.42906,1.42574,1.42777,6174,1.42702,BULLISH_DAILY_HIGH_BREAKOUT,1,-0.021712180533281444,0.22552652037793205,0.3607023540206047
2024-12-18,04:00:00,1.43137,1.43292,1.43113,1.43254,3859,1.43233,BULLISH_DAILY_HIGH_BREAKOUT,1,0.02652630991107034,0.05095843746074242,0.7950912365448792
2024-12-27,16:00:00,1.43929,1.4449,1.43913,1.44369,9775,1.44202,BULLISH_DAILY_HIGH_BREAKOUT,1,-0.1572359717113781,-0.30685257915480013,-0.5430528714613142
2025-01-02,08:00:00,1.43706,1.44219,1.43706,1.44143,5612,1.44089,BULLISH_DAILY_HIGH_BREAKOUT,1,0.047869129961224575,-0.08116939428205971,-0.17066385464433975
2025-01-03,16:00:00,1.44139,1.44617,1.44086,1.44568,10326,1.44417,BULLISH_DAILY_HIGH_BREAKOUT,1,-0.0650213048530908,-0.4662165901167595,-0.6439876044491278
2025-01-08,12:00:00,1.43637,1.44093,1.43622,1.43952,10427,1.43708,BULLISH_DAILY_HIGH_BREAKOUT,1,-0.03264977214626893,-0.12643103256640637,-0.0027787040124359484
2025-01-10,04:00:00,1.44007,1.44174,1.43998,1.44164,3976,1.44044,BULLISH_DAILY_HIGH_BREAKOUT,1,-0.042312921395077786,-0.009711162287396923,0.12485780083793623
2025-01-16,08:00:00,1.43665,1.43839,1.43526,1.43717,6950,1.43666,BULLISH_DAILY_HIGH_BREAKOUT,1,0.05705657646625263,0.15168699597123853,0.2859786942393618
2025-01-17,08:00:00,1.44021,1.44171,1.44019,1.44128,6023,1.44028,BULLISH_DAILY_HIGH_BREAKOUT,1,0.16027420071048196,0.47180284191830457,0.44543738898757307
2025-01-23,00:00:00,1.43773,1.44032,1.43669,1.4394,4488,1.43907,BULLISH_DAILY_HIGH_BREAKOUT,1,-0.011115742670552866,0.06738918994024701,-0.131304710295953
2025-01-27,04:00:00,1.4384,1.44011,1.4366,1.43841,6900,1.43833,BULLISH_DAILY_HIGH_BREAKOUT,1,-0.11192914398536503,0.09732969042206797,0.09732969042206797
2025-01-28,12:00:00,1.43972,1.44201,1.43938,1.44018,7059,1.44011,BULLISH_DAILY_HIGH_BREAKOUT,1,-0.03402352483718018,0.0034717882486830446,0.43397353108639813
2025-01-29,08:00:00,1.43973,1.44329,1.43928,1.44292,7284,1.44201,BULLISH_DAILY_HIGH_BREAKOUT,1,0.24325672940981652,-0.06999695062789035,-0.1379147839103995
2025-01-30,20:00:00,1.44146,1.45941,1.43996,1.449,11780,1.44714,BULLISH_DAILY_HIGH_BREAKOUT,1,-0.0476190476190531,-0.08143547273981773,0.3547273982056537
2025-02-03,00:00:00,1.47165,1.47511,1.46732,1.47464,13234,1.45585,BULLISH_DAILY_HIGH_BREAKOUT,1,-0.12681061140346378,-0.5343677100851657,-2.019475939890408
2025-02-06,04:00:00,1.43143,1.4351,1.4314,1.43476,6689,1.4344,BULLISH_DAILY_HIGH_BREAKOUT,1,0.0829407008837732,-0.2606707742061443,-0.16100253700967648
2025-02-10,00:00:00,1.43501,1.43799,1.43227,1.43485,6312,1.43446,BULLISH_DAILY_HIGH_BREAKOUT,1,-0.029968289368221795,-0.07805693974980032,-0.09757117468725428
2025-02-18,00:00:00,1.41724,1.42061,1.41724,1.41994,4208,1.41938,BULLISH_DAILY_HIGH_BREAKOUT,1,0.03169147992169116,0.03732552079664771,-0.10422975618687591
2025-02-19,16:00:00,1.41984,1.42403,1.41916,1.42368,10831,1.42125,BULLISH_DAILY_HIGH_BREAKOUT,1,0.02458417621936463,-0.07445493369296899,-0.3589289728028734
2025-02-24,20:00:00,1.42251,1.42674,1.42065,1.42599,8579,1.42363,BULLISH_DAILY_HIGH_BREAKOUT,1,0.01893421412492321,0.04908870328683391,0.4018260997622713
2025-02-25,16:00:00,1.42618,1.43163,1.42511,1.42926,13460,1.42674,BULLISH_DAILY_HIGH_BREAKOUT,1,0.17211703958692812,0.26587184976841344,0.17351636511201865
2025-02-26,04:00:00,1.43038,1.43324,1.43018,1.43306,7320,1.43174,BULLISH_DAILY_HIGH_BREAKOUT,1,0.008373689866432527,-0.09211058853083526,0.1611935299289656
2025-02-27,12:00:00,1.43268,1.44342,1.43257,1.44255,10847,1.43659,BULLISH_DAILY_HIGH_BREAKOUT,1,0.022182939932764753,0.1254722539946684,-0.07348098852726498
2025-02-28,20:00:00,1.44391,1.44704,1.44331,1.44618,10403,1.4449,BULLISH_DAILY_HIGH_BREAKOUT,1,-0.19361351975548782,-0.24270837655064542,0.1251573109848075
2025-03-03,20:00:00,1.44129,1.45415,1.44037,1.44799,18192,1.44704,BULLISH_DAILY_HIGH_BREAKOUT,1,0.09116085055835936,-0.37914626482228586,-0.6035953286970346
2025-03-07,16:00:00,1.43705,1.4426,1.43365,1.43907,13810,1.43764,BULLISH_DAILY_HIGH_BREAKOUT,1,-0.10423398444829347,-0.17163862772484814,0.2960245158331374
2025-03-10,16:00:00,1.44183,1.44399,1.4409,1.44333,11530,1.4426,BULLISH_DAILY_HIGH_BREAKOUT,1,0.03464211233743807,-0.04503474603867719,0.3429569121406754
2025-03-11,16:00:00,1.4413,1.45205,1.4401,1.44828,13006,1.44722,BULLISH_DAILY_HIGH_BREAKOUT,1,-0.3390228408871192,-0.22992791449167668,-0.6518076615019275
2025-03-19,08:00:00,1.43101,1.43307,1.43072,1.43219,5437,1.43194,BULLISH_DAILY_HIGH_BREAKOUT,1,0.009775239318807489,0.02862748657650322,0.22273581019278352
2025-03-20,08:00:00,1.43295,1.43553,1.43295,1.43538,4696,1.43487,BULLISH_DAILY_HIGH_BREAKOUT,1,0.2152740040964633,-0.22502751884518846,-0.17138318772730068
2025-03-27,16:00:00,1.42962,1.43285,1.42919,1.43151,10208,1.42978,BULLISH_DAILY_HIGH_BREAKOUT,1,-0.07474624696999158,-0.016066950283264,-0.15438243533052826
2025-03-31,08:00:00,1.43149,1.43481,1.43089,1.43477,6937,1.43326,BULLISH_DAILY_HIGH_BREAKOUT,1,0.21257762568216487,0.2801842804073066,0.23488085198323586
2025-04-15,16:00:00,1.38998,1.39692,1.38676,1.39691,9317,1.39105,BULLISH_DAILY_HIGH_BREAKOUT,1,-0.08661975359902609,-0.23766742309812294,-0.6614599365743059
2025-04-23,16:00:00,1.38342,1.3899,1.3823,1.38936,10148,1.38608,BULLISH_DAILY_HIGH_BREAKOUT,1,-0.10796337882189172,-0.19073530258535004,-0.1072436229630903
2025-05-06,00:00:00,1.38155,1.38395,1.38089,1.3838,2134,1.38295,BULLISH_DAILY_HIGH_BREAKOUT,1,-0.1676542853013353,-0.26737967914437166,-0.4791154791154729
2025-05-08,08:00:00,1.383,1.38831,1.38291,1.38656,5997,1.38381,BULLISH_DAILY_HIGH_BREAKOUT,1,0.16371451650126892,0.4096468959150637,0.3310350796215161
2025-05-09,16:00:00,1.39152,1.39442,1.39058,1.39346,6408,1.39324,BULLISH_DAILY_HIGH_BREAKOUT,1,0.022964419502540297,-0.06745798228868721,0.5009114003990058
2025-05-12,08:00:00,1.39252,1.39805,1.39136,1.39572,7274,1.39442,BULLISH_DAILY_HIGH_BREAKOUT,1,0.28229157710714414,0.11463617344451779,0.22568996646891828
2025-05-15,16:00:00,1.39814,1.40044,1.39761,1.39867,6722,1.39853,BULLISH_DAILY_HIGH_BREAKOUT,1,-0.20305004039553118,-0.3124396748339483,-0.010724473964558794
2025-05-27,04:00:00,1.37234,1.37446,1.37217,1.37439,4834,1.37387,BULLISH_DAILY_HIGH_BREAKOUT,1,0.13533276580882958,0.2379237334381148,0.6511979860156152
2025-05-28,12:00:00,1.38171,1.38393,1.38115,1.38382,5191,1.38357,BULLISH_DAILY_HIGH_BREAKOUT,1,-0.11706724863059899,0.11706724863059899,-0.3071208683210307
2025-05-29,00:00:00,1.38318,1.38604,1.3831,1.38544,4564,1.38442,BULLISH_DAILY_HIGH_BREAKOUT,1,-0.08517149786349167,-0.42369211225315,-0.3183104284559436
2025-06-06,16:00:00,1.3681,1.37043,1.36689,1.36989,9096,1.36836,BULLISH_DAILY_HIGH_BREAKOUT,1,0.004379913715696076,-0.11241778536963529,-0.1803064479629731
2025-06-17,16:00:00,1.35827,1.36198,1.35737,1.3613,7885,1.36066,BULLISH_DAILY_HIGH_BREAKOUT,1,0.46499669433629226,0.329097186512895,0.46132373466539806
2025-06-19,04:00:00,1.37003,1.3721,1.37,1.37069,5231,1.37028,BULLISH_DAILY_HIGH_BREAKOUT,1,0.00875471477869686,0.1758238551386545,-0.12256600690162646
2025-06-23,00:00:00,1.37449,1.37598,1.37375,1.37516,4286,1.37465,BULLISH_DAILY_HIGH_BREAKOUT,1,0.051630355740422094,0.22033799703307894,-0.17379795805578202
2025-06-25,12:00:00,1.37226,1.37463,1.37226,1.37394,4540,1.37374,BULLISH_DAILY_HIGH_BREAKOUT,1,-0.012373174956694141,-0.1863254581713827,-0.49711049973069366
2025-07-07,04:00:00,1.36085,1.36344,1.36085,1.36339,5832,1.36162,BULLISH_DAILY_HIGH_BREAKOUT,1,0.3557309353889788,0.27431622646490395,0.1386250449247792
2025-07-09,16:00:00,1.36887,1.37044,1.36762,1.3695,6542,1.36939,BULLISH_DAILY_HIGH_BREAKOUT,1,-0.04965315808689404,-0.09711573566994022,-0.0883534136546136
2025-07-15,16:00:00,1.36738,1.37293,1.36727,1.37241,8692,1.37077,BULLISH_DAILY_HIGH_BREAKOUT,1,-0.02695987350718674,-0.06630671592308177,-0.25502583047338895
2025-07-17,12:00:00,1.37425,1.3774,1.37422,1.37582,5504,1.37548,BULLISH_DAILY_HIGH_BREAKOUT,1,-0.042883516739114884,-0.1715340669564434,-0.3990347574537363
2025-07-24,16:00:00,1.36175,1.36458,1.36104,1.36364,7039,1.36286,BULLISH_DAILY_HIGH_BREAKOUT,1,0.07333313777830747,0.163532897245604,0.5807984512041248
2025-07-25,04:00:00,1.36411,1.36665,1.36381,1.36587,5241,1.36541,BULLISH_DAILY_HIGH_BREAKOUT,1,0.125194930703515,0.4165843015806756,0.2708896161420953
2025-07-28,08:00:00,1.36958,1.37419,1.3695,1.37289,6300,1.37254,BULLISH_DAILY_HIGH_BREAKOUT,1,-0.0859500761168017,0.06555514280096168,0.10780179038379972
2025-07-29,08:00:00,1.37314,1.37603,1.37311,1.37437,5938,1.37419,BULLISH_DAILY_HIGH_BREAKOUT,1,0.24011001404278748,0.2037297088847918,0.2095505577100776
2025-07-30,12:00:00,1.37726,1.38063,1.37713,1.38047,5526,1.37879,BULLISH_DAILY_HIGH_BREAKOUT,1,0.027526856795136796,0.18254652400992818,0.20500264402702617
2025-07-31,16:00:00,1.3833,1.3852,1.38237,1.38477,8216,1.38449,BULLISH_DAILY_HIGH_BREAKOUT,1,0.06932559197555188,0.04188421181857095,-0.37912433111635696
2025-08-01,08:00:00,1.38534,1.38754,1.38502,1.38753,6065,1.38573,BULLISH_DAILY_HIGH_BREAKOUT,1,-0.578726225739262,-0.7098945608383181,-0.6637694320122766
2025-08-05,08:00:00,1.37861,1.38091,1.37735,1.38061,5677,1.37945,BULLISH_DAILY_HIGH_BREAKOUT,1,-0.06373994104055396,-0.2542354466503866,-0.2737920194696471
2025-08-11,08:00:00,1.37506,1.37737,1.3749,1.37641,3972,1.37628,BULLISH_DAILY_HIGH_BREAKOUT,1,0.17799928800285258,0.08863638014835688,0.17872581570899143
2025-08-14,12:00:00,1.37816,1.38012,1.377,1.37959,5605,1.37815,BULLISH_DAILY_HIGH_BREAKOUT,1,0.13337295863262577,0.11090251451516822,-0.021020738045370253
2025-08-19,12:00:00,1.38186,1.38372,1.38051,1.38327,4474,1.3831,BULLISH_DAILY_HIGH_BREAKOUT,1,0.21181692655809053,0.2616987283755129,0.17711654268509136
2025-08-20,08:00:00,1.38693,1.38808,1.3868,1.3879,4342,1.38696,BULLISH_DAILY_HIGH_BREAKOUT,1,-0.15707183514661352,-0.025217955184080296,-0.007925643057845122
2025-08-21,12:00:00,1.38779,1.3895,1.38734,1.38942,4449,1.38831,BULLISH_DAILY_HIGH_BREAKOUT,1,0.018712844208369456,0.09212477148737946,0.15977890054842225
2025-08-22,04:00:00,1.39068,1.3915,1.39033,1.39143,2923,1.39121,BULLISH_DAILY_HIGH_BREAKOUT,1,-0.048151901281411814,-0.5943525725332931,-0.5742293899082197
2025-09-02,08:00:00,1.37572,1.37832,1.37451,1.37692,5750,1.37614,BULLISH_DAILY_HIGH_BREAKOUT,1,0.28541963222264105,0.0936873601952193,0.2273189437294888
2025-09-04,08:00:00,1.38074,1.38149,1.38067,1.38096,3984,1.38072,BULLISH_DAILY_HIGH_BREAKOUT,1,0.04272390221295986,0.04344803614876129,-0.12889584057466494
2025-09-10,20:00:00,1.38567,1.38695,1.38518,1.38628,3978,1.38594,BULLISH_DAILY_HIGH_BREAKOUT,1,0.04616671956603095,0.12767983379981312,-0.21929191793865105
2025-09-11,04:00:00,1.38695,1.38729,1.38641,1.38713,3103,1.38695,BULLISH_DAILY_HIGH_BREAKOUT,1,0.06632399270436311,-0.27899331713682496,-0.21266932443246184
2025-09-18,16:00:00,1.37858,1.38099,1.37858,1.3802,13461,1.3787,BULLISH_DAILY_HIGH_BREAKOUT,1,-0.04419649326184606,-0.03405303579192816,-0.184755832488049
2025-09-19,12:00:00,1.38084,1.3825,1.38047,1.38183,7199,1.38099,BULLISH_DAILY_HIGH_BREAKOUT,1,-0.3024974128510635,-0.22144547447948307,-0.15197238444671132
2025-09-22,16:00:00,1.37972,1.38286,1.37925,1.38274,7737,1.3825,BULLISH_DAILY_HIGH_BREAKOUT,1,-0.07376657940032261,0.01880324572948833,0.007232017588265978
2025-09-23,08:00:00,1.383,1.38442,1.38221,1.38314,7753,1.38312,BULLISH_DAILY_HIGH_BREAKOUT,1,-0.10338794337522177,0.02313576355248752,0.20749887936144773
2025-09-24,08:00:00,1.38441,1.38643,1.38424,1.38601,8557,1.38499,BULLISH_DAILY_HIGH_BREAKOUT,1,0.11471778702895219,0.258295394694132,0.23881501576468758
2025-09-25,16:00:00,1.39062,1.39367,1.39039,1.39349,10392,1.39068,BULLISH_DAILY_HIGH_BREAKOUT,1,0.03372826500370957,0.0007176226596578026,0.0107643398948033
2025-10-01,16:00:00,1.39292,1.39566,1.39225,1.39479,13734,1.39355,BULLISH_DAILY_HIGH_BREAKOUT,1,-0.07241233447328668,-0.02079166039331379,0.13407036184658896
2025-10-02,16:00:00,1.39459,1.39862,1.39401,1.39666,11401,1.39566,BULLISH_DAILY_HIGH_BREAKOUT,1,0.010023914195296564,0.007875932582021,-0.13961880486303885
2025-10-08,04:00:00,1.39562,1.39681,1.39515,1.39638,3982,1.39623,BULLISH_DAILY_HIGH_BREAKOUT,1,-0.07161374410976167,-0.03867142181927448,-0.2033830332717422
2025-10-09,16:00:00,1.39446,1.40246,1.39387,1.40222,11704,1.39707,BULLISH_DAILY_HIGH_BREAKOUT,1,0.0007131548544497663,-0.049207684956717165,-0.0969890602045348
2025-10-13,20:00:00,1.40304,1.40392,1.40267,1.4036,4218,1.40338,BULLISH_DAILY_HIGH_BREAKOUT,1,0.008549444286129953,0.16101453405529714,0.06127101738387596
2025-10-14,04:00:00,1.40373,1.40467,1.40327,1.40425,5028,1.40392,BULLISH_DAILY_HIGH_BREAKOUT,1,0.11465194943921035,0.0,-0.045575930211855006
2025-10-21,08:00:00,1.40489,1.40654,1.40486,1.40607,6604,1.40507,BULLISH_DAILY_HIGH_BREAKOUT,1,-0.23754151642520635,-0.2645671979346651,-0.37764833898738515
2025-10-24,04:00:00,1.3988,1.40285,1.39872,1.40112,4549,1.40046,BULLISH_DAILY_HIGH_BREAKOUT,1,0.05995203836931698,0.030689733927154884,-0.15202124015073407
2025-10-30,12:00:00,1.39451,1.40012,1.39434,1.40006,7964,1.3955,BULLISH_DAILY_HIGH_BREAKOUT,1,-0.12928017370684752,-0.14070825536048648,0.19427738811192616
2025-10-31,12:00:00,1.40018,1.4034,1.40018,1.40278,6754,1.40139,BULLISH_DAILY_HIGH_BREAKOUT,1,-0.06772266499379849,-0.05346526183719517,0.23952437303069835
2025-11-03,08:00:00,1.401,1.40404,1.40083,1.40393,4512,1.40354,BULLISH_DAILY_HIGH_BREAKOUT,1,0.15741525574637236,0.11396579601547414,0.22508244713055864
2025-11-04,12:00:00,1.40709,1.40831,1.40667,1.40801,6334,1.40754,BULLISH_DAILY_HIGH_BREAKOUT,1,0.08735733410984754,0.23792444655932588,0.3778382255807836
2025-11-05,00:00:00,1.40993,1.4119,1.40963,1.41136,4944,1.41074,BULLISH_DAILY_HIGH_BREAKOUT,1,-0.024798775649008786,0.13958168008162533,-0.07085364471147616
2025-11-13,16:00:00,1.40075,1.40257,1.39968,1.40226,11531,1.40217,BULLISH_DAILY_HIGH_BREAKOUT,1,0.09342062099752702,0.01497582474006557,0.02210716985438025
2025-11-17,20:00:00,1.40262,1.40576,1.40253,1.40551,6932,1.40451,BULLISH_DAILY_HIGH_BREAKOUT,1,-0.03557427552987492,-0.13589373252414272,-0.47598380658978484
2025-11-20,16:00:00,1.40496,1.41067,1.4043,1.41012,9499,1.4065,BULLISH_DAILY_HIGH_BREAKOUT,1,-0.030493858678689076,-0.06807931239894986,-0.058860238844928685
2025-12-02,08:00:00,1.39975,1.40094,1.39924,1.40079,3363,1.40012,BULLISH_DAILY_HIGH_BREAKOUT,1,-0.0756715853197168,-0.2719893774227307,-0.3797856923593109
2025-12-17,16:00:00,1.3777,1.37977,1.3762,1.37827,8296,1.37809,BULLISH_DAILY_HIGH_BREAKOUT,1,0.03772845668844666,-0.0413561929085144,-0.07690800786493654
2025-12-19,20:00:00,1.3779,1.38054,1.37728,1.38031,4001,1.37958,BULLISH_DAILY_HIGH_BREAKOUT,1,-0.0354992719026798,-0.2311075048358721,-0.41005281422289186
2025-12-29,08:00:00,1.36736,1.36964,1.36712,1.36869,4220,1.36847,BULLISH_DAILY_HIGH_BREAKOUT,1,-0.0014612512694553903,0.00365312817366281,-0.019726892137736995
2025-12-30,12:00:00,1.36843,1.37079,1.36824,1.37035,3813,1.37009,BULLISH_DAILY_HIGH_BREAKOUT,1,-0.128434341591563,-0.05546028386907519,-0.04232495347904002
2025-12-31,16:00:00,1.3698,1.37265,1.36924,1.37201,7397,1.37084,BULLISH_DAILY_HIGH_BREAKOUT,1,0.0284254487941132,-0.032069737101041246,0.14504267461608578
2026-01-02,12:00:00,1.37206,1.37411,1.37173,1.37394,3529,1.37275,BULLISH_DAILY_HIGH_BREAKOUT,1,0.004367002925904409,0.05167620128972069,0.4308776220213508
2026-01-05,04:00:00,1.37464,1.37775,1.37456,1.37682,3374,1.37473,BULLISH_DAILY_HIGH_BREAKOUT,1,0.06827326738427411,-0.050841794860615255,-0.031231388271519184
2026-01-06,20:00:00,1.379,1.38158,1.37883,1.38154,3343,1.38148,BULLISH_DAILY_HIGH_BREAKOUT,1,0.030400857014642138,-0.015200428507321069,0.33223793737424134
2026-01-07,00:00:00,1.38099,1.38249,1.38091,1.38196,2737,1.38158,BULLISH_DAILY_HIGH_BREAKOUT,1,-0.04703464644418358,-0.17366638687083413,0.3162175460939524
2026-01-08,00:00:00,1.38564,1.38658,1.38554,1.38633,1956,1.38613,BULLISH_DAILY_HIGH_BREAKOUT,1,0.024525185201215216,-0.0007213289765110408,0.0627556209560441
2026-01-09,16:00:00,1.38778,1.39057,1.38741,1.39011,7263,1.38878,BULLISH_DAILY_HIGH_BREAKOUT,1,0.11581817266260305,-0.07913042852723014,-0.20861658429907723
2026-01-15,04:00:00,1.38892,1.39025,1.38882,1.38999,2142,1.38975,BULLISH_DAILY_HIGH_BREAKOUT,1,0.031654903992114757,-0.02374117799409805,-0.06187094871186719
2026-01-16,16:00:00,1.38997,1.3928,1.38899,1.39242,6925,1.39194,BULLISH_DAILY_HIGH_BREAKOUT,1,-0.04309044684792907,-0.22694302006578845,-0.41582281208255856
2026-01-27,04:00:00,1.37181,1.37393,1.37081,1.37338,4715,1.37198,BULLISH_DAILY_HIGH_BREAKOUT,1,-0.19222647774104587,-0.9902576126054009,-1.0878271126709254
2026-01-30,16:00:00,1.35454,1.35887,1.35111,1.35828,28559,1.35778,BULLISH_DAILY_HIGH_BREAKOUT,1,0.2724033336278261,0.5830903790087574,0.7531584062196279
2026-02-02,00:00:00,1.36096,1.36577,1.3607,1.36253,16726,1.36225,BULLISH_DAILY_HIGH_BREAKOUT,1,0.26935186748182144,0.273755440247188,0.25981079315683886
2026-02-05,04:00:00,1.36676,1.36929,1.36662,1.36844,11084,1.36838,BULLISH_DAILY_HIGH_BREAKOUT,1,0.10961386688490798,-0.07965274326971115,0.04457630586653411
2026-02-11,12:00:00,1.3511,1.36063,1.35038,1.35828,7084,1.35758,BULLISH_DAILY_HIGH_BREAKOUT,1,-0.20687928851194004,-0.10380775686897484,-0.12074093706745766
2026-02-12,16:00:00,1.35659,1.36354,1.35589,1.36256,11485,1.36185,BULLISH_DAILY_HIGH_BREAKOUT,1,-0.12476514795678978,-0.005137388445280538,-0.15925904180366407
2026-02-16,16:00:00,1.36262,1.36384,1.36184,1.3638,4113,1.3637,BULLISH_DAILY_HIGH_BREAKOUT,1,0.0,0.016131397565633452,0.0747910250769923
2026-02-17,00:00:00,1.36277,1.36437,1.36257,1.36421,3135,1.36384,BULLISH_DAILY_HIGH_BREAKOUT,1,-0.013927474509050106,0.20891211763584927,0.021257724250674275
2026-02-18,20:00:00,1.36794,1.36997,1.36772,1.36949,5735,1.36923,BULLISH_DAILY_HIGH_BREAKOUT,1,-0.041621333489122336,-0.1569927491255939,-0.10514863197249398
2026-02-19,04:00:00,1.36891,1.3704,1.36864,1.37015,2690,1.36997,BULLISH_DAILY_HIGH_BREAKOUT,1,-0.20508703426631972,-0.041601284530887815,-0.1167755355253108
2026-02-24,00:00:00,1.3689,1.37169,1.36867,1.37062,3694,1.37039,BULLISH_DAILY_HIGH_BREAKOUT,1,-0.056908552333980456,0.05617895550919726,-0.05471976185959846
2026-03-02,16:00:00,1.36836,1.37184,1.36652,1.37018,11654,1.36844,BULLISH_DAILY_HIGH_BREAKOUT,1,-0.16348217022581119,-0.18975609044066735,-0.18902625932358305
2026-03-05,16:00:00,1.36485,1.3716,1.36347,1.3701,13026,1.36995,BULLISH_DAILY_HIGH_BREAKOUT,1,-0.1956061601342979,-0.27224290197795864,-0.7488504488723566
2026-03-12,16:00:00,1.36003,1.36338,1.35942,1.36278,11742,1.36046,BULLISH_DAILY_HIGH_BREAKOUT,1,0.05870353248506082,0.12401121237470239,0.7726852463346928
2026-03-13,04:00:00,1.36257,1.36466,1.36209,1.36447,4407,1.36425,BULLISH_DAILY_HIGH_BREAKOUT,1,0.13411800919038147,0.6478706017721136,0.5254787573196844
2026-03-18,20:00:00,1.36973,1.37373,1.36918,1.37319,8371,1.37227,BULLISH_DAILY_HIGH_BREAKOUT,1,-0.0895724553776129,0.08957245537762905,0.046606806050160286
2026-03-19,08:00:00,1.3727,1.37471,1.3721,1.37442,6686,1.37373,BULLISH_DAILY_HIGH_BREAKOUT,1,-0.13096433404636312,-0.04292719838185332,-0.2051774566726361
2026-03-24,04:00:00,1.37417,1.3759,1.37394,1.37563,6133,1.37544,BULLISH_DAILY_HIGH_BREAKOUT,1,-0.06469762944976741,0.11485646576478682,0.11849116404847382
2026-03-25,08:00:00,1.37726,1.37867,1.37713,1.37864,6656,1.37851,BULLISH_DAILY_HIGH_BREAKOUT,1,-0.006528172691938831,0.17698601520338866,0.32495792955374986
2026-03-26,00:00:00,1.38044,1.38245,1.38007,1.38225,2823,1.38195,BULLISH_DAILY_HIGH_BREAKOUT,1,-0.01953336950623928,0.08970880810274046,0.2597214686200023
2026-03-27,12:00:00,1.3851,1.38703,1.38466,1.38679,6519,1.38654,BULLISH_DAILY_HIGH_BREAKOUT,1,0.0879729447140518,0.1362859553356995,0.41462658369327166
2026-03-30,08:00:00,1.38936,1.39186,1.38858,1.39179,5817,1.38953,BULLISH_DAILY_HIGH_BREAKOUT,1,0.05388743991549058,0.05460593911436868,0.1559143261555267
2026-04-02,08:00:00,1.39108,1.39212,1.39059,1.39202,5979,1.39178,BULLISH_DAILY_HIGH_BREAKOUT,1,-0.013649229177751361,-0.000718380483043743,-0.005028663381274299
2026-04-03,12:00:00,1.39196,1.39423,1.39175,1.39394,2830,1.39331,BULLISH_DAILY_HIGH_BREAKOUT,1,0.01291303786390153,0.03228259465974586,-0.2030216508601438
2026-04-13,00:00:00,1.38616,1.38773,1.38555,1.38622,4224,1.38435,BULLISH_DAILY_HIGH_BREAKOUT,1,-0.0216415864725633,-0.14716278801344967,-0.5518604550504203
2026-04-23,12:00:00,1.36636,1.36842,1.36621,1.36796,5842,1.36743,BULLISH_DAILY_HIGH_BREAKOUT,1,0.10014912716745161,0.1352378724524041,0.00950320184800458
2026-04-28,16:00:00,1.36743,1.36913,1.36635,1.36809,8367,1.36805,BULLISH_DAILY_HIGH_BREAKOUT,1,0.02631405828563296,0.030699734666569077,-0.04020203349195232
2026-05-04,08:00:00,1.35897,1.36074,1.35877,1.36012,5397,1.3593,BULLISH_DAILY_HIGH_BREAKOUT,1,0.11249007440520184,0.1705731847190027,0.11396053289415202
2026-05-05,04:00:00,1.36262,1.36279,1.36186,1.36276,3474,1.36258,BULLISH_DAILY_HIGH_BREAKOUT,1,-0.07998473685755639,-0.05870439402388622,-0.30012621444714604
2026-05-06,16:00:00,1.36106,1.36354,1.36067,1.36339,7307,1.36294,BULLISH_DAILY_HIGH_BREAKOUT,1,-0.013935851077104459,0.007334658461627925,-0.019070112000245637
2026-05-07,20:00:00,1.3631,1.36646,1.36262,1.36642,5734,1.36409,BULLISH_DAILY_HIGH_BREAKOUT,1,-0.034396452042561615,-0.09806648029155728,0.0651337070593271
2026-05-08,12:00:00,1.36506,1.36927,1.36423,1.36901,5870,1.36646,BULLISH_DAILY_HIGH_BREAKOUT,1,-0.008035003396619052,-0.05186229465087825,-0.16946552618316152
2026-05-12,08:00:00,1.36922,1.37093,1.36833,1.37043,6723,1.36945,BULLISH_DAILY_HIGH_BREAKOUT,1,-0.024080033274223523,-0.06129463015257634,-0.03648489890034112
2026-05-14,12:00:00,1.37051,1.37271,1.37038,1.37243,5290,1.37182,BULLISH_DAILY_HIGH_BREAKOUT,1,-0.017487230678432997,0.0786925380529404,0.21130403736437578
2026-05-15,04:00:00,1.37352,1.37462,1.37349,1.37459,4802,1.37374,BULLISH_DAILY_HIGH_BREAKOUT,1,0.013822303377728084,-0.08366130991786529,0.05310674455656737
2026-05-19,12:00:00,1.37599,1.37736,1.37404,1.37646,6257,1.37631,BULLISH_DAILY_HIGH_BREAKOUT,1,-0.11478720776483986,-0.052308094677655285,-0.02324804207896328
2026-05-21,16:00:00,1.37752,1.37997,1.37731,1.37853,7484,1.37782,BULLISH_DAILY_HIGH_BREAKOUT,1,-0.059483652876618054,0.023938543230828595,0.1639427506111531
2026-05-22,12:00:00,1.37844,1.38066,1.37836,1.38032,5295,1.37997,BULLISH_DAILY_HIGH_BREAKOUT,1,0.03405007534484543,-0.0007244696881929924,0.023183030022030978
2026-05-27,08:00:00,1.38089,1.3829,1.38078,1.3828,5444,1.38208,BULLISH_DAILY_HIGH_BREAKOUT,1,-0.0021695111368219906,0.08750361585188988,0.2299681805033237
2026-05-28,04:00:00,1.38471,1.38693,1.38468,1.38611,4918,1.38515,BULLISH_DAILY_HIGH_BREAKOUT,1,-0.009378765033075548,-0.5050104248580485,-0.5201607376037933
