trade_date,trade_time,open,high,low,close,volume,ema50,sma50,prev_ema50,prev_sma50,signal,forward_1,forward_3,forward_6
2010-01-06,20:00:00,1.0282,1.0282,1.0248,1.028,6358,1.0346251532970185,1.034526,1.0348955677173048,1.0349380000000001,BULLISH_CROSS,0.009727626459142897,0.4377431906614736,0.6614785992217818
2010-01-11,04:00:00,1.0153,1.0176,1.0132,1.0175,7689,1.0319600357623901,1.0321420000000001,1.0325502413037122,1.032476,BEARISH_CROSS,-0.13759213759214425,-0.22604422604422295,-0.01965601965601749
2010-01-18,00:00:00,1.0279,1.0287,1.0262,1.0282,6772,1.0240974588972134,1.023912,1.0239300082399567,1.02404,BULLISH_CROSS,-0.18478895156584446,-0.31122349737406063,-0.37930363742462697
2010-01-29,04:00:00,1.0521,1.0537,1.0505,1.0517,7988,1.0427315142632345,1.042738,1.0423654536209175,1.042196,BEARISH_CROSS,-0.10459256441952085,0.789198440619946,0.8367405153560823
2010-02-01,12:00:00,1.059,1.0594,1.0566,1.0572,10807,1.0469399808029864,1.046936,1.0465212045092307,1.046548,BULLISH_CROSS,0.047294740824836076,0.06621263715476211,-0.15134317063940822
2010-02-10,00:00:00,1.0641,1.0671,1.0638,1.066,6714,1.0626793552881733,1.062802,1.0625438187693232,1.062506,BEARISH_CROSS,-0.00938086303939859,0.10318949343338452,-0.20637898686678985
2010-02-19,00:00:00,1.0862,1.0888,1.0847,1.0867,10679,1.0727565028043402,1.07264,1.0721873804698234,1.072332,BULLISH_CROSS,0.13803257568786756,-0.17484126253796015,-1.1318671206404691
2010-02-22,12:00:00,1.0762,1.0778,1.0744,1.0759,10740,1.0746264354349908,1.07469,1.0745744532078476,1.07449,BEARISH_CROSS,0.12082907333393965,-0.1022399851287388,0.4647272051305784
2010-03-10,04:00:00,1.0752,1.0763,1.0745,1.0762,3160,1.075089655039714,1.075034,1.0750443348372534,1.07512,BULLISH_CROSS,0.04645976584277503,-0.4924735179334772,-0.44601375209070215
2010-03-11,00:00:00,1.0699,1.072,1.0699,1.0708,3336,1.0745797111361783,1.074642,1.074733985060104,1.074696,BEARISH_CROSS,0.05603287261859674,0.12140455734031368,-0.19611505416510933
2010-03-22,08:00:00,1.0627,1.0634,1.0578,1.0619,8641,1.0616927545714772,1.061526,1.0616842955743946,1.0617919999999998,BULLISH_CROSS,-0.23542706469537328,-0.36726622092475886,-0.16950748658065953
2010-03-31,16:00:00,1.0565,1.0565,1.0488,1.0514,9609,1.0638787075378617,1.0641539999999998,1.064388042539407,1.0642559999999999,BEARISH_CROSS,0.22826707247481262,0.20924481643524845,0.3709339927715441
2010-04-07,00:00:00,1.069,1.0706,1.068,1.0697,3746,1.0627596308608542,1.062572,1.0624763504878278,1.062644,BULLISH_CROSS,0.16827147798446307,0.1963167243152277,0.5796017575021017
2010-04-13,12:00:00,1.0586,1.0587,1.0542,1.0582,7834,1.064461264868759,1.064464,1.0647168267001368,1.064372,BEARISH_CROSS,-0.3402003402003447,-0.5953505953505928,-0.4536004536004666
2010-04-20,12:00:00,1.0624,1.0661,1.0608,1.065,6812,1.0615127229097723,1.061302,1.0613703850693548,1.061486,BULLISH_CROSS,0.31924882629108636,0.35680751173709163,0.35680751173709163
2010-04-30,16:00:00,1.0766,1.081,1.0765,1.0781,11164,1.0772519115613148,1.077314,1.0772172957066746,1.077,BEARISH_CROSS,-0.05565346442817511,0.371023096187738,0.7049438827567064
2010-05-05,00:00:00,1.1042,1.1071,1.1026,1.1054,5513,1.0828929667805005,1.08267,1.081974312363378,1.082086,BULLISH_CROSS,-0.09951148905372525,0.8594174054640913,1.0222543875520254
2010-05-12,20:00:00,1.1109,1.1116,1.1095,1.1102,5965,1.10299839735838,1.103374,1.1027044543934157,1.1027019999999998,BEARISH_CROSS,-0.04503693028284696,0.3152585119798087,0.7386056566384421
2010-05-18,00:00:00,1.1309,1.1371,1.1309,1.1341,7509,1.1157801467226018,1.115654,1.1150323976092384,1.11525,BULLISH_CROSS,-0.04408782294331778,-0.37915527731242327,1.349087382065062
2010-05-26,00:00:00,1.1548,1.1608,1.1548,1.16,7619,1.1453724330904498,1.14568,1.1447753895431212,1.144738,BEARISH_CROSS,0.1551724137931055,-0.26724137931033454,-0.1551724137931055
2010-06-25,04:00:00,1.1026,1.1029,1.1001,1.1013,4890,1.1150317406002488,1.1149499999999999,1.115592219808422,1.1157780000000002,BULLISH_CROSS,0.08172160174340534,-0.7445745936620345,-0.8807772632343632
2010-06-30,12:00:00,1.0799,1.0833,1.0792,1.0812,8327,1.099147704328477,1.099152,1.099880263688823,1.09974,BEARISH_CROSS,-0.397706252312243,-0.6844247132815253,-1.711061783203844
2010-07-07,04:00:00,1.0616,1.0633,1.0606,1.062,3672,1.0754696661742085,1.0754080000000001,1.0760194484670333,1.076206,BULLISH_CROSS,-0.2636534839924798,-0.9604519774011286,-0.9416195856873831
2010-07-30,20:00:00,1.0398,1.0416,1.0398,1.0409,3063,1.0494748588720155,1.049622,1.0498248531116896,1.049788,BEARISH_CROSS,-0.009607070804110768,0.4515323277932701,-0.17292727447401518
2010-08-09,08:00:00,1.0386,1.0412,1.0375,1.0387,5523,1.0445953574051134,1.044506,1.0448359842379753,1.044968,BULLISH_CROSS,0.5006257822277937,0.9531144700105921,1.3670934822374112
2010-08-16,16:00:00,1.039,1.0396,1.0366,1.0394,5425,1.0486647404100091,1.048894,1.0490428930798055,1.04894,BEARISH_CROSS,0.0,0.13469309216854394,0.2693861843371092
2010-09-06,00:00:00,1.0163,1.0181,1.015,1.0154,2706,1.0215041219864491,1.0215,1.0217532698226306,1.021792,BULLISH_CROSS,-0.09848335631279415,-0.029545006893853556,-0.42347843214496456
2010-09-15,00:00:00,0.9958,0.9986,0.9946,0.9986,4007,1.0119422758212782,1.011978,1.0124868585078608,1.012274,BEARISH_CROSS,0.20028039254955843,0.3404766673342638,0.31043460845183174
2010-09-16,20:00:00,1.0143,1.0157,1.0137,1.0156,3843,1.009847080385228,1.009812,1.009612267339727,1.0098019999999999,BULLISH_CROSS,0.06892477353287936,0.0,-0.5907837731390316
2010-09-21,04:00:00,1.0035,1.0073,1.0029,1.0052,3999,1.0091162808938976,1.00915,1.0092761290936485,1.009266,BEARISH_CROSS,-0.2785515320334397,-0.10943095901314173,-0.8257063270990931
2010-10-01,00:00:00,0.9832,0.9841,0.9781,0.9811,6315,0.9859863921474933,0.9858020000000001,0.986185836724942,0.986274,BULLISH_CROSS,-0.020385281826519008,-0.2548160228315102,-0.33635715013759754
2010-10-06,20:00:00,0.9611,0.9618,0.9602,0.9616,4151,0.975931030812922,0.9760899999999999,0.9765159708461024,0.976462,BEARISH_CROSS,0.07279534109817325,-0.32237936772046505,0.48876871880200057
2010-10-08,08:00:00,0.9664,0.9677,0.9657,0.9669,6326,0.9725094079322708,0.9723859999999999,0.9727383633580777,0.972756,BULLISH_CROSS,-0.6929361878167265,-0.46540490226496517,-0.39300858413486667
2010-10-11,08:00:00,0.9614,0.964,0.9594,0.9631,6409,0.9702312745879161,0.970236,0.9705223470200759,0.970492,BEARISH_CROSS,-0.06229882670542353,0.10383137784238407,0.31149413352715216
2010-10-11,16:00:00,0.9624,0.9662,0.962,0.9637,5999,0.9696838486295989,0.9696740000000001,0.9699280873491744,0.9699880000000001,BULLISH_CROSS,0.0415066929542343,0.1867801182940774,-0.5084569886894277
2010-11-02,20:00:00,0.9793,0.98,0.9782,0.9793,7152,0.9807776142309362,0.98104,0.9808379250158723,0.9807279999999998,BEARISH_CROSS,0.051056877361386296,-0.010211375472274992,-0.7760645358929787
2010-11-12,00:00:00,0.9751,0.9775,0.9741,0.9762,12323,0.9708276595273791,0.9703579999999999,0.9706083803244151,0.970676,BULLISH_CROSS,0.06146281499693146,-0.21511985248924306,0.21511985248924306
2010-11-23,12:00:00,0.9868,0.9902,0.9848,0.9895,21338,0.9867487408872302,0.9870300000000001,0.986636444596913,0.9866360000000001,BEARISH_CROSS,0.6467913087417848,0.565942395149059,0.23244062657907716
2010-12-01,08:00:00,1.0031,1.0065,1.0015,1.0043,20377,0.9970667333327533,0.9969939999999999,0.9967714979585799,0.996842,BULLISH_CROSS,0.049785920541665335,-0.14935776162501813,-0.43811610076669916
2010-12-02,16:00:00,0.9977,0.9986,0.9888,0.9921,20139,0.9980321091512147,0.998326,0.9982742360553459,0.9982459999999999,BEARISH_CROSS,0.050398145348256825,0.0806370325572042,-1.5018647313778877
2010-12-21,08:00:00,0.9627,0.9637,0.9589,0.96,17871,0.9698619067788308,0.969858,0.97026443358613,0.970334,BULLISH_CROSS,-0.11458333333333229,-0.18749999999999092,-0.8229166666666686
2010-12-29,20:00:00,0.9473,0.9473,0.9438,0.9441,6982,0.9579680433626759,0.9580000000000001,0.9585340859489077,0.958444,BEARISH_CROSS,-0.021184196589353776,-0.5401970130282919,-0.9850651414045213
2011-01-05,16:00:00,0.9643,0.968,0.9632,0.9659,18799,0.9481423332816421,0.9476479999999999,0.9474175305584438,0.947492,BULLISH_CROSS,-0.020706077233665802,0.1035303861683405,-0.155295579252505
2011-01-14,08:00:00,0.9642,0.9662,0.9604,0.9653,21697,0.9638719183514389,0.964248,0.9638136293045588,0.963638,BEARISH_CROSS,-0.21754894851342604,-0.21754894851342604,0.04143789495493173
2011-02-02,16:00:00,0.9372,0.9437,0.9357,0.9437,18469,0.9449169926111837,0.944746,0.944966665778987,0.945138,BULLISH_CROSS,-0.3814771643530716,-0.30730104906220346,0.2331249337713235
2011-02-16,08:00:00,0.9626,0.9702,0.9616,0.9667,18916,0.9631309247877187,0.963198,0.9629852482484419,0.962782,BEARISH_CROSS,0.4448122478535192,-0.734457432502327,-1.0447915589117613
2011-03-01,20:00:00,0.9294,0.9309,0.9277,0.9281,11394,0.9363019411744302,0.936244,0.9366367142835905,0.9366939999999999,BULLISH_CROSS,-0.010774701002046005,-0.33401573106346205,-0.4956362460941761
2011-03-15,12:00:00,0.9225,0.9229,0.9164,0.9178,21617,0.9288351666318537,0.928998,0.929285581596419,0.929152,BEARISH_CROSS,-0.08716495968619654,0.010895619960786666,-0.25059925909783926
2011-03-24,00:00:00,0.9079,0.9086,0.9074,0.9086,7644,0.9098431934158172,0.90973,0.9098939360042179,0.910142,BULLISH_CROSS,0.18710103455866553,-0.506273387629313,-0.06603565925599097
2011-04-06,04:00:00,0.9272,0.9277,0.9251,0.926,8532,0.9201827939556823,0.920226,0.9199453569742815,0.919854,BEARISH_CROSS,-0.8531317494600451,-0.8639308855291584,-0.8747300215982717
2011-04-19,16:00:00,0.89844,0.90068,0.89729,0.90036,13809,0.9007188610214278,0.9005088000000001,0.9007335084100575,0.9008475999999999,BULLISH_CROSS,-0.08663201386112253,-0.24545737260651795,-1.1184415122839777
2011-04-26,12:00:00,0.87683,0.87936,0.87643,0.8789,14181,0.8897050160858926,0.8897718,0.8901460371506229,0.8900074000000001,BEARISH_CROSS,-0.16497895096143617,-0.7748321765843649,0.014791216293089484
2011-05-05,12:00:00,0.85907,0.86896,0.85725,0.86716,17621,0.8696935000719828,0.8695945999999999,0.869796908238186,0.8699661999999999,BULLISH_CROSS,0.2756123437427929,0.20757415009916425,0.7576456478619822
2011-05-18,04:00:00,0.88037,0.88043,0.87861,0.87982,2447,0.8817120200241552,0.8817394000000001,0.8817892453312636,0.8815404,BEARISH_CROSS,0.12843536177854156,0.012502557341267925,0.1022936509740516
2011-06-07,08:00:00,0.83472,0.83505,0.83261,0.83354,9659,0.847637720978822,0.8475659999999999,0.848213138161631,0.8483138,BULLISH_CROSS,0.37790627924275944,0.3335172877126479,0.3083235357631394
2011-06-22,08:00:00,0.84158,0.84315,0.84054,0.84289,14016,0.8448184201503232,0.8449144,0.8448971311768669,0.8448702,BEARISH_CROSS,-0.5303183096252149,-0.3832054004674472,-0.25032922445396866
2011-07-01,00:00:00,0.84129,0.84253,0.84012,0.84116,7159,0.8376829405035038,0.8374900000000001,0.8375410197077283,0.8375808,BULLISH_CROSS,0.19021351467020955,0.7228113557468228,0.7049788387464918
2011-07-11,04:00:00,0.83727,0.83862,0.83721,0.83829,7753,0.8414537217763655,0.8415168,0.8415828532774415,0.8413921999999999,BEARISH_CROSS,-0.11690465113504646,-0.3268558613367647,0.07515299001539079
2011-07-20,16:00:00,0.81933,0.82271,0.81862,0.81986,11548,0.823969356848891,0.8238731999999999,0.8241370856998662,0.8244056,BULLISH_CROSS,0.012197204400750004,0.18417778645134672,-0.22320884053374945
2011-07-26,20:00:00,0.80053,0.80147,0.80032,0.80106,4666,0.8150205586710408,0.815028,0.8155903773923078,0.8153672000000001,BEARISH_CROSS,0.11484782662971962,-0.11110278880482691,-0.008738421591393215
2011-08-12,00:00:00,0.76416,0.76418,0.76125,0.76242,8741,0.7577666641098422,0.7575118000000001,0.7575767320326928,0.7578946000000001,BULLISH_CROSS,-0.4511948794627631,1.1804517195246726,3.35904094855854
2011-08-23,08:00:00,0.7884,0.7899,0.78522,0.78712,18250,0.7830614876030674,0.7832393999999999,0.7828958340358456,0.7820024000000001,BEARISH_CROSS,0.22995223091777342,0.6479317003760536,0.19692041874173447
2011-08-29,12:00:00,0.81485,0.81918,0.81355,0.81772,14895,0.7937418087373778,0.7936251999999999,0.7927631070531891,0.7932562,BULLISH_CROSS,-0.3106197720491105,-0.059922711930733064,0.07826639925646602
2011-09-01,20:00:00,0.79414,0.79588,0.79369,0.7952,7586,0.8017972585376827,0.8018645999999999,0.8020665343963636,0.8017388,BEARISH_CROSS,-0.19743460764588425,-1.8687122736418493,-0.9066901408450767
2011-09-07,04:00:00,0.85867,0.85898,0.85458,0.85602,14705,0.8086962778452529,0.8083815999999999,0.8067646973491408,0.8071372000000001,BULLISH_CROSS,0.14836101960234496,0.18223873273988994,0.3422817223896624
2011-09-15,12:00:00,0.87434,0.87515,0.86475,0.86777,19434,0.8621272735142573,0.8626980000000001,0.8618969581474922,0.861053,BEARISH_CROSS,0.06338084976433149,0.3941136476255204,0.5784943014854067
2011-09-23,08:00:00,0.90582,0.90768,0.89956,0.90468,21314,0.8858663982524473,0.8856314000000001,0.8850984961403022,0.885153,BULLISH_CROSS,-0.03647698633771637,0.01105363222354744,0.4841490913914245
2011-09-28,00:00:00,0.89637,0.89855,0.89614,0.89772,11114,0.8935900412145195,0.8937428,0.8934214714681733,0.8931547999999999,BEARISH_CROSS,0.21164728423116483,-0.21498908345586454,0.22501448112997616
2011-10-05,08:00:00,0.92064,0.92376,0.91997,0.92122,21397,0.9063571491959141,0.9061346,0.9057505022243189,0.9058350000000001,BULLISH_CROSS,0.1074661861444536,0.20082065087600218,0.22253099151125638
2011-10-10,20:00:00,0.90258,0.90421,0.90249,0.90386,7287,0.9131643465945628,0.9133973999999999,0.9135441158433204,0.9132359999999999,BEARISH_CROSS,-0.049786471356177996,0.7423716062222019,0.3850153784878232
2011-10-20,00:00:00,0.90255,0.90377,0.90191,0.90309,8320,0.9015408827719689,0.9015108000000001,0.9014776534973553,0.9019286000000001,BULLISH_CROSS,0.3986313656446254,-1.020939219789821,-1.7716949584205233
2011-10-24,20:00:00,0.87952,0.88192,0.87937,0.88016,8939,0.8944702125704628,0.8944788,0.8950543028794613,0.8948215999999999,BEARISH_CROSS,0.02385929830939062,-0.1317942192328724,-0.2726776949645597
2011-11-01,08:00:00,0.87894,0.89047,0.87856,0.88827,18089,0.8782962570311196,0.8782188,0.8778891654813693,0.8785151999999999,BULLISH_CROSS,0.43230098956397883,-0.1418487622006866,-0.47170342350862093
2011-11-17,04:00:00,0.9196,0.92053,0.91814,0.91915,11448,0.9061703420773266,0.9063138000000001,0.9056405601212991,0.9056174,BEARISH_CROSS,0.23282380460208132,0.030462927704939014,0.10335636185606337
2011-11-18,04:00:00,0.91873,0.92052,0.91819,0.9201,12202,0.9090454849701588,0.9089886,0.9085942802750633,0.9086063999999999,BULLISH_CROSS,-0.6684056080860763,-0.3923486577545921,-0.42821432452994834
2011-11-18,16:00:00,0.915,0.91804,0.91472,0.91649,16119,0.9097404548872923,0.9098113999999999,0.9094649632500389,0.9094137999999999,BEARISH_CROSS,-0.06437604338290427,-0.03600693951925853,0.013093432552456544
2011-12-07,20:00:00,0.92331,0.92454,0.92261,0.92309,7377,0.9205962404744593,0.9205420000000001,0.920494454371376,0.9206564,BULLISH_CROSS,0.15491447204498396,0.08558212091996105,0.2838293124180813
2011-12-20,00:00:00,0.93744,0.93765,0.93632,0.93739,7241,0.9357485094105166,0.9358118000000001,0.9356815097946193,0.9355304,BEARISH_CROSS,-0.045872048987073734,-1.0571907103766816,-0.8822368491236305
2011-12-28,16:00:00,0.93881,0.94408,0.93801,0.94197,15634,0.9352004722585624,0.9351786,0.9349241650038098,0.9351160000000001,BULLISH_CROSS,0.06051148125737236,0.05626506152000917,-0.05626506151999739
2012-01-03,16:00:00,0.93462,0.93469,0.93041,0.93077,16281,0.9373196826200664,0.9373818,0.9375870166045588,0.9374874,BEARISH_CROSS,0.11603296195622655,0.32338816248912927,1.0947924836425789
2012-01-05,08:00:00,0.94258,0.94963,0.9414,0.94916,19655,0.9381360469076762,0.9380364,0.9376860896386017,0.9377865999999999,BULLISH_CROSS,0.2454802140840262,0.3276581398288957,0.2939441190104892
2012-01-13,08:00:00,0.94244,0.94727,0.94059,0.94612,17565,0.9469467993208115,0.9470868,0.946980546231865,0.9469363999999999,BEARISH_CROSS,0.8423878577770296,0.630998182048792,0.8888935864372415
2012-01-31,20:00:00,0.9208,0.9218,0.9194,0.9198,6053,0.9242671584663695,0.9241839999999999,0.9244494914649969,0.9245140000000001,BULLISH_CROSS,0.13046314416178406,-0.293542074363984,-0.5979560774081267
2012-02-21,16:00:00,0.9133,0.9134,0.9099,0.9116,13853,0.9164302138942593,0.916628,0.91662736548178,0.9166219999999999,BEARISH_CROSS,0.08775778850373223,0.0329091706889072,-0.17551557700745227
2012-03-01,12:00:00,0.90331,0.90707,0.90272,0.90641,16609,0.9037021280418419,0.9036464000000001,0.9035916026557946,0.9038182,BULLISH_CROSS,-0.12908065886298742,-0.09157004004810156,0.693946448075364
2012-03-13,08:00:00,0.91588,0.91838,0.91481,0.91736,11814,0.9134506012557149,0.9135195999999999,0.9132910339600298,0.9132464,BEARISH_CROSS,0.5755646638179192,0.6093572861254137,1.033400191854893
2012-03-14,16:00:00,0.9267,0.93297,0.9267,0.93067,17626,0.9167011857835536,0.9166136,0.9161310301012497,0.9161914,BULLISH_CROSS,-0.026862367971458464,-0.006446968313145259,-0.994982109662936
2012-03-16,20:00:00,0.91595,0.9163,0.91514,0.91619,2695,0.9192792164440168,0.9193386,0.9194053069111195,0.919369,BEARISH_CROSS,-0.014189196564027494,0.015280673222806294,-0.5533786659972176
2012-03-29,16:00:00,0.90726,0.90886,0.90683,0.90754,13498,0.9087701191634867,0.908729,0.9088203281089351,0.9089048,BULLISH_CROSS,-0.1586706922008944,-0.5663662207726418,-0.5255966679154696
2012-03-30,08:00:00,0.90241,0.90393,0.90071,0.90238,16269,0.9079712498008246,0.9079946,0.9081994640784091,0.9081781999999999,BEARISH_CROSS,-0.02327179237127734,0.014406347658422672,-0.05319266827721414
2012-04-03,04:00:00,0.90171,0.90323,0.90143,0.90283,6276,0.9061768679618403,0.9061618,0.9063134748174256,0.9063506000000001,BULLISH_CROSS,-0.10522468238760413,-0.11851622121551292,1.0212332332775833
2012-04-12,20:00:00,0.91037,0.9115,0.91007,0.91087,5489,0.9142810727174691,0.9145254,0.9144203001753249,0.9144176,BEARISH_CROSS,-0.020859178587494642,0.2700714701329518,0.9364673334284846
2012-05-02,08:00:00,0.90899,0.91499,0.90809,0.91398,17723,0.9097359064263277,0.9095822,0.9095626781171983,0.9096036000000001,BULLISH_CROSS,-0.06345871900917142,-0.08862338344383655,0.04923521302434959
2012-05-21,12:00:00,0.94011,0.94367,0.93992,0.9426,15536,0.9367113996045893,0.9367456,0.9364710485680419,0.9364014,BEARISH_CROSS,-0.3012942923827661,-0.39253129641417744,-0.1400381922342444
2012-05-28,08:00:00,0.9538,0.95652,0.9527,0.95477,15972,0.9479363065345352,0.9479261999999999,0.9476573802706386,0.9477015999999999,BULLISH_CROSS,0.33201713501681096,0.3592488243241874,0.38333839563455036
2012-06-04,00:00:00,0.9658,0.96941,0.96558,0.96902,8167,0.9607891892011569,0.9608492,0.9604532377399796,0.9603503999999999,BEARISH_CROSS,-0.21361788198386167,-0.8266083259375412,-1.1134961094714213
2012-06-22,12:00:00,0.95639,0.95861,0.9542,0.95503,18754,0.9526158315211896,0.9525222,0.9525172940322585,0.9526475999999999,BULLISH_CROSS,0.0869082646618428,0.29946703244923967,0.6324408657319597
2012-07-02,12:00:00,0.95095,0.95439,0.9509,0.95304,15857,0.9566121728476017,0.956619,0.9567579758209732,0.9565003999999999,BEARISH_CROSS,0.18362293293041523,0.1731301939058214,0.12696214219760393
2012-07-06,08:00:00,0.96993,0.97114,0.96839,0.97022,13806,0.9591865536034361,0.9590684,0.9587362088525558,0.958848,BULLISH_CROSS,0.5338995279421238,0.7194244604316532,0.7235472367092026
2012-07-16,16:00:00,0.9814,0.9833,0.9784,0.9785,5070,0.9760053096199536,0.9760676,0.9759034855228088,0.9755898,BEARISH_CROSS,0.010219724067449053,-0.09197751660705283,0.061318344404694324
2012-07-24,20:00:00,0.9959,0.9965,0.9946,0.9957,7182,0.983787403138185,0.9836062,0.9833011746948456,0.9833306,BULLISH_CROSS,-0.07030229988952837,-0.6126343276087169,-0.7231093702922551
2012-07-27,00:00:00,0.9778,0.9787,0.9771,0.9781,4068,0.9845718006697841,0.9845960000000001,0.9848359557991629,0.984654,BEARISH_CROSS,-0.13291074532256086,-0.6236581126674159,-0.04089561394539985
2012-08-10,08:00:00,0.9774,0.9794,0.9765,0.9781,8578,0.9750209398568181,0.974934,0.9748952639326066,0.9749420000000001,BULLISH_CROSS,0.14313464880892218,-0.11246293834986094,-0.2658214906451217
2012-08-20,12:00:00,0.9729,0.9767,0.9728,0.975,9712,0.9744565050348042,0.9744700000000001,0.974434321566837,0.974354,BEARISH_CROSS,-0.2051282051282053,-0.32820512820512626,-1.2205128205128228
2012-08-30,04:00:00,0.9579,0.958,0.9578,0.9578,45,0.961460203977743,0.961432,0.9616096000584672,0.961746,BULLISH_CROSS,-1.294633535184795,-1.2737523491334297,-1.7853414073919402
2012-09-10,16:00:00,0.9447,0.9462,0.9434,0.9454,4289,0.9608303920570472,0.960856,0.961460203977743,0.961432,BEARISH_CROSS,0.06346519991537274,0.042310133276915164,-0.6981171990691825
2012-09-20,00:00:00,0.9278,0.9284,0.9261,0.9283,4903,0.9357150094881493,0.935688,0.9360176629366451,0.936246,BULLISH_CROSS,0.24776473122912512,0.7109770548314057,0.47398470322093716
2012-10-04,08:00:00,0.9378,0.9381,0.9359,0.9362,6267,0.9371038353140857,0.937258,0.9371407265513952,0.9371300000000001,BEARISH_CROSS,-0.20294808801538267,-0.6195257423627458,-0.49134800256356
2012-10-10,12:00:00,0.9416,0.9418,0.9387,0.9396,8876,0.9360083571736988,0.935998,0.9358617595073191,0.935916,BULLISH_CROSS,-0.148999574286926,0.148999574286926,-0.5534269902085975
2012-10-16,20:00:00,0.9264,0.9269,0.9225,0.9231,6070,0.9337706614344781,0.93392,0.9342061986358853,0.934144,BEARISH_CROSS,0.054165312533847355,-0.03249918752032044,-0.08666450005416779
2012-10-23,12:00:00,0.9283,0.934,0.9278,0.9328,8908,0.9285671974950461,0.928482,0.9283944300458643,0.92862,BULLISH_CROSS,0.04288164665523874,-0.107204116638079,-0.04288164665522684
2012-11-01,04:00:00,0.9314,0.9321,0.9311,0.9318,3573,0.9321599594769878,0.9321980000000001,0.9321746517005384,0.9321240000000001,BEARISH_CROSS,0.17171066752522493,0.010731916720325068,0.36488516849110003
2012-11-05,12:00:00,0.9427,0.9448,0.9423,0.9429,3810,0.9344919601855245,0.9344199999999999,0.9341487748869745,0.934208,BULLISH_CROSS,0.16968925654894962,0.10605578534309056,0.0
2012-11-14,12:00:00,0.944,0.9462,0.9436,0.9454,6156,0.9439641315084164,0.9441699999999998,0.9439055246312089,0.9439,BEARISH_CROSS,-0.09519779987307087,-0.03173259995768637,-0.16924053310768414
2012-12-03,12:00:00,0.925,0.9267,0.9247,0.926,10454,0.9307003925997407,0.9305619999999999,0.9308922453589138,0.93093,BULLISH_CROSS,-0.053995680345578397,0.03239740820733984,0.04319654427645312
2012-12-14,00:00:00,0.9235,0.9244,0.9232,0.9238,4074,0.9293706965722348,0.929392,0.9295980719425301,0.9294359999999999,BEARISH_CROSS,-0.09742368478024474,0.0,-0.5195929854946867
2012-12-24,12:00:00,0.9138,0.91396,0.91264,0.9137,9244,0.9177577314344019,0.9177180000000001,0.9179233531256019,0.918086,BULLISH_CROSS,0.27908503885302094,0.07551712816023634,-0.08646163948779222
2013-01-11,04:00:00,0.91533,0.91593,0.91508,0.91551,10864,0.9208099426545302,0.9210076,0.9210262668445109,0.9210194,BEARISH_CROSS,0.12452075892124814,-0.40305403545565666,-0.29710216163668945
2013-01-16,20:00:00,0.93162,0.93231,0.93054,0.93083,11302,0.922877461431671,0.9227177999999999,0.9225528680207188,0.9226468,BULLISH_CROSS,-0.05264119119496594,0.04512102102424459,0.1772611540238206
2013-01-24,00:00:00,0.92919,0.93034,0.92899,0.92939,10875,0.9288133488735919,0.9288624,0.9287898120929222,0.928511,BEARISH_CROSS,0.09145783793670109,0.16139618459419033,0.07531821947728326
2013-02-07,12:00:00,0.90784,0.91253,0.90719,0.91253,21910,0.913318696981869,0.9132018,0.9133508886954146,0.9135186000000001,BULLISH_CROSS,0.522722540628807,0.5545023177320269,0.4909427635255871
2013-02-28,04:00:00,0.9288,0.9298,0.9284,0.9293,4387,0.927610862499151,0.9276179999999999,0.9275419181113612,0.927458,BEARISH_CROSS,0.08608630151727352,0.46271387065532876,0.6994511998278221
2013-02-28,20:00:00,0.9337,0.9374,0.9335,0.9365,4887,0.9283798950756923,0.928362,0.928048462221639,0.9280799999999999,BULLISH_CROSS,-0.01067805659369877,0.22423918846769791,0.6940736785904912
2013-03-12,12:00:00,0.94789,0.94871,0.94359,0.94409,22010,0.9433694029974478,0.9436136,0.9433399908748946,0.9433178,BEARISH_CROSS,0.3230624198964079,0.25844993591712634,0.7329809657977563
2013-03-26,12:00:00,0.9483,0.9502,0.9471,0.9492,8746,0.9452638940983927,0.9452495999999999,0.9451032367146537,0.945318,BULLISH_CROSS,-0.06321112515803254,-0.09481668773704298,0.47408343868520314
2013-04-03,16:00:00,0.94739,0.9479,0.94416,0.94512,8296,0.948077754885734,0.948133,0.9481984795749476,0.9481206,BEARISH_CROSS,-0.0031742001015717045,0.13649060436770077,-0.028567800914168832
2013-04-16,04:00:00,0.93069,0.93185,0.92887,0.92896,4461,0.9341157093983851,0.9340671999999999,0.9343261465166866,0.9343898,BULLISH_CROSS,0.31540647605924776,-0.6771012745435776,-0.6835601102307922
2013-04-30,12:00:00,0.93809,0.93834,0.93544,0.9364,7233,0.9389931676022153,0.9390116,0.9390990111778158,0.9389144,BEARISH_CROSS,-0.5948312686885907,-0.8041435284066678,-1.1202477573686458
2013-05-07,20:00:00,0.94035,0.94058,0.93957,0.9403,2876,0.9362060595572004,0.936194,0.9360389599472901,0.9362600000000001,BULLISH_CROSS,0.05636498989684467,-0.18611081569712107,-0.5189833032011055
2013-05-21,16:00:00,0.96959,0.97504,0.96637,0.96796,12458,0.961081160739688,0.9613778,0.9608003917902875,0.9607057999999999,BEARISH_CROSS,0.21281871151699974,0.12810446712673124,1.2955080788462328
2013-06-14,20:00:00,0.92294,0.923,0.92095,0.92125,5665,0.9318765260822559,0.9317875999999999,0.9323102618407153,0.9323342,BULLISH_CROSS,0.18018995929443635,0.17042062415196313,0.13459972862958142
2013-07-11,12:00:00,0.95067,0.95334,0.94754,0.95291,10956,0.9565852921251579,0.9568824,0.9567353040486337,0.956707,BEARISH_CROSS,-0.25920601106086444,-0.5992171348815726,-0.27704610089096415
2013-07-23,00:00:00,0.93598,0.93643,0.9355,0.93613,2989,0.9444535668100078,0.9443971999999999,0.9447933042308245,0.9450072,BULLISH_CROSS,-0.053411385170869005,0.3108542616944194,-0.13993782914766467
2013-07-24,04:00:00,0.93481,0.93647,0.93458,0.93577,4051,0.9424503179856141,0.9424691999999999,0.9427229840258431,0.9426921999999999,BEARISH_CROSS,0.04595146243201229,0.1025893114761064,0.09831475683127605
2013-07-24,16:00:00,0.93763,0.93816,0.93434,0.93673,11813,0.9418169792967224,0.9417725999999998,0.9420246111047518,0.9420524,BULLISH_CROSS,0.050174543358286965,-0.0042701739028246114,-0.2967770862468379
2013-07-26,20:00:00,0.92786,0.92884,0.92684,0.92821,3596,0.9377250099133374,0.9377598,0.9381133776649022,0.9380476,BEARISH_CROSS,-0.08295536570387493,-0.007541396882172622,0.29519182081641826
2013-07-31,12:00:00,0.92619,0.9333,0.92608,0.93254,10397,0.9339354733719135,0.9338208,0.9339924314687262,0.9340048,BULLISH_CROSS,-0.44180410491775285,-0.7409869817916745,-0.1565616488300788
2013-08-08,08:00:00,0.92181,0.92235,0.91898,0.92172,9335,0.9287735853573378,0.9287958,0.9290614868004945,0.9289102,BEARISH_CROSS,-0.07486004426506623,-0.1822679338627799,-0.17141865208523477
2013-08-13,20:00:00,0.93348,0.93412,0.9322,0.93278,4327,0.9269330354509732,0.9267692,0.9266943838367271,0.9267352,BULLISH_CROSS,-0.013936833980153357,0.3409164004373979,0.2765925512982606
2013-08-20,20:00:00,0.91794,0.91819,0.91688,0.91721,3899,0.9264278788365019,0.926689,0.9268041187890121,0.9267654000000001,BEARISH_CROSS,0.0185344686603944,0.2551215097960128,0.5418606426009344
2013-08-27,16:00:00,0.92111,0.92111,0.91716,0.91836,12357,0.9234322457611788,0.9234002000000001,0.9236392762004105,0.9237086000000001,BULLISH_CROSS,-0.10780086240689223,0.002177795200141557,0.36478069602335417
2013-09-10,00:00:00,0.93226,0.93296,0.93205,0.93265,2923,0.9345365679524485,0.9347698000000001,0.9346135707260179,0.934551,BEARISH_CROSS,-0.04824961132257014,0.2508979788773933,0.19192623170536316
2013-09-26,16:00:00,0.9103,0.91155,0.90873,0.91153,7318,0.915227472996679,0.9151594,0.9153783902618494,0.9154536,BULLISH_CROSS,-0.15029675380952712,-0.22818777220716496,-0.638486939541204
2013-10-04,04:00:00,0.8985,0.89888,0.89795,0.89816,3873,0.906427831748893,0.9064972,0.9067652942692559,0.906751,BEARISH_CROSS,0.27834684243342583,0.9942549211721736,0.7437427629820988
2013-10-04,16:00:00,0.90355,0.90816,0.90222,0.90709,8750,0.9061377020710399,0.9060684000000001,0.9060988327678171,0.9061583999999999,BULLISH_CROSS,-0.0033072793217844417,-0.24804594913404118,-0.3715177104807664
2013-10-17,20:00:00,0.90249,0.90268,0.90176,0.90241,3897,0.9092786021420622,0.909321,0.9095589532499015,0.9093455999999999,BEARISH_CROSS,0.0997329373566229,-0.06094790616239297,-0.05762347491717467
2022-10-21,16:00:00,1.00983,1.01126,0.99616,0.99944,17892,0.9114190150426605,0.911037,0.9078263217790956,0.9091353999999999,BULLISH_CROSS,-0.1680941327143215,-0.1430801248699314,0.24313615624750293
2022-11-01,08:00:00,1.00044,1.00052,0.99423,0.99449,10471,0.9787651800904136,0.978988,0.9781233507063488,0.9771982,BEARISH_CROSS,-0.16490864664300042,0.5641082363824679,0.2986455369083679
2022-11-18,20:00:00,0.95311,0.95489,0.95307,0.95454,5389,0.9574671377717608,0.9573157999999999,0.9575866127828532,0.9580322,BULLISH_CROSS,-0.027238250885247135,0.4871456408322262,0.46305026504913144
2022-12-06,12:00:00,0.94335,0.94351,0.9381,0.93876,9988,0.9437971797444197,0.943857,0.9440027789176613,0.9438746,BEARISH_CROSS,0.3131790873066537,0.3408751970684712,-0.17895947846095003
2022-12-12,08:00:00,0.93649,0.93688,0.9325,0.93276,8452,0.9398836562863242,0.9398294,0.9401744177673986,0.94023,BULLISH_CROSS,-0.007504609974700298,0.3419957974184051,0.3945280672413071
2022-12-14,08:00:00,0.92905,0.92958,0.92674,0.9269,8715,0.9365948991801635,0.936722,0.9369906093507824,0.9369379999999999,BEARISH_CROSS,-0.03128708598553258,-0.2826626389038684,0.2028266263890499
2022-12-19,12:00:00,0.93038,0.93272,0.92996,0.93235,7717,0.9328006374696296,0.9327356,0.9328190308357369,0.9329341999999999,BULLISH_CROSS,-0.30353408054914993,-0.27028476430524656,-0.40864482222341175
2022-12-30,00:00:00,0.92266,0.92351,0.92216,0.92298,3420,0.9284127560872802,0.9284168000000002,0.9286345012336997,0.9285994,BEARISH_CROSS,0.08450887343171064,0.07259095538364302,0.16143361719647137
2022-12-30,04:00:00,0.92298,0.92384,0.92262,0.92376,3223,0.9282302950642497,0.9282144,0.9284127560872802,0.9284168000000002,BULLISH_CROSS,-0.06495193556768478,-0.21542391963281018,0.09418030657312791
2022-12-30,08:00:00,0.92382,0.92502,0.92298,0.92316,7695,0.9280314599636909,0.9280374,0.9282302950642497,0.9282144,BEARISH_CROSS,0.05307855626326861,0.1700680272108921,1.4948654621084139
2022-12-30,12:00:00,0.92314,0.92474,0.92115,0.92365,8480,0.9278596380043305,0.927855,0.9280314599636909,0.9280374,BULLISH_CROSS,-0.20354030206246876,0.08877821685703924,1.3046067233259357
2022-12-30,16:00:00,0.92368,0.92681,0.92001,0.92177,12520,0.9276208286708274,0.9276823999999999,0.9278596380043305,0.927855,BEARISH_CROSS,0.32112132093690116,0.31027262766199526,1.6598500710589388
2023-01-03,08:00:00,0.92463,0.93817,0.9242,0.93696,13369,0.9276597771274521,0.927491,0.9272801761938786,0.9273484000000001,BULLISH_CROSS,-0.13447745901639757,-0.1323428961748654,-1.0427339480874378
2023-01-10,08:00:00,0.92094,0.92237,0.91949,0.91985,8729,0.9278712353463427,0.92793,0.9281986327074179,0.9281205999999999,BEARISH_CROSS,0.4902973310865918,0.31092025873784696,0.3565798771538904
2023-01-24,20:00:00,0.92257,0.92355,0.92208,0.92245,5704,0.921905701437132,0.9218306,0.9218834851692599,0.9219326,BULLISH_CROSS,-0.023849531139898964,0.07154859341969688,-0.49650387554881337
2023-02-01,12:00:00,0.91607,0.91648,0.91429,0.91521,8155,0.920691439314444,0.9208016000000001,0.92091517153136,0.9208274,BEARISH_CROSS,0.08304105068781842,-0.8522634149539361,-0.5332109570481086
2023-02-06,08:00:00,0.92496,0.92677,0.92272,0.92361,8290,0.9189992586334895,0.9189744000000001,0.9188110651083258,0.9189468000000001,BULLISH_CROSS,0.25010556403676043,0.49263217158756867,0.2728424334946532
2023-02-14,12:00:00,0.91638,0.92043,0.91363,0.91771,11535,0.9208466025526783,0.9209822000000001,0.9209746271466651,0.9207708,BEARISH_CROSS,0.45548157914809273,0.4565712479977364,0.7278987915572479
2023-02-17,04:00:00,0.92826,0.92937,0.92788,0.92915,4780,0.9224844750434879,0.9223203999999999,0.9222124128003648,0.9223005999999999,BULLISH_CROSS,0.3368670290050009,-0.28197815207448385,-0.5166011946402654
2023-03-03,20:00:00,0.93765,0.93828,0.93588,0.93619,5451,0.9362354644715906,0.9363638000000001,0.9362373201643085,0.9361458,BEARISH_CROSS,0.01602238861769336,-0.2157681667182967,-0.587487582648816
2023-03-20,04:00:00,0.92656,0.92706,0.92538,0.92592,8271,0.9264038618483896,0.9262698,0.9264236113115892,0.9265922000000001,BULLISH_CROSS,0.2764817694833254,0.017280110592713085,0.40500259201659233
2023-03-24,12:00:00,0.91743,0.92167,0.91695,0.91906,12585,0.9223595006046879,0.922493,0.9224941740987567,0.9223948,BEARISH_CROSS,-0.0631079581311367,0.08813352773485708,-0.16647444127696032
2023-03-31,00:00:00,0.913,0.91416,0.91257,0.91338,4197,0.9189365181019451,0.9189334000000001,0.9191633147591673,0.9191874,BULLISH_CROSS,0.05145722481333963,0.12590597560708405,0.3711489193982794
2023-04-05,00:00:00,0.90546,0.90594,0.90538,0.90569,3331,0.9156757826414034,0.9158586000000001,0.9160833656063586,0.9160226,BEARISH_CROSS,0.018770219390741145,-0.24180459097483967,0.12807914407800128
2023-04-11,12:00:00,0.9041,0.90555,0.9037,0.90509,8275,0.9094547205930896,0.9094056,0.9096328724540321,0.9096814000000001,BULLISH_CROSS,-0.055243124993088526,-0.28173993746477605,-0.8065496248991784
2023-04-12,04:00:00,0.90252,0.90312,0.90183,0.90258,4364,0.9085286095726888,0.9085356,0.9087714099634108,0.9087510000000001,BEARISH_CROSS,0.04542533625827189,-0.7977132220966668,-0.6248753573090573
2023-04-19,04:00:00,0.89594,0.8974,0.89593,0.89708,3833,0.8991374024116652,0.8991039999999999,0.8992213780203046,0.8992543999999999,BULLISH_CROSS,0.13376733401703067,0.03344183350425458,-0.05908057252419299
2023-04-26,16:00:00,0.88877,0.89167,0.88515,0.89155,12503,0.8933725921078004,0.8935142,0.8934469836224045,0.8934468,BEARISH_CROSS,-0.030284336268295943,-0.0740283775447248,0.44417026526836123
2023-04-27,20:00:00,0.8955,0.89576,0.8936,0.89427,4971,0.8933184846224193,0.8933149999999999,0.8932796472600689,0.8933405999999999,BULLISH_CROSS,-0.07939436635467906,0.1453699665649041,0.039138067921316994
2023-05-05,00:00:00,0.88445,0.88599,0.88445,0.88525,3088,0.8911019418475641,0.8912284000000001,0.8913407966168524,0.891293,BEARISH_CROSS,-0.14120304998587668,1.151087263484895,0.5580344535442029
2023-05-11,08:00:00,0.89043,0.89499,0.89012,0.89468,8249,0.8906117595844456,0.8904418000000001,0.8904457089552392,0.8904478,BULLISH_CROSS,-0.31631421290293726,-0.04806187687218239,-0.32637367550409463
2023-05-23,08:00:00,0.89845,0.90044,0.89787,0.89929,8370,0.8974016766724169,0.8974726,0.8973246022508828,0.8972652000000001,BEARISH_CROSS,0.3969798396512762,0.22795761100423625,0.2991248651714097
2023-05-25,08:00:00,0.90634,0.90684,0.90453,0.90576,7680,0.8997374214297129,0.8996432,0.8994916018962318,0.8994954,BULLISH_CROSS,0.06513866807984227,-0.013248542660308359,-0.2053524112347612
2023-05-26,20:00:00,0.90541,0.9055,0.90458,0.90495,3739,0.9013651748432411,0.9014220000000001,0.9012188554490876,0.9012157999999999,BEARISH_CROSS,0.09945300845350703,-0.18122548207084213,-0.06298690535389474
2023-05-31,08:00:00,0.90821,0.91188,0.90764,0.91118,8807,0.9032238460410784,0.9030648000000001,0.9028991050631632,0.902933,BULLISH_CROSS,-0.0537764217827422,-0.060361289756133744,-0.12401501349897544
2023-06-02,04:00:00,0.90519,0.90548,0.90419,0.90466,4406,0.9051300826142965,0.9051775999999999,0.905149269659778,0.9050398,BEARISH_CROSS,-0.030950854464667162,0.42889041186744126,0.586960847169094
2023-06-23,08:00:00,0.89711,0.90132,0.89686,0.9004,10369,0.8976800882489673,0.8974642,0.8975690714428027,0.8976343999999998,BULLISH_CROSS,-0.48311861394935196,-0.4131497112394431,-0.5808529542425541
2023-07-07,16:00:00,0.89328,0.89464,0.88786,0.88794,10326,0.896419742659869,0.896541,0.8967658546051698,0.8966768,BEARISH_CROSS,0.13514426650450367,0.3187152285064305,-0.16217311980539192
2023-07-20,12:00:00,0.85825,0.86287,0.85763,0.86242,8067,0.8666958380568496,0.866455,0.86687036205917,0.8670220000000001,BULLISH_CROSS,0.590199670694098,0.3872822986479917,0.29683912710744265
2023-08-08,12:00:00,0.87371,0.87782,0.87361,0.87756,8161,0.8728329407567058,0.8729018000000001,0.8726399995631019,0.8725475999999999,BEARISH_CROSS,-0.20511418022699573,-0.2586717717307072,-0.12192898491271427
2023-08-15,16:00:00,0.87703,0.87834,0.87543,0.87828,10285,0.8756232181463558,0.8755994,0.8755147780706968,0.8755778,BULLISH_CROSS,0.01935601402741762,-0.018217424966973855,0.11727467322494951
2023-08-22,08:00:00,0.87796,0.87824,0.8767,0.87756,6511,0.8782057951420308,0.8782336000000001,0.8782321541274197,0.8782241999999999,BEARISH_CROSS,0.21081179634441158,0.32932221158666625,0.3224850722457723
2023-08-25,08:00:00,0.88633,0.88688,0.88507,0.88554,6728,0.8798678719449741,0.879846,0.8796363565141566,0.8796956,BULLISH_CROSS,-0.10276215642432487,-0.11405470108633776,-0.15019084400478153
2023-08-30,00:00:00,0.87796,0.87904,0.87766,0.87852,3493,0.8812571980232742,0.8812652,0.881368920391571,0.8812766,BEARISH_CROSS,0.1252105814324079,-0.21058143240905366,-0.08081773892455361
2023-09-06,00:00:00,0.88904,0.88996,0.88852,0.88979,2422,0.8834490116812934,0.8834042,0.8831901958315502,0.8832722,BULLISH_CROSS,-0.11800537205407967,0.07305094460491121,0.20454264489374394
2023-09-13,08:00:00,0.89102,0.89326,0.89089,0.89298,6291,0.8893314467127815,0.8893558,0.889182526170446,0.889167,BEARISH_CROSS,-0.06719075455217866,0.07055029227978447,0.04703352818651884
2023-09-20,00:00:00,0.89765,0.89788,0.89709,0.89753,2395,0.8939809515939472,0.8939377999999999,0.8938360924753328,0.8938452000000001,BULLISH_CROSS,0.06127928871457661,-0.08913351085757834,0.31976647020154514
2023-09-20,16:00:00,0.89669,0.89682,0.8932,0.89355,7612,0.894327813566772,0.8943342,0.8943595610592933,0.8942787999999999,BEARISH_CROSS,0.5629231716188339,0.7095294051815806,1.1896368418107581
2023-09-20,20:00:00,0.89356,0.89957,0.89346,0.89858,8893,0.8944945659759183,0.8944662,0.894327813566772,0.8943342,BULLISH_CROSS,0.20254178815463647,0.9459369227002551,0.6588172449865259
2023-10-02,12:00:00,0.91148,0.91617,0.91139,0.91584,8042,0.9107467504619776,0.9107654000000001,0.9105388627257318,0.9104102000000001,BEARISH_CROSS,0.2915356394130046,0.28389238294899183,0.6988120195667323
2023-10-18,16:00:00,0.89859,0.89939,0.89543,0.89847,10506,0.9040050709468505,0.903971,0.9042309922099871,0.9042595999999999,BULLISH_CROSS,0.0612151769118669,0.05231115117922362,-0.569857646888601
2023-10-20,08:00:00,0.89286,0.89348,0.89023,0.8915,7664,0.9010587885835365,0.901164,0.9014489432195991,0.901442,BEARISH_CROSS,0.1357263039820577,0.09085810431857415,0.10207515423444502
2023-10-25,16:00:00,0.89525,0.89683,0.8942,0.89628,8335,0.8966954425371239,0.8966676000000001,0.8967123993753737,0.896872,BULLISH_CROSS,0.05690186102557353,0.2064087115633528,0.4273218190743965
2023-11-06,08:00:00,0.89707,0.8981,0.89535,0.89617,5912,0.9019240679054138,0.9020876,0.9021589278199205,0.9020238,BEARISH_CROSS,0.22317194282334843,0.357075108517355,0.44745974536080857
2023-11-14,00:00:00,0.90124,0.9022,0.90105,0.90207,2083,0.9015248665179586,0.901459,0.9015026161717528,0.9016252,BULLISH_CROSS,0.0410167725342802,-0.6451827463500668,-1.3945702661656008
2023-11-14,20:00:00,0.89023,0.89027,0.88795,0.88902,3344,0.9004459100340231,0.9005822000000001,0.900912273708881,0.9008474,BEARISH_CROSS,0.05286720208768873,0.010123506782740937,-0.11585791095814338
2023-11-23,20:00:00,0.88375,0.88454,0.88352,0.88417,1966,0.8876872912527499,0.8876139999999999,0.8878308541610254,0.8880116,BULLISH_CROSS,0.0033930126559343216,0.01470305484239043,-0.3031091305970589
2023-11-30,16:00:00,0.87522,0.87704,0.86842,0.87485,17871,0.8808253098285292,0.8808848,0.8810692000256121,0.8810408,BEARISH_CROSS,0.036577699034118644,-0.08115676973195272,-0.5120877864776864
2023-12-06,04:00:00,0.87491,0.87535,0.87451,0.87461,3110,0.8764844294708489,0.8763744000000001,0.8765609367961896,0.8765656,BULLISH_CROSS,-0.045734670310190365,0.004573467031024113,0.12348360983752413
2023-12-14,20:00:00,0.8638,0.86763,0.86379,0.86761,5154,0.8746997828901605,0.8748627999999999,0.8749891617836364,0.8749664,BEARISH_CROSS,-0.056476988508660626,-0.10488583580179649,0.2904530837588279
2024-01-03,08:00:00,0.84994,0.85219,0.84921,0.85142,7911,0.8511920783434439,0.8510221999999998,0.8511827754186865,0.851213,BULLISH_CROSS,0.16208216861244132,-0.28070752390124776,-0.23490169364121138
2024-01-24,20:00:00,0.86216,0.86387,0.86203,0.86281,6388,0.8637518724533036,0.863878,0.8637903162269078,0.8636716000000001,BEARISH_CROSS,0.15646550225427075,0.07069922694451843,0.48446355512802036
2024-02-05,12:00:00,0.87026,0.87105,0.86884,0.87093,6818,0.8635086225869371,0.8633200000000001,0.8632057092231386,0.863284,BULLISH_CROSS,-0.09415222807802372,-0.05052070774918719,0.2399733618086455
2024-02-19,04:00:00,0.88068,0.88161,0.88047,0.88088,3876,0.8784173998318161,0.8785130000000001,0.8783168855392371,0.8782896,BEARISH_CROSS,0.031786395422765644,0.21682862591953128,0.2259104531831858
2024-03-01,08:00:00,0.88484,0.88701,0.88453,0.88509,7086,0.8805466528174694,0.8805096,0.8803612100753252,0.8804686,BULLISH_CROSS,0.3073133805601628,-0.23387452123513047,-0.29149578009016336
2024-03-07,20:00:00,0.87864,0.87865,0.87725,0.87762,4002,0.8819781856176342,0.882029,0.8821560707448846,0.8820608,BEARISH_CROSS,-0.03760169549462654,-0.13331510220824552,-0.029625578268490577
2024-03-15,08:00:00,0.88468,0.88524,0.88385,0.88419,5532,0.8800925570647319,0.8799596,0.8799253144959454,0.8799855999999999,BULLISH_CROSS,-0.17303973127947966,-0.07803752587114528,-0.06898969678462767
2024-03-29,16:00:00,0.9011,0.90224,0.90094,0.90208,6149,0.8981309855194679,0.8981394,0.8979698012549564,0.8978434,BEARISH_CROSS,-0.10531216743526145,-0.028822277403338727,0.31039375665129754
2024-04-12,08:00:00,0.91116,0.91308,0.91069,0.91266,6951,0.9063829673582601,0.906374,0.9061267619443114,0.9062247999999999,BULLISH_CROSS,-0.1380579843534327,0.18736440733679458,0.02081826748186877
2024-04-18,08:00:00,0.91008,0.91018,0.9081,0.90857,6105,0.9097287379817314,0.9097742,0.9097760334095571,0.9096822,BEARISH_CROSS,0.1078618048141564,0.41053523669062497,-0.013207567936428563
2024-04-26,12:00:00,0.91161,0.91338,0.91068,0.91293,8064,0.9117606442856112,0.9117592000000001,0.9117129154809422,0.911756,BULLISH_CROSS,0.10625130075690649,0.01862136198832369,-0.09420218417622073
2024-04-30,04:00:00,0.91103,0.91192,0.91079,0.91128,4335,0.9117467619855889,0.911757,0.9117658134952048,0.9117464000000001,BEARISH_CROSS,0.11741725923975237,0.7012114827495398,1.0896760600474054
2024-04-30,16:00:00,0.91483,0.91845,0.91293,0.91767,15817,0.9121166760962415,0.9120731999999999,0.9118900098144554,0.9118911999999999,BULLISH_CROSS,0.19179007704294396,0.38575958677955996,0.26480107228089
2024-05-03,00:00:00,0.90919,0.91055,0.90899,0.90952,3421,0.9136002294860349,0.9136774,0.9137667694650567,0.9137198,BEARISH_CROSS,-0.003298443134837551,-0.7179611223502547,-0.43099656961914357
2024-05-13,20:00:00,0.9073,0.90871,0.9073,0.90822,3064,0.9082692558792752,0.9081725999999999,0.9082712663233273,0.9084009999999999,BULLISH_CROSS,0.012111602915586914,-0.08037700116711903,-0.19268459183898495
2024-05-16,20:00:00,0.90464,0.90625,0.90433,0.90608,2972,0.9063505987130707,0.9064008,0.9063616435585021,0.9063548,BEARISH_CROSS,0.07394490552710008,0.3145417623167953,0.32888928129966255
2024-05-17,08:00:00,0.90723,0.9098,0.90637,0.90893,5088,0.9065000976094719,0.906492,0.9064009179200626,0.9064348,BULLISH_CROSS,-0.025304478892771,0.014302531548079993,-0.003300584203401196
2024-05-29,00:00:00,0.91169,0.9127,0.91098,0.91239,3561,0.9118387477439853,0.9119449999999999,0.9118162476519031,0.9117902,BEARISH_CROSS,0.00876818027378303,-0.08220169006675089,0.11946645623033181
2024-06-10,20:00:00,0.89672,0.89688,0.89614,0.8965,3941,0.8978007571312702,0.8977622,0.8978538492590772,0.898065,BULLISH_CROSS,0.046848856664817286,0.03346346904629983,0.12158393753486173
2024-06-18,16:00:00,0.88523,0.88534,0.88266,0.88401,11254,0.893244758288497,0.8933292,0.8936216871982317,0.893489,BEARISH_CROSS,0.013574507075712831,0.03619868553523003,0.022624178459529756
2024-06-21,20:00:00,0.89433,0.89442,0.89397,0.8942,3375,0.8910313483905382,0.8909052000000002,0.8909020156717846,0.8909645999999999,BULLISH_CROSS,-0.043614403936479695,-0.03578617758890483,-0.15320957280250305
2024-07-05,04:00:00,0.89974,0.89979,0.89824,0.89847,3988,0.8992894770110436,0.8993704,0.8993229250523106,0.8992576,BEARISH_CROSS,-0.02226006433158347,-0.10239629592529878,-0.3806471000701168
2024-07-24,00:00:00,0.89042,0.89207,0.89041,0.89187,2963,0.8910639069981368,0.8909836,0.8910310052429586,0.8910317999999999,BULLISH_CROSS,-0.0796080146209761,-0.8981129536815985,-0.8342022940563089
2024-07-25,16:00:00,0.88078,0.88204,0.87861,0.88027,12175,0.8887043124193293,0.8887558,0.8890485700690979,0.8890296,BEARISH_CROSS,0.15109000647529205,0.0772490258670651,0.31808422415849963
2024-07-26,12:00:00,0.88336,0.88444,0.88207,0.88265,7060,0.8874853385306684,0.8874386,0.8876826992870221,0.8876916,BULLISH_CROSS,0.047583980060043725,0.05098283577861558,0.2481164674559468
2024-07-31,00:00:00,0.88254,0.88318,0.88134,0.88172,5526,0.8861511045449544,0.8861578,0.8863319659549526,0.8862429999999999,BEARISH_CROSS,-0.07825613573469678,-0.35385383114819907,-0.4910856054076062
2024-08-09,12:00:00,0.86545,0.86577,0.86375,0.86467,9073,0.8658782463012615,0.8657166000000001,0.8659275624768231,0.8661568,BULLISH_CROSS,-0.026599743254659407,0.03932135959382145,0.510021164143536
2024-08-20,12:00:00,0.86003,0.86045,0.85902,0.85909,7248,0.8655611889300432,0.8657385999999999,0.8658253190904531,0.8657385999999999,BEARISH_CROSS,-0.3422225843625294,-0.6518525416429068,-0.5913233770617716
2024-08-30,00:00:00,0.84648,0.84747,0.84647,0.84705,3988,0.8497209129230208,0.8495331999999999,0.8498299297770215,0.8498522,BULLISH_CROSS,0.07319520689452393,0.35417035594120805,0.35062865238179897
2024-09-10,12:00:00,0.8481,0.84839,0.84585,0.84655,7675,0.8477459481576434,0.8478702,0.8477947623681593,0.8477505999999999,BEARISH_CROSS,0.027169098104063844,-0.0070875908097643376,0.4441556907447859
2024-09-12,04:00:00,0.85269,0.85331,0.85177,0.85317,5685,0.8481728644802152,0.8480474000000001,0.847968899765122,0.8479813999999999,BULLISH_CROSS,0.12775882883833647,-0.0023441986942836714,-0.41843946692921247
2024-09-18,08:00:00,0.84528,0.84571,0.84355,0.84389,7867,0.84713833144189,0.8471766,0.8472709163987018,0.8471642,BEARISH_CROSS,0.07228430245648122,0.2701773927881535,0.2488475986206722
2024-09-24,08:00:00,0.84709,0.84898,0.84708,0.84784,8481,0.8477589053571102,0.8476992000000001,0.8477555953716861,0.847796,BULLISH_CROSS,-0.09317795810531096,-0.5307605208529982,-0.15333081713531785
2024-09-27,16:00:00,0.84082,0.843,0.84063,0.84213,15305,0.8469997085188964,0.8471174,0.8471984721319126,0.8471394000000001,BEARISH_CROSS,-0.21018132592355684,-0.08431002339307464,0.2719295120705714
2024-10-03,00:00:00,0.84881,0.85076,0.84872,0.8507,4594,0.8467169904301507,0.8467076,0.8465544186109731,0.8466772,BULLISH_CROSS,-0.11990125778770669,-0.022334548019281,0.13283178558833483
2024-10-14,04:00:00,0.85827,0.85855,0.85803,0.85824,4548,0.8551948388736044,0.8551991999999999,0.8550705465827311,0.8549656,BEARISH_CROSS,0.1852628635346733,0.5919090231170737,0.6187080536912795
2024-10-17,08:00:00,0.86621,0.86695,0.86487,0.8651,6195,0.8595568701707311,0.8594858,0.8593306199736181,0.8593512,BULLISH_CROSS,-0.0728239509883273,0.09941047277771031,0.13293260894694073
2024-10-21,08:00:00,0.86493,0.86583,0.86468,0.8649,5790,0.8617697524453228,0.8617784,0.8616419872390095,0.8616316,BEARISH_CROSS,-0.14105676956873614,0.1375881604809833,0.06359116660886234
2024-10-22,08:00:00,0.86517,0.86574,0.8645,0.86545,6414,0.8625035157520726,0.8625008000000001,0.8623832510888918,0.8624018,BULLISH_CROSS,0.028886706337740185,-0.01502108729563516,0.13287884915361767
2024-10-22,20:00:00,0.86547,0.8659,0.86497,0.86532,5434,0.8628414503073145,0.8628562,0.8627402850137356,0.8627008,BEARISH_CROSS,0.15485600702630334,0.14792215596543,0.1271206027827844
2024-11-06,16:00:00,0.8763,0.87674,0.87403,0.87632,14255,0.8665938905436485,0.8665692,0.8661969064842057,0.8663774000000001,BULLISH_CROSS,0.028528391455173052,-0.14606536425049615,-0.46900675552309057
2024-11-19,04:00:00,0.88294,0.88389,0.88271,0.88383,4357,0.8818652528100048,0.881905,0.8817850590471479,0.8817598,BEARISH_CROSS,-0.032811739814219074,-0.07354355475600957,-0.029417421902406343
2024-12-12,16:00:00,0.88868,0.89015,0.88673,0.88914,13560,0.882939373999427,0.8828258,0.8826862872238934,0.8827617999999999,BULLISH_CROSS,0.35539959961310263,0.3441527768405371,0.3733945160492149
2024-12-23,08:00:00,0.89367,0.89547,0.89335,0.89547,5685,0.8924788233541598,0.8925362,0.8923567345114725,0.8922872000000001,BEARISH_CROSS,0.20101175918791517,0.3406032586239625,0.5807006376539674
2025-01-02,04:00:00,0.90605,0.90605,0.90424,0.90499,3568,0.9000912093164816,0.8999915999999999,0.8998912586763379,0.8999132,BULLISH_CROSS,-0.024309660880230496,0.8187935778295923,0.7116100730394812
2025-01-06,20:00:00,0.90395,0.90509,0.9039,0.90455,4951,0.9038357732687541,0.9038489999999999,0.9038066211572746,0.9037033999999999,BEARISH_CROSS,0.08180863412747487,-0.05417058205737554,0.5715549168094641
2025-01-13,20:00:00,0.91827,0.91911,0.91677,0.91709,5044,0.9104081236138879,0.9103801999999999,0.9101353939654752,0.910142,BULLISH_CROSS,-0.0883228472668961,-0.13084866261762518,-0.5233946504705007
2025-01-14,20:00:00,0.9141,0.91415,0.91215,0.91229,4318,0.9114016419305585,0.9114038000000001,0.9113653824175201,0.9113318000000001,BEARISH_CROSS,0.004384570695713971,-0.06248013241404273,0.03288428021790954
2025-01-15,00:00:00,0.91273,0.91275,0.91158,0.91233,2847,0.9114380481293602,0.9114024,0.9114016419305585,0.9114038000000001,BULLISH_CROSS,0.025210176142411573,-0.32663619523637094,-0.017537513838187715
2025-01-16,00:00:00,0.91263,0.91285,0.91177,0.91217,3768,0.9115420521301496,0.9115726,0.9115164216048496,0.9115138,BEARISH_CROSS,0.06358463882827915,-0.018636876897947036,-0.208294506506464
2025-01-30,04:00:00,0.90664,0.90695,0.9062,0.90637,4517,0.9065449180028716,0.9063874,0.9065520575131929,0.906557,BULLISH_CROSS,0.13680947074594468,0.26037931529066816,0.41042841223782184
2025-02-06,16:00:00,0.9052,0.90617,0.90456,0.90481,8529,0.9069870836038811,0.9070442,0.9070759441591416,0.9069772,BEARISH_CROSS,0.014367657298213269,0.15804423028039505,0.6056520153402417
2025-02-12,04:00:00,0.91289,0.91359,0.91254,0.91305,4455,0.9092177827855109,0.9091448,0.9090613657563481,0.9090772000000001,BULLISH_CROSS,-0.2814741799463416,-0.14785608674224557,-0.1927605279009894
2025-02-17,00:00:00,0.89798,0.90027,0.8978,0.89923,4146,0.907143648045297,0.9072731999999999,0.9074666540879621,0.9073974000000001,BEARISH_CROSS,0.11899069203652184,0.19016269474995154,0.28357594831133887
2025-02-25,08:00:00,0.89708,0.89739,0.89616,0.89622,6383,0.9011787835916124,0.9010542000000001,0.9013811829218823,0.9013922000000001,BULLISH_CROSS,-0.2811809600321312,-0.3715605543281845,-0.1762959987503097
2025-02-26,16:00:00,0.89485,0.89593,0.89246,0.89414,10810,0.8991567609176565,0.8991886,0.8993615266693975,0.8993416,BEARISH_CROSS,0.04809090299057535,0.3209788176348143,0.5714988704229704
2025-02-28,08:00:00,0.89926,0.90226,0.89923,0.90185,7632,0.8989446025725012,0.8988369999999999,0.8988260149223992,0.8988356000000001,BULLISH_CROSS,0.016632477684757275,0.10977435271940293,-0.11531851194766768
2025-03-06,00:00:00,0.8902,0.89138,0.88947,0.89029,3920,0.8957197520081076,0.8957554000000001,0.8959413745390508,0.8959006,BEARISH_CROSS,0.05616147547427748,-0.617776230217127,-0.8491615091711702
2025-03-13,12:00:00,0.88152,0.88402,0.88097,0.88386,7682,0.8852985600892658,0.8852438,0.8853572768276031,0.8856071999999999,BULLISH_CROSS,0.07354105853868706,-0.07127825673749456,0.1572647251827215
2025-04-01,08:00:00,0.88289,0.88438,0.88248,0.88257,5581,0.8823276033165577,0.8823941999999999,0.8823177095743764,0.8822699999999999,BEARISH_CROSS,0.07138243991978194,0.11443851479203536,0.2062159375460353
2025-04-17,20:00:00,0.82106,0.82184,0.81828,0.81944,5888,0.8293141612274909,0.82926,0.8297171882163681,0.8299986,BULLISH_CROSS,-0.1440007810211802,-0.041491750463718634,-0.45518890949915797
2025-05-02,16:00:00,0.82719,0.82805,0.82272,0.82748,12340,0.8257764374196325,0.825927,0.8257069042530868,0.8255882,BEARISH_CROSS,-0.10997244646395882,-0.5148160680620729,-0.4120945521341935
2025-05-08,20:00:00,0.83086,0.83322,0.83043,0.8316,6067,0.8252021322757656,0.825029,0.8249409948176335,0.8250022,BULLISH_CROSS,-0.08537758537758398,-0.16714766714766743,-0.00962000962000589
2025-05-19,12:00:00,0.83327,0.83429,0.83186,0.83429,8500,0.8347527652189639,0.8349011999999999,0.8347716535952482,0.8347262000000001,BEARISH_CROSS,0.023972479593424106,0.11866377398746797,-0.03476009541047028
2025-05-29,00:00:00,0.82662,0.83476,0.82632,0.83375,6738,0.8273915053700204,0.827337,0.8271319749769599,0.8274432,BULLISH_CROSS,-0.188305847076457,-1.120239880059972,-1.411694152923532
2025-06-05,08:00:00,0.81905,0.82084,0.81865,0.82038,6549,0.8227993786091048,0.8228148000000001,0.8228981287564152,0.8228405999999999,BEARISH_CROSS,-0.010970525853876801,-0.0877642068309738,0.19868841268680615
2025-06-09,12:00:00,0.82021,0.82233,0.81949,0.82201,5601,0.8222069293709071,0.8221978,0.8222149673044136,0.8223230000000001,BULLISH_CROSS,-0.12408608167784099,-0.06812569190155897,-0.03771243658836662
2025-06-13,00:00:00,0.81159,0.81159,0.80557,0.80697,6244,0.8196310121267384,0.819871,0.8201477881319114,0.820092,BEARISH_CROSS,0.32838891160762373,0.7410436571371904,0.6072096856140893
2025-06-19,04:00:00,0.81898,0.82054,0.8188,0.81966,5560,0.8167827382343156,0.8167404,0.8166652989785733,0.8167920000000001,BULLISH_CROSS,-0.44530659053754507,-0.10492155283899213,-0.36844545299270703
2025-06-25,08:00:00,0.8051,0.80585,0.80403,0.80541,6102,0.813856503560518,0.8139018,0.814201258807886,0.813933,BEARISH_CROSS,0.21231422505307726,-0.09684508511193093,-0.7350293639264381
2025-07-04,00:00:00,0.79481,0.79552,0.79397,0.79431,4123,0.7987275493628907,0.7987150000000001,0.7989078575001516,0.7990908,BULLISH_CROSS,-0.15233347181829932,-0.005035817250183049,-0.05539398975211139
2025-07-22,16:00:00,0.79764,0.79833,0.79201,0.79221,8962,0.7991610649925495,0.7993324000000002,0.7994447819310208,0.7993901999999999,BEARISH_CROSS,-0.01514749876926686,0.19691748400045517,0.2726549778467895
2025-07-29,12:00:00,0.80514,0.80756,0.80372,0.80739,7151,0.7984742771847629,0.7983366000000001,0.7981103701310798,0.7982362,BULLISH_CROSS,-0.11766308723169798,-0.3938617025229531,0.3591820557599057
2025-08-06,12:00:00,0.80886,0.80902,0.80603,0.80636,6822,0.8062630648714627,0.8064602000000001,0.8062591083356041,0.8062532,BEARISH_CROSS,0.08556972072028368,0.018602113200057478,0.20958380872068064
2025-08-22,04:00:00,0.80886,0.81037,0.80874,0.81034,4547,0.8069127694295805,0.8068514,0.8067728824675225,0.8068906,BULLISH_CROSS,-0.12587309030776092,-1.1131130142902876,-0.9156650294937906
2025-08-25,08:00:00,0.80292,0.80346,0.80161,0.80189,4444,0.8061557037311987,0.8061606,0.8063298140875742,0.806252,BEARISH_CROSS,0.06110563793038826,0.4726334035840277,0.6023270024566962
2025-09-03,04:00:00,0.8056,0.80588,0.80507,0.80518,4744,0.8032808483559228,0.8031798000000001,0.803203331962287,0.8032482000000001,BULLISH_CROSS,-0.1328895402270319,-0.24466578901612399,-0.09190491567102547
2025-09-08,20:00:00,0.79428,0.79464,0.79272,0.79321,3704,0.8015725354149905,0.8016284,0.8019138633911125,0.8018678,BEARISH_CROSS,-0.08698831330920796,-0.01891050289330486,0.5042800771548523
2025-09-22,04:00:00,0.79651,0.79728,0.79606,0.79705,4115,0.7940668267200356,0.7939884,0.7939450645453431,0.7939915999999999,BULLISH_CROSS,-0.36007778683897357,-0.5206699705162772,-0.570855027915445
2025-10-03,12:00:00,0.79621,0.79716,0.79566,0.79575,4953,0.7962923636761414,0.7962998,0.7963145009690451,0.7962348,BEARISH_CROSS,-0.060320452403383594,0.0967640590637824,0.17970468111844706
2025-10-08,16:00:00,0.80028,0.80278,0.79984,0.80222,7715,0.7971788836347939,0.7971176,0.7969731237831529,0.7970573999999999,BULLISH_CROSS,-0.04487547056917391,-0.21689810775100032,0.55346413701977
2025-10-15,20:00:00,0.79668,0.79771,0.79636,0.79673,5403,0.8005397565013359,0.8005662,0.8006952567666965,0.8005466,BEARISH_CROSS,-0.16818746626837294,-0.022592346215163102,-0.5095829201862693
2025-10-24,00:00:00,0.79491,0.79537,0.7947,0.79513,3288,0.7961399073341353,0.7961288000000001,0.796181128041651,0.7963066000000001,BULLISH_CROSS,0.11696200621281884,-0.07168639090462685,0.03269905550036321
2025-11-10,04:00:00,0.80642,0.80671,0.8057,0.80597,5435,0.8050059868496987,0.805029,0.8049666393741762,0.8047755999999999,BEARISH_CROSS,-0.004962963882021537,-0.1464074345198902,-0.23574078439644314
2025-11-19,16:00:00,0.8025,0.80556,0.8022,0.80476,14146,0.7989815310120628,0.7988712,0.7987456751350042,0.7989398,BULLISH_CROSS,0.09568069983596816,0.25224911774938813,0.11307719071524013
2025-11-28,00:00:00,0.80414,0.80552,0.80414,0.80549,5246,0.8046194331347875,0.8046574000000001,0.8045838997933501,0.8044612000000001,BEARISH_CROSS,-0.12166507343357358,-0.0670399384225732,-0.2532619895963999
2025-12-08,16:00:00,0.80586,0.80856,0.80536,0.80668,11917,0.8034793774087813,0.8034694,0.8033487397519968,0.8034670000000002,BULLISH_CROSS,0.01239648931423861,-0.15619576535924132,-0.03718946794267454
2025-12-11,16:00:00,0.79552,0.79561,0.79243,0.7935,15759,0.8027605968795539,0.8028670000000001,0.8031385804256582,0.8030522000000001,BEARISH_CROSS,0.21928166351606349,0.14618777567738497,0.23944549464398396
2025-12-22,00:00:00,0.79398,0.79588,0.79392,0.79481,5736,0.7969506209905035,0.796829,0.7970379932758301,0.7970604,BULLISH_CROSS,-0.010065298624824673,-0.2289855437148556,-0.5271700154754
2025-12-24,04:00:00,0.78635,0.78771,0.78625,0.78703,5880,0.7940790002361889,0.7940835999999999,0.7943667145315435,0.7942478,BEARISH_CROSS,-0.0940243701002456,0.1778839434329005,0.13468355717062244
2025-12-30,16:00:00,0.78987,0.79169,0.78987,0.79121,11086,0.7912628608896083,0.791241,0.7912650184769392,0.7913746,BULLISH_CROSS,0.06951378268728284,0.19211081760848284,0.279319017707062
2026-01-16,20:00:00,0.80306,0.8036,0.80287,0.80313,5676,0.7993204385531146,0.7993426000000001,0.7991649462491601,0.7991370000000001,BEARISH_CROSS,-0.4868452180842415,-0.5428759976591624,-0.722174492298884
2026-02-02,20:00:00,0.77966,0.78109,0.77935,0.77963,8383,0.7768856550470975,0.7768656,0.7767736409673871,0.7770766,BULLISH_CROSS,-0.17957236124829312,-0.09876479868656264,-0.5746315559945153
2026-02-11,00:00:00,0.76692,0.76882,0.76664,0.768,4766,0.7734246040423984,0.7736006000000001,0.7736460164522921,0.7735714,BEARISH_CROSS,-0.324218749999999,0.35286458333333204,0.3046875000000011
2026-02-17,12:00:00,0.7692,0.77176,0.76884,0.77122,9549,0.7706983131665014,0.7706312,0.7706770198263586,0.7707698000000001,BULLISH_CROSS,-0.012966468711909571,-0.11151163092243094,0.05316252171883787
2026-02-27,04:00:00,0.77386,0.7739,0.77245,0.77295,5630,0.7732153748914348,0.7732727999999999,0.7732262065196566,0.7732038,BEARISH_CROSS,-0.002587489488326541,-0.5369040688272186,-0.5343165793389065
2026-03-03,12:00:00,0.78588,0.78787,0.78401,0.78532,19278,0.7746269821672335,0.7745412,0.7741905324597735,0.7742933999999999,BULLISH_CROSS,-0.30942800387103897,-0.40365710793052595,-0.592115316049514
2026-03-10,12:00:00,0.77622,0.77746,0.77508,0.77585,16962,0.7780503124291263,0.7780794,0.7781401210997028,0.7780026000000001,BEARISH_CROSS,-0.023200360894511697,0.3454275955403771,0.453695946381384
2026-03-13,20:00:00,0.78974,0.7917,0.78924,0.79144,9365,0.7811472249673902,0.7810966,0.7807271117007529,0.7809742,BULLISH_CROSS,-0.30198119882745417,-0.24385929445062005,-0.48013747093905107
2026-03-23,04:00:00,0.78897,0.78955,0.78776,0.78899,9460,0.7867047974302886,0.7867436000000001,0.7866115238560147,0.7865342000000001,BEARISH_CROSS,0.268697955614141,-0.19391880758943972,-0.03422096604519607
2026-03-27,08:00:00,0.79528,0.79694,0.79485,0.79655,10572,0.7896898973682099,0.7896711999999999,0.7894098931791572,0.7895078000000001,BULLISH_CROSS,0.056493628774095965,0.2975331115435294,0.4481827882744427
2026-04-03,12:00:00,0.79799,0.80088,0.79788,0.79931,4487,0.7954932074665569,0.7955163999999999,0.7953374200162122,0.7953046,BEARISH_CROSS,0.18140646307440947,0.24145825774730548,-0.27398631319512007
2026-04-21,12:00:00,0.78035,0.7806,0.77916,0.78012,6152,0.7839716339907497,0.7839621999999999,0.7841288435413925,0.7841822,BULLISH_CROSS,0.091011639234988,0.05896528739168537,0.37686509767727305
2026-05-01,20:00:00,0.78057,0.78188,0.78036,0.78162,5019,0.7851783285681655,0.7853172,0.7853235664689069,0.7852872,BEARISH_CROSS,-0.08827819144852593,0.1113072848698904,0.281466697372122
2026-05-12,12:00:00,0.78065,0.7815,0.78028,0.78038,11080,0.7806750811227978,0.7806138,0.780687125250259,0.780846,BULLISH_CROSS,0.20502831953664188,-0.02819139393628719,0.2934467823368121
2026-05-25,00:00:00,0.78385,0.78436,0.78162,0.78241,4673,0.7854301057609555,0.7854631999999999,0.7855533753838516,0.7854545999999999,BEARISH_CROSS,-0.06646131823469484,-0.17126570468168964,0.1124730000894661
