trade_date,trade_time,open,high,low,close,volume,sma,std,upper_band,lower_band,prev_high,prev_low,inside_bar,signal,forward_1,forward_3,forward_6
2010-01-08,20:00:00,1.0226,1.0242,1.0226,1.0235,4345,1.031695,0.0038363188221601716,1.0393676376443204,1.0240223623556797,1.0345,1.0215,True,BB_INSIDEBAR_BULLISH,-0.8011724474841216,-0.7230092818759231,-0.7425500732779727
2010-01-15,16:00:00,1.025,1.0271,1.0249,1.0266,11206,1.01972,0.00340643354164904,1.026532867083298,1.0129071329167019,1.0284,1.0245,True,BB_INSIDEBAR_BEARISH,-0.13637249172024818,-0.029222676797191406,-0.27274498344047476
2010-01-29,20:00:00,1.0599,1.0608,1.0592,1.0604,5384,1.05069,0.004218992147047713,1.0591279842940953,1.0422520157059045,1.064,1.0524,True,BB_INSIDEBAR_BEARISH,0.09430403621273951,-0.12259524707658233,-0.4243681629573697
2010-02-04,12:00:00,1.061,1.0625,1.0598,1.0621,10811,1.057295,0.0022924303352790964,1.0618798606705584,1.0527101393294418,1.0631,1.0594,True,BB_INSIDEBAR_BEARISH,0.24479804161566102,1.1674983523208706,1.1486677337350522
2010-02-04,20:00:00,1.0648,1.0673,1.0645,1.0667,8055,1.0580500000000002,0.0034676702326068344,1.0649853404652139,1.0511146595347864,1.0674,1.0618,True,BB_INSIDEBAR_BEARISH,0.7312271491515918,0.5999812505859156,0.5249835942626839
2010-03-12,12:00:00,1.0596,1.0621,1.0587,1.0603,8523,1.071265,0.005036736098538725,1.0813384721970773,1.0611915278029225,1.0679,1.0577,True,BB_INSIDEBAR_BULLISH,-0.1414693954541221,-0.04715646515136706,0.056587758181640475
2010-03-31,20:00:00,1.0514,1.0543,1.0514,1.0538,3739,1.063005,0.0044982423468011455,1.0720014846936023,1.0540085153063976,1.0565,1.0488,True,BB_INSIDEBAR_BULLISH,-0.018978933383941732,-0.11387360030367145,0.028468400075912594
2010-04-09,20:00:00,1.0669,1.0688,1.0656,1.0657,3437,1.0717349999999999,0.0027872406653074197,1.0773094813306148,1.066160518669385,1.0703,1.0655,True,BB_INSIDEBAR_BULLISH,-0.7037627850239336,-0.48794219761659874,-0.5442432204185068
2010-04-22,20:00:00,1.0762,1.0791,1.076,1.0781,5002,1.068815,0.004595223492649908,1.0780054469853,1.0596245530147002,1.0798,1.0751,True,BB_INSIDEBAR_BEARISH,0.5101567572581244,-0.11130692885632965,-0.5194323346628373
2010-07-15,20:00:00,1.0441,1.045,1.0406,1.0416,4900,1.054165,0.005876382256200613,1.0659177645124012,1.0424122354875989,1.0459,1.04,True,BB_INSIDEBAR_BULLISH,0.07680491551458446,0.15360983102916892,0.8448540706605145
2010-08-04,20:00:00,1.055,1.055,1.0518,1.0534,3946,1.0416450000000002,0.004668762374026088,1.0509825247480524,1.0323074752519479,1.0552,1.042,True,BB_INSIDEBAR_BEARISH,-0.028479210176567966,-0.7689386747674195,-0.6929941142965506
2010-08-05,00:00:00,1.0534,1.0539,1.0526,1.0531,3877,1.042305,0.005299500969542264,1.0529040019390845,1.0317059980609156,1.055,1.0518,True,BB_INSIDEBAR_BEARISH,-0.047478871901998385,-0.7026873041496393,-0.5887380115848432
2010-08-31,20:00:00,1.0171,1.0176,1.0137,1.0142,4638,1.023765,0.004270618715159564,1.0323062374303191,1.015223762569681,1.0179,1.0136,True,BB_INSIDEBAR_BULLISH,0.35495957404851586,-0.009859988168013112,0.13803983435220546
2010-09-16,20:00:00,1.0143,1.0157,1.0137,1.0156,3843,1.003965,0.005777385586068668,1.0155197711721373,0.9924102288278627,1.016,1.0107,True,BB_INSIDEBAR_BEARISH,0.06892477353287936,0.0,-0.5907837731390316
2010-09-28,20:00:00,0.9761,0.9771,0.9752,0.9759,4493,0.9834449999999999,0.002984076159507556,0.989413152319015,0.9774768476809848,0.9827,0.9738,True,BB_INSIDEBAR_BULLISH,0.0,0.3586433036171799,0.09222256378727452
2010-10-13,00:00:00,0.9573,0.9577,0.9557,0.9558,2612,0.9628400000000001,0.003160679473802573,0.9691613589476052,0.956518641052395,0.9594,0.9554,True,BB_INSIDEBAR_BULLISH,-0.052312199204848815,0.6172839506172857,-0.2510985561832975
2010-11-16,20:00:00,0.9945,0.9969,0.9945,0.9963,11312,0.98201,0.006068200114615492,0.9941464002292311,0.969873599770769,0.9974,0.9863,True,BB_INSIDEBAR_BEARISH,0.05018568704206123,-0.24089129780186266,-0.4817825956037253
2010-12-02,20:00:00,0.9921,0.9937,0.9914,0.9926,9114,1.000725,0.0035155107436990046,1.0077560214873982,0.9936939785126021,0.9986,0.9888,True,BB_INSIDEBAR_BULLISH,0.2216401370139008,0.020149103364898044,-1.9242393713479755
2010-12-13,20:00:00,0.9666,0.9684,0.9664,0.9682,8134,0.981215,0.005600119829493355,0.9924152396589867,0.9700147603410132,0.973,0.9649,True,BB_INSIDEBAR_BULLISH,0.01032844453626317,-0.8159471183639648,-0.8985746746539899
2011-01-04,20:00:00,0.9491,0.9502,0.9477,0.9479,8050,0.9376049999999999,0.004962435204302204,0.9475298704086044,0.9276801295913955,0.9515,0.9444,True,BB_INSIDEBAR_BEARISH,0.07384745226290051,0.3481379892393798,1.8778352146850974
2011-02-01,20:00:00,0.9356,0.9368,0.9348,0.9353,8813,0.9422200000000001,0.00297385094998597,0.948167701899972,0.9362722981000281,0.9453,0.9336,True,BB_INSIDEBAR_BULLISH,0.08553405324495059,0.02138351331123468,0.5132043194696917
2011-02-17,00:00:00,0.9596,0.9596,0.9572,0.9583,8976,0.967905,0.004510744482765548,0.9769264889655311,0.9588835110344689,0.9627,0.9554,True,BB_INSIDEBAR_BULLISH,0.15652718355420492,-0.8035062089116184,-0.8348116456224571
2011-03-17,00:00:00,0.9002,0.9057,0.8991,0.9004,16292,0.91928,0.008326217312539564,0.9359324346250791,0.9026275653749208,0.9098,0.8922,True,BB_INSIDEBAR_BULLISH,-0.233229675699688,-0.14438027543313725,0.6108396268325257
2011-03-23,20:00:00,0.9078,0.9086,0.9075,0.9079,10838,0.90391,0.0019539164445586195,0.9078178328891172,0.9000021671108828,0.9087,0.9044,True,BB_INSIDEBAR_BEARISH,0.07710100231302158,0.17623086242977581,-0.05507214450931336
2011-05-06,16:00:00,0.87371,0.87833,0.87284,0.87738,17350,0.8647945,0.005638564090105798,0.8760716281802117,0.8535173718197884,0.87944,0.87107,True,BB_INSIDEBAR_BEARISH,0.13677084045681218,-0.19945747566619132,-0.5732977729148248
2011-05-20,16:00:00,0.87889,0.87947,0.8758,0.87707,4541,0.8812225,0.001887969878347679,0.8849984397566953,0.8774465602433047,0.88553,0.87472,True,BB_INSIDEBAR_BULLISH,-0.009121278803284684,0.3443282748241329,0.6624328730888049
2011-05-20,20:00:00,0.87708,0.8793,0.8765,0.87699,1873,0.880778,0.0017769625172916856,0.8843319250345834,0.8772240749654165,0.87947,0.8758,True,BB_INSIDEBAR_BULLISH,0.09008084470746044,0.7457325625149648,0.7468728263720161
2011-06-09,16:00:00,0.84253,0.84263,0.84045,0.84212,5549,0.836843,0.002234907509698758,0.8413128150193975,0.8323731849806025,0.8444,0.83651,True,BB_INSIDEBAR_BEARISH,-0.130622714102502,0.013062271410256792,-0.05699900251744703
2011-07-19,12:00:00,0.81985,0.8223,0.81864,0.82119,10634,0.8166145,0.0022160122429700905,0.8210465244859402,0.8121824755140599,0.82328,0.81804,True,BB_INSIDEBAR_BEARISH,-0.2922587951631118,0.44204142768421706,-0.2277183112312531
2011-07-20,00:00:00,0.82428,0.82547,0.8233,0.82482,6599,0.817515,0.003277032514807268,0.8240690650296145,0.8109609349703855,0.8277,0.81864,True,BB_INSIDEBAR_BEARISH,-0.030309643316114118,-0.6668121529545779,-0.30552120462645993
2011-08-09,12:00:00,0.74228,0.7445,0.73723,0.73898,20957,0.7607065,0.009819179553444118,0.7803448591068882,0.7410681408931117,0.75914,0.73674,True,BB_INSIDEBAR_BULLISH,-1.281496116268367,-2.016292727814017,-1.7388833256650946
2011-08-26,16:00:00,0.81023,0.8121,0.80303,0.80734,16697,0.7944355,0.005505376773555098,0.8054462535471102,0.7834247464528897,0.81536,0.79268,True,BB_INSIDEBAR_BEARISH,-0.16226125300368152,0.08918175737608121,0.9710902469839312
2011-09-01,12:00:00,0.79932,0.80241,0.7961,0.7961,16414,0.8123514999999999,0.007254028481361053,0.826859556962722,0.7978434430372778,0.80855,0.79589,True,BB_INSIDEBAR_BULLISH,-0.24620022610225759,-0.310262529832946,-1.6932546162542454
2011-09-06,20:00:00,0.86134,0.86246,0.86059,0.86134,9823,0.8018765,0.028550471518788673,0.8589774430375774,0.7447755569624226,0.86254,0.85604,True,BB_INSIDEBAR_BEARISH,-0.3146260477860067,-0.4701975990897901,-0.3123040843337091
2011-09-15,16:00:00,0.86776,0.87123,0.86721,0.86832,19212,0.8785170000000001,0.004627769838977021,0.8877725396779541,0.8692614603220461,0.87515,0.86475,True,BB_INSIDEBAR_BULLISH,0.13359130274553735,0.37658927584300667,0.7566334991708086
2011-10-10,20:00:00,0.90258,0.90421,0.90249,0.90386,7287,0.9194045000000001,0.007152681848805647,0.9337098636976113,0.9050991363023888,0.90656,0.90022,True,BB_INSIDEBAR_BULLISH,-0.049786471356177996,0.7423716062222019,0.3850153784878232
2011-10-27,20:00:00,0.858,0.86151,0.85717,0.85954,11636,0.876106,0.007094432509362548,0.8902948650187251,0.861917134981275,0.866,0.85686,True,BB_INSIDEBAR_BULLISH,0.07096819228889864,0.47234567326710375,0.3676385043162682
2011-12-12,20:00:00,0.93673,0.93828,0.93622,0.93812,9336,0.9266900000000001,0.004418410049688421,0.9355268200993769,0.9178531799006233,0.93872,0.93233,True,BB_INSIDEBAR_BEARISH,-0.07141943461390317,-0.29953524069415205,0.7706903168038279
2011-12-28,20:00:00,0.94202,0.94302,0.94136,0.94254,8296,0.9359165,0.00260601788354834,0.9411285357670968,0.9307044642329033,0.94408,0.93801,True,BB_INSIDEBAR_BEARISH,-0.009548666369600707,0.1538396248435028,-0.23235088166019746
2012-01-03,20:00:00,0.93076,0.93225,0.93068,0.93185,8395,0.938064,0.0031021510362163607,0.9442683020724327,0.9318596979275673,0.93469,0.93041,True,BB_INSIDEBAR_BULLISH,0.19638353812308829,0.4753984010302136,1.0999624403069264
2012-02-10,16:00:00,0.9176,0.9183,0.9163,0.9174,6915,0.912645,0.0022366504558946295,0.9171183009117893,0.9081716990882108,0.9199,0.9119,True,BB_INSIDEBAR_BEARISH,0.0,-0.4469151951166332,-0.21800741225201678
2012-02-10,20:00:00,0.9175,0.9176,0.9167,0.9174,617,0.9126750000000001,0.002298483481447164,0.9172719669628945,0.9080780330371058,0.9183,0.9163,True,BB_INSIDEBAR_BEARISH,-0.3706126008284237,-0.6649226073686499,-0.032701111837798884
2012-03-29,16:00:00,0.90726,0.90886,0.90683,0.90754,13498,0.9045920000000001,0.001468252093192187,0.9075285041863844,0.9016554958136157,0.90915,0.9066,True,BB_INSIDEBAR_BEARISH,-0.1586706922008944,-0.5663662207726418,-0.5255966679154696
2012-04-12,20:00:00,0.91037,0.9115,0.91007,0.91087,5489,0.915802,0.0024649876691877916,0.9207319753383756,0.9108720246616244,0.91286,0.90898,True,BB_INSIDEBAR_BULLISH,-0.020859178587494642,0.2700714701329518,0.9364673334284846
2012-04-27,16:00:00,0.90636,0.90683,0.90507,0.90587,10935,0.9092595000000001,0.001440754461980716,0.9121410089239615,0.9063779910760387,0.9088,0.90504,True,BB_INSIDEBAR_BULLISH,0.04746817976089742,0.05409164670428444,0.19870400830141452
2012-05-07,04:00:00,0.92526,0.92556,0.92428,0.92438,8226,0.9146155,0.004134462957396047,0.9228844259147921,0.9063465740852079,0.9269,0.92158,True,BB_INSIDEBAR_BEARISH,-0.286678638655091,-0.47924013933662934,-0.32995088599926403
2012-06-18,04:00:00,0.94701,0.94732,0.94437,0.94438,8418,0.9534395,0.00443960343761411,0.9623187068752282,0.9445602931247717,0.94765,0.94195,True,BB_INSIDEBAR_BULLISH,0.5866282640462515,1.100192719032594,0.8524111056989773
2012-06-28,12:00:00,0.96638,0.96705,0.96362,0.96578,20663,0.9617155000000001,0.001858033694437186,0.9654315673888745,0.9579994326111256,0.96771,0.95918,True,BB_INSIDEBAR_BEARISH,0.10147238501521888,-0.14496055002173963,-1.7654124127648128
2012-06-29,08:00:00,0.95385,0.95682,0.95284,0.95525,22191,0.9618365000000001,0.0032836377050591164,0.9684037754101184,0.9552692245898818,0.96485,0.95102,True,BB_INSIDEBAR_BULLISH,-0.6825438366919739,-0.7170897670766838,-0.44909709500131023
2012-07-05,16:00:00,0.97005,0.97132,0.96883,0.9697,14083,0.956832,0.005031794280702019,0.966895588561404,0.946768411438596,0.97141,0.95867,True,BB_INSIDEBAR_BEARISH,-0.040218624316799165,0.023718675879132976,0.8497473445395509
2012-07-12,00:00:00,0.98063,0.98235,0.98024,0.98192,6137,0.9779055,0.0019262985365492559,0.9817580970730985,0.9740529029269015,0.98307,0.97821,True,BB_INSIDEBAR_BEARISH,-0.054994296887728625,0.341168323284989,0.20164575525500875
2012-07-20,16:00:00,0.9874,0.9886,0.9857,0.9875,9411,0.9793650000000002,0.003221845662501034,0.9858086913250023,0.972921308674998,0.9887,0.9809,True,BB_INSIDEBAR_BEARISH,0.020253164556959795,0.42531645569620063,0.3139240506329105
2012-07-20,20:00:00,0.9876,0.9882,0.9869,0.9877,3052,0.9799199999999999,0.003648301695646221,0.9872166033912924,0.9726233966087074,0.9886,0.9857,True,BB_INSIDEBAR_BEARISH,0.22273969828895207,0.4049812696162806,0.34423407917383403
2012-07-26,20:00:00,0.9779,0.9782,0.9767,0.9779,5178,0.989285,0.005623379298626171,1.0005317585972524,0.9780382414027476,0.9783,0.974,True,BB_INSIDEBAR_BULLISH,0.020451988955923713,0.11248593925759177,-0.32723182329481343
2012-09-11,00:00:00,0.9461,0.9465,0.9452,0.9456,5895,0.9562800000000001,0.004967854561723253,0.9662157091234467,0.9463442908765536,0.947,0.9451,True,BB_INSIDEBAR_BULLISH,0.021150592216579736,-0.5181895093062623,-0.7508460236886628
2012-09-20,16:00:00,0.9346,0.9351,0.9326,0.9342,10352,0.9288449999999999,0.002521377025373656,0.9338877540507472,0.9238022459492526,0.9356,0.9322,True,BB_INSIDEBAR_BEARISH,-0.13915649753800885,-0.2783129950760058,-0.2354956112181524
2012-10-04,20:00:00,0.9297,0.931,0.9295,0.9304,4611,0.93629,0.0024498979568316833,0.9411897959136634,0.9313902040863365,0.9345,0.9293,True,BB_INSIDEBAR_BULLISH,-0.010748065348236134,0.12897678417884553,-0.09673258813413713
2012-10-09,20:00:00,0.9409,0.9415,0.9392,0.9403,5810,0.9329850000000001,0.0034134833264441757,0.9398119666528885,0.9261580333471117,0.9416,0.9363,True,BB_INSIDEBAR_BEARISH,0.06380942252471912,0.12761884504945006,-0.12761884504945006
2012-10-19,20:00:00,0.9283,0.9287,0.9276,0.9281,2691,0.9241250000000001,0.001945811966587064,0.9280166239331742,0.920233376066826,0.929,0.926,True,BB_INSIDEBAR_BEARISH,-0.10774701002047203,-0.161620515030714,-0.150845814028668
2012-11-19,20:00:00,0.9406,0.9408,0.9395,0.9398,3978,0.94375,0.0017364513113967393,0.9472229026227934,0.9402770973772065,0.9432,0.9393,True,BB_INSIDEBAR_BULLISH,0.21281123643328387,0.17024898914663184,0.0
2012-11-23,20:00:00,0.9274,0.9285,0.9273,0.9277,2363,0.936575,0.00434473365411583,0.9452644673082317,0.9278855326917684,0.9322,0.9264,True,BB_INSIDEBAR_BULLISH,0.16169020157379077,0.0862347741726876,-0.02155869354316891
2012-12-12,20:00:00,0.9252,0.927,0.9244,0.9263,5323,0.9324749999999999,0.0028995235541300385,0.93827404710826,0.9266759528917399,0.9293,0.9242,True,BB_INSIDEBAR_BULLISH,0.03238691568605926,-0.05397819281011076,-0.31307351829860885
2013-01-29,20:00:00,0.92189,0.92204,0.92097,0.92111,12477,0.9264759999999999,0.0023372372351850136,0.9311504744703699,0.9218015255296298,0.92436,0.9193,True,BB_INSIDEBAR_BULLISH,0.07273832658423635,-0.1335345398486558,-1.1431859387043937
2013-01-30,20:00:00,0.91051,0.91235,0.91036,0.91058,14899,0.9231085,0.005372382863343391,0.9338532657266868,0.9123637342733132,0.91617,0.9093,True,BB_INSIDEBAR_BULLISH,-0.03184783324912709,0.023062224076966713,-0.07687408025653132
2013-02-08,00:00:00,0.91806,0.91927,0.91749,0.91759,12430,0.9107125,0.0034283230132035945,0.9175691460264073,0.9038558539735928,0.92007,0.91725,True,BB_INSIDEBAR_BEARISH,-0.05122113362176684,-0.0632090585119743,-0.013077736243857167
2013-03-01,00:00:00,0.9364,0.9373,0.936,0.9364,5444,0.9314500000000001,0.0021675841509511645,0.9357851683019024,0.9271148316980978,0.9374,0.9335,True,BB_INSIDEBAR_BEARISH,-0.06407518154635251,0.555318240068345,0.6514310123878678
2013-03-01,20:00:00,0.942,0.944,0.9418,0.943,3719,0.9338650000000002,0.0044769908830891774,0.9428189817661785,0.9249110182338218,0.9463,0.9413,True,BB_INSIDEBAR_BEARISH,-0.05302226935312247,0.05302226935313425,-0.24496288441144468
2013-03-15,16:00:00,0.9409,0.94149,0.93838,0.93931,21572,0.9477245,0.004065523174594046,0.955855546349188,0.9395934536508119,0.94353,0.93787,True,BB_INSIDEBAR_BULLISH,-0.09794423566235129,0.5152718484845329,0.6377021430624662
2013-03-25,04:00:00,0.9395,0.9404,0.9387,0.9389,3431,0.9444550000000002,0.0025944221542981223,0.9496438443085964,0.9392661556914039,0.9419,0.9352,True,BB_INSIDEBAR_BULLISH,0.021301523058908194,0.905314730003202,0.9798700607093511
2013-04-05,00:00:00,0.9398,0.94068,0.9393,0.93944,3699,0.946585,0.0031470161304415416,0.9528790322608831,0.9402909677391169,0.94496,0.9382,True,BB_INSIDEBAR_BULLISH,0.060674444349821104,-0.47581537937495577,-0.5609724942519062
2013-04-17,00:00:00,0.92247,0.92263,0.92168,0.92236,3678,0.9286810000000001,0.003042457282295483,0.934765914564591,0.9225960854354092,0.92282,0.92074,True,BB_INSIDEBAR_BULLISH,0.027104384405230438,0.26779131792359634,1.1427208465241332
2013-04-30,20:00:00,0.93083,0.93123,0.9289,0.92903,4266,0.9396929999999999,0.004469769922129502,0.9486325398442589,0.9307534601557409,0.93665,0.92784,True,BB_INSIDEBAR_BULLISH,-0.01722226408189714,-0.036597311174020965,-0.20559077747758062
2013-05-22,20:00:00,0.98048,0.98297,0.97716,0.9781,11335,0.9704105000000001,0.003642631314553733,0.9776957626291075,0.9631252373708926,0.98384,0.96788,True,BB_INSIDEBAR_BEARISH,0.34965749923320505,-1.226868418362132,-0.9630917084142709
2013-05-23,00:00:00,0.97809,0.98156,0.97808,0.98152,5917,0.970856,0.004393298005764445,0.9796425960115289,0.9620694039884712,0.98297,0.97716,True,BB_INSIDEBAR_BEARISH,-0.5053386584073646,-1.3428152253647374,-1.1145977667291498
2013-06-03,20:00:00,0.94552,0.94747,0.94283,0.947,7128,0.9565339999999999,0.004646814868274364,0.9658276297365486,0.9472403702634512,0.9624,0.9408,True,BB_INSIDEBAR_BULLISH,-0.06019007391763036,0.2734952481520689,-0.03484688489967703
2013-06-06,20:00:00,0.92896,0.93095,0.9282,0.9291,9503,0.9440114999999999,0.005877170170195068,0.95576584034039,0.9322571596596098,0.94169,0.92257,True,BB_INSIDEBAR_BULLISH,0.06996017651489919,0.09794424712086602,0.760951458400593
2013-06-07,00:00:00,0.92903,0.93049,0.92888,0.92975,6529,0.9432235,0.006668888706362413,0.9565612774127248,0.9298857225872752,0.93095,0.9282,True,BB_INSIDEBAR_BULLISH,-0.27104060231244603,0.4345254100564715,0.5356278569507915
2013-06-26,20:00:00,0.94269,0.94406,0.94235,0.94271,6172,0.9364509999999999,0.003059562920095141,0.9425701258401902,0.9303318741598097,0.94431,0.93904,True,BB_INSIDEBAR_BEARISH,-0.148508024737201,0.13577876547400025,0.24397746921110083
2013-07-11,04:00:00,0.94925,0.9507,0.9414,0.94243,8729,0.9649345,0.0076858150099625745,0.9803061300199252,0.9495628699800749,0.95931,0.94044,True,BB_INSIDEBAR_BULLISH,0.8753965811784408,0.8499304988168841,0.5316044692974501
2013-07-26,00:00:00,0.92955,0.9305,0.92944,0.93001,3425,0.9357175,0.0024728289252615577,0.9406631578505231,0.9307718421494768,0.93407,0.92831,True,BB_INSIDEBAR_BULLISH,-0.10322469650863549,-0.0849453231685635,-0.27634111461166666
2013-09-05,20:00:00,0.94348,0.94519,0.94348,0.94478,3262,0.9370390000000001,0.0029030580970184454,0.942845116194037,0.9312328838059631,0.9455,0.93987,True,BB_INSIDEBAR_BEARISH,-0.0476301361163393,-0.09420182476343132,-0.7451470183534723
2013-09-16,04:00:00,0.92392,0.92474,0.92355,0.9242,2915,0.9307684999999999,0.0030166699571605887,0.9368018399143211,0.9247351600856787,0.92582,0.92282,True,BB_INSIDEBAR_BULLISH,0.2207314434105097,0.2748322873836817,0.33326119887469935
2013-09-19,00:00:00,0.91179,0.91377,0.91138,0.91206,4672,0.9247,0.004542435006504018,0.933784870013008,0.9156151299869919,0.92448,0.91089,True,BB_INSIDEBAR_BULLISH,-0.035085411047517376,-0.06359230752363056,-0.1600771879043064
2013-09-19,04:00:00,0.91206,0.91314,0.91152,0.91174,4272,0.923819,0.0052453657741000715,0.9343097315482001,0.9133282684517998,0.91377,0.91138,True,BB_INSIDEBAR_BULLISH,-0.2369096452936078,-0.017548862614347183,-0.15464935178888964
2022-10-21,20:00:00,0.9994,1.00114,0.99726,0.99776,10995,0.9166304999999999,0.0285091225427355,0.973648745085471,0.8596122549145289,1.01126,0.99616,True,BB_INSIDEBAR_BEARISH,0.14031430404105877,0.33575208466965645,0.298669018601666
2022-10-26,20:00:00,0.98688,0.98775,0.98545,0.98609,7640,0.9968305,0.005329226738514927,1.0074889534770297,0.9861720465229701,0.99186,0.98522,True,BB_INSIDEBAR_BULLISH,-0.051719417091747245,0.17746858805991636,0.45431958543337103
2022-12-08,20:00:00,0.93688,0.93795,0.93577,0.93628,5828,0.9408945,0.0021167489344402187,0.9451279978688804,0.9366610021311196,0.93963,0.93436,True,BB_INSIDEBAR_BULLISH,-0.28730721579014507,-0.2253599350621669,-0.20293074721237375
2023-02-03,20:00:00,0.9244,0.92641,0.92435,0.92601,6967,0.9147964999999999,0.005295806955941183,0.9253881139118822,0.9042048860881176,0.92694,0.92214,True,BB_INSIDEBAR_BEARISH,0.07451323419833138,-0.2591764667768121,0.23217891815423003
2023-03-06,20:00:00,0.93153,0.93269,0.93057,0.93069,5109,0.9383965,0.003798815985744818,0.9459941319714896,0.9307988680285103,0.93488,0.93051,True,BB_INSIDEBAR_BULLISH,0.0010744716285717576,0.21274538245817423,1.2195252984344918
2023-03-21,20:00:00,0.92255,0.92332,0.92216,0.92227,5715,0.9270175,0.0022216775901518116,0.9314608551803036,0.9225741448196965,0.92548,0.92092,True,BB_INSIDEBAR_BULLISH,0.0010842811757895724,0.004337124703170328,-0.5378034631940837
2023-03-23,00:00:00,0.91753,0.91753,0.91579,0.91579,4339,0.9245685000000001,0.0037420642697299457,0.93205262853946,0.9170843714605402,0.92424,0.91473,True,BB_INSIDEBAR_BULLISH,-0.062241343539453306,0.0993677589840429,0.05787352995774473
2023-04-04,20:00:00,0.90626,0.90644,0.90562,0.90612,4410,0.9136005,0.0030682971016568424,0.9197370942033137,0.9074639057966863,0.91345,0.9055,True,BB_INSIDEBAR_BULLISH,-0.04745508321194118,-0.1589193484306711,0.057387542488849703
2023-04-20,20:00:00,0.89416,0.89424,0.89231,0.89231,4990,0.8967094999999998,0.0018467737868519732,0.9004030475737038,0.8930159524262958,0.89461,0.89201,True,BB_INSIDEBAR_BULLISH,0.050430904058001186,0.13672378433504037,-0.021293048380049924
2023-05-18,20:00:00,0.90535,0.90572,0.9046,0.90507,4438,0.8979405,0.0035048199516508624,0.9049501399033018,0.8909308600966983,0.90624,0.90118,True,BB_INSIDEBAR_BEARISH,-0.05303457191156882,-0.23423602594274595,-0.6397295236832591
2023-05-31,12:00:00,0.91115,0.91151,0.90983,0.91069,7531,0.9053575,0.0022783462952018873,0.9099141925904038,0.9008008074095962,0.91188,0.90764,True,BB_INSIDEBAR_BEARISH,0.3953046591046402,-0.0208633014527472,-0.2305943844777027
2023-07-12,20:00:00,0.86772,0.86849,0.86677,0.86751,5076,0.8823745000000001,0.0070194290327719394,0.8964133580655439,0.8683356419344562,0.87486,0.8659,True,BB_INSIDEBAR_BULLISH,-0.09106523267742819,-0.5152678355292704,-1.015550253023018
2023-08-24,16:00:00,0.88292,0.8833,0.88069,0.88319,8722,0.879357,0.001714695307857045,0.8827863906157142,0.8759276093842859,0.88386,0.87898,True,BB_INSIDEBAR_BEARISH,0.13473884441626655,0.3543971285906731,0.2536260600776752
2023-08-30,00:00:00,0.87796,0.87904,0.87766,0.87852,3493,0.8835609999999999,0.002277560790997293,0.8881161215819945,0.8790058784180054,0.87952,0.87747,True,BB_INSIDEBAR_BULLISH,0.1252105814324079,-0.21058143240905366,-0.08081773892455361
2023-09-05,16:00:00,0.88794,0.88952,0.88762,0.88877,8740,0.8845055000000001,0.002060346099913196,0.8886261921998264,0.8803848078001737,0.8903,0.88733,True,BB_INSIDEBAR_BEARISH,0.06863417982155108,-0.0033754514666307924,0.3893020691517512
2023-09-14,16:00:00,0.89491,0.89612,0.89299,0.89599,10294,0.8922625,0.0013961785245792749,0.8950548570491585,0.8894701429508414,0.89708,0.89271,True,BB_INSIDEBAR_BEARISH,-0.04464335539458655,-0.09040279467404519,0.04799160704919045
2023-11-10,00:00:00,0.90162,0.90371,0.90162,0.90318,2611,0.9004464999999999,0.0011680675669374148,0.9027826351338748,0.898110364866125,0.90409,0.9,True,BB_INSIDEBAR_BEARISH,0.028787174206696114,-0.188223831351451,-0.11736309484266147
2023-11-10,04:00:00,0.90319,0.90369,0.90296,0.90344,2392,0.90065,0.0013158387354739968,0.9032816774709479,0.898018322529052,0.90371,0.90162,True,BB_INSIDEBAR_BEARISH,-0.12950500309926552,-0.12064996015231065,-0.12839812273090076
2023-12-08,20:00:00,0.88064,0.88102,0.87961,0.88004,3802,0.875496,0.0020559756292902022,0.8796079512585805,0.8713840487414196,0.88203,0.877,True,BB_INSIDEBAR_BEARISH,-0.08976864687969506,-0.12044907049680251,-0.18408254170265737
2023-12-19,20:00:00,0.86183,0.862,0.86064,0.8609,3216,0.8668615,0.002585807976915312,0.8720331159538306,0.8616898840461693,0.86461,0.85927,True,BB_INSIDEBAR_BULLISH,0.006969450574973746,0.060401904983153086,0.2067603670577307
2023-12-27,20:00:00,0.8436,0.84394,0.84213,0.84298,4789,0.8539005,0.004020585810782807,0.8619416716215655,0.8458593283784344,0.85158,0.84082,True,BB_INSIDEBAR_BULLISH,-0.2823317279176182,-0.9134261785570155,0.2123419298204073
2024-01-16,12:00:00,0.86049,0.8613,0.85927,0.86091,8345,0.8545665,0.0028855269971585916,0.8603375539943172,0.8487954460056828,0.86159,0.85831,True,BB_INSIDEBAR_BEARISH,0.11034835232486631,0.04646246413679327,0.6086582801918926
2024-02-01,20:00:00,0.85854,0.85917,0.85726,0.85765,6296,0.8618,0.0015983412450253237,0.8649966824900507,0.8586033175099493,0.86398,0.85707,True,BB_INSIDEBAR_BULLISH,-0.025651489535358007,-0.15507491400921744,1.0587069317320559
2024-03-21,12:00:00,0.89483,0.89682,0.89233,0.89464,10141,0.8882355000000001,0.002973334960644358,0.8941821699212887,0.8822888300787114,0.89738,0.88447,True,BB_INSIDEBAR_BEARISH,0.39904319055709137,0.31185728337654917,0.42475185549495054
2024-03-21,20:00:00,0.8982,0.8988,0.89741,0.89749,4427,0.889657,0.0037722087622619523,0.897201417524524,0.8821125824754761,0.89937,0.89463,True,BB_INSIDEBAR_BEARISH,-0.006685311256956624,0.39889023833134934,-0.032312337741926093
2024-03-26,20:00:00,0.90364,0.90412,0.90303,0.9039,3767,0.89947,0.0021002781767610478,0.9036705563535221,0.8952694436464779,0.90433,0.90201,True,BB_INSIDEBAR_BEARISH,-0.04093373160747665,0.14824648744330213,-0.019913707268510786
2024-04-11,00:00:00,0.91212,0.91357,0.91185,0.91314,4311,0.905748,0.0036060995109597326,0.9129601990219195,0.8985358009780805,0.91474,0.91146,True,BB_INSIDEBAR_BEARISH,-0.07008782881047528,-0.4643318658694078,-0.3800074468318082
2024-06-07,20:00:00,0.89611,0.89677,0.89611,0.89656,4670,0.8918240000000001,0.002201160937418897,0.8962263218748379,0.8874216781251623,0.89727,0.89513,True,BB_INSIDEBAR_BEARISH,0.013384491835460982,0.047961095743723835,-0.006692245917736683
2024-06-12,16:00:00,0.89049,0.89288,0.89024,0.89128,10384,0.8963495,0.002008933927498413,0.9003673678549968,0.8923316321450032,0.89686,0.8893,True,BB_INSIDEBAR_BULLISH,0.34444843371331313,0.4622565299344777,0.3747419441701833
2024-08-15,20:00:00,0.87217,0.87294,0.87177,0.87254,5338,0.8665229999999999,0.0028300922430217882,0.8721831844860435,0.8608628155139564,0.87483,0.87054,True,BB_INSIDEBAR_BEARISH,-0.07105691429618743,-0.4458248332454614,-0.7300524904302367
2024-08-23,20:00:00,0.84974,0.84979,0.84706,0.84764,5838,0.8522335,0.0018911435551365685,0.8560157871102732,0.8484512128897268,0.85412,0.84704,True,BB_INSIDEBAR_BULLISH,-0.15100750318530837,-0.21589353971025416,-0.04601009862677569
2024-11-06,08:00:00,0.87137,0.8749,0.87101,0.87418,17391,0.8657505000000001,0.0033551899701188092,0.8724608799402377,0.8590401200597625,0.87535,0.86833,True,BB_INSIDEBAR_BEARISH,0.23679333775652797,0.273399071129516,0.22878583358118487
2024-11-06,16:00:00,0.8763,0.87674,0.87403,0.87632,14255,0.8667665,0.004628042981741724,0.8760225859634835,0.8575104140365165,0.87731,0.87382,True,BB_INSIDEBAR_BEARISH,0.028528391455173052,-0.14606536425049615,-0.46900675552309057
2024-11-22,20:00:00,0.89343,0.89477,0.89337,0.89428,4765,0.885975,0.0036885248797080285,0.8933520497594161,0.8785979502405838,0.89575,0.89252,True,BB_INSIDEBAR_BEARISH,-0.4629422552220693,-0.6027195061949284,-0.9057565863040654
2024-12-13,00:00:00,0.8907,0.89272,0.89058,0.8925,4127,0.8839235000000001,0.004218562083385662,0.8923606241667714,0.8754863758332287,0.89275,0.88906,True,BB_INSIDEBAR_BEARISH,-0.03361344537814756,-0.044817927170863414,-0.14117647058822722
2024-12-27,20:00:00,0.90257,0.90267,0.90161,0.90223,4202,0.8998954999999998,0.0011283265432726465,0.9021521530865452,0.8976388469134545,0.90273,0.90019,True,BB_INSIDEBAR_BEARISH,-0.06317679527392787,-0.03990113385722343,0.15849617059951923
2025-01-02,20:00:00,0.91237,0.91352,0.91207,0.91227,5622,0.9051885000000001,0.0031934938380293165,0.9115754876760587,0.8988015123239415,0.9137,0.90779,True,BB_INSIDEBAR_BEARISH,-0.0811163361724132,-0.3409078452651142,-0.38913918028654376
2025-01-10,16:00:00,0.91667,0.91793,0.91451,0.91644,13407,0.9113485000000001,0.002439284353393046,0.9162270687067862,0.9064699312932141,0.91885,0.91303,True,BB_INSIDEBAR_BEARISH,0.0,0.061106018942866415,0.19968574047400794
2025-02-25,20:00:00,0.89247,0.89293,0.89203,0.89289,5241,0.8970845000000001,0.002051878407406465,0.901188256814813,0.8929807431851872,0.89415,0.89119,True,BB_INSIDEBAR_BULLISH,-0.03247880477998549,0.19599278746542456,0.18815307596680608
2025-03-04,16:00:00,0.889,0.89127,0.88863,0.88978,13544,0.8982875,0.004135351922763053,0.9065582038455261,0.8900167961544739,0.89206,0.88715,True,BB_INSIDEBAR_BULLISH,-0.03484007282699459,-0.03146845287599834,0.10901571174897462
2025-06-12,16:00:00,0.81121,0.81422,0.81061,0.81218,9877,0.8198365000000001,0.003492392144838083,0.8268212842896763,0.8128517157103239,0.81499,0.81022,True,BB_INSIDEBAR_BULLISH,-0.23886330616366477,-0.31520106380359114,-0.10342534906056082
2025-08-11,20:00:00,0.81259,0.81303,0.81191,0.8123,3759,0.8078,0.002094853342090289,0.8119897066841806,0.8036102933158193,0.81318,0.81095,True,BB_INSIDEBAR_BEARISH,-0.04924289055768398,-0.2917641265542266,-0.7497230087406179
2025-09-05,20:00:00,0.79703,0.79856,0.79701,0.79807,4730,0.8037245000000001,0.002522201366939529,0.8087689027338791,0.798680097266121,0.8,0.79561,True,BB_INSIDEBAR_BULLISH,0.03633766461588739,-0.2719059731602359,-0.6089691380455318
2025-10-15,20:00:00,0.79668,0.79771,0.79636,0.79673,5403,0.8015625,0.0023634116171796626,0.8062893232343593,0.7968356767656406,0.80084,0.79566,True,BB_INSIDEBAR_BULLISH,-0.16818746626837294,-0.022592346215163102,-0.5095829201862693
2025-10-30,00:00:00,0.7996,0.80065,0.79887,0.79972,4697,0.7955865,0.002011679776917951,0.7996098595538359,0.791563140446164,0.80203,0.79635,True,BB_INSIDEBAR_BEARISH,-0.24383534236983037,0.3938878607512612,0.18256389736407955
2025-12-22,20:00:00,0.79198,0.79246,0.79173,0.79177,5286,0.794497,0.001204286641270284,0.7969055732825405,0.7920884267174595,0.79342,0.79159,True,BB_INSIDEBAR_BULLISH,-0.14524419970445765,-0.4344696060724704,-0.5367720423860434
2025-12-31,00:00:00,0.79116,0.79196,0.79116,0.79189,3915,0.789458,0.0012072308455097199,0.7918724616910194,0.7870435383089806,0.79242,0.79086,True,BB_INSIDEBAR_BEARISH,0.10607533874655102,0.07703090075641812,-0.09597292553258445
2026-01-26,04:00:00,0.77752,0.77774,0.77608,0.77697,9502,0.7894605,0.005399191435433595,0.8002588828708672,0.7786621171291328,0.77936,0.77425,True,BB_INSIDEBAR_BULLISH,-0.14414970977000527,-0.09524177252661929,0.05019498822348372
2026-03-02,20:00:00,0.77833,0.78026,0.77789,0.77938,11440,0.7729685000000001,0.0031182827171183534,0.7792050654342367,0.7667319345657634,0.78136,0.77733,True,BB_INSIDEBAR_BEARISH,-0.030793707819023703,0.8339962534322234,0.32846621673638104
