trade_date,trade_time,open,high,low,close,volume,ny_high,ny_low,signal,bullish_count,bearish_count,forward_1,forward_3,forward_6
2009-12-28,20:00:00,1.0342,1.0352,1.0337,1.0351,2877,1.0347,1.033,BULLISH_NEWYORK_BREAKOUT,1,0,0.028982706984850646,-0.3188097768331426,0.14491353492416742
2010-02-01,20:00:00,1.0577,1.058,1.0553,1.0559,6590,1.0597,1.0572,BEARISH_NEWYORK_BREAKOUT,0,1,0.18941187612463317,0.018941187612461215,-0.0852353442560965
2010-02-05,20:00:00,1.0785,1.0785,1.0723,1.0723,7861,1.0793,1.0731,BEARISH_NEWYORK_BREAKOUT,0,1,0.35437843886972165,-0.07460598713047971,0.027977245173922125
2010-02-11,20:00:00,1.0713,1.0715,1.0699,1.0705,7202,1.0781,1.071,BEARISH_NEWYORK_BREAKOUT,0,1,0.1120971508640906,0.9061186361513351,0.45773003269499346
2010-02-18,20:00:00,1.0772,1.0863,1.0768,1.0862,9781,1.0812,1.0758,BULLISH_NEWYORK_BREAKOUT,1,0,0.04603203829865079,-0.01841281531946032,-0.9850856195912496
2010-02-19,20:00:00,1.0778,1.0782,1.0749,1.0755,5071,1.0862,1.0768,BEARISH_NEWYORK_BREAKOUT,0,1,-0.10227801022778978,0.05578800557881507,0.00929800092979907
2010-02-22,20:00:00,1.0772,1.0772,1.0748,1.0756,6300,1.0787,1.0759,BEARISH_NEWYORK_BREAKOUT,0,1,-0.07437709185570025,0.19523986612125446,0.7158795091111976
2010-03-01,20:00:00,1.0793,1.0802,1.0776,1.0785,6679,1.0869,1.0791,BEARISH_NEWYORK_BREAKOUT,0,1,0.20398701900787944,0.30598052851182944,-0.3152526657394594
2010-03-12,20:00:00,1.0587,1.0593,1.0575,1.0576,2910,1.0618,1.0581,BEARISH_NEWYORK_BREAKOUT,0,1,0.2080181543116471,0.28366111951587475,0.4160363086232942
2010-04-02,20:00:00,1.0624,1.0624,1.0594,1.0607,3249,1.0641,1.0621,BEARISH_NEWYORK_BREAKOUT,0,1,-0.16969925520882662,0.25454888281322946,0.15084378240784818
2010-04-06,20:00:00,1.0711,1.0711,1.0679,1.0691,4101,1.0721,1.0698,BEARISH_NEWYORK_BREAKOUT,0,1,0.05612197175195548,0.06547563371061126,0.43026845009822834
2010-04-13,20:00:00,1.0545,1.0552,1.0533,1.0537,3689,1.0601,1.0546,BEARISH_NEWYORK_BREAKOUT,0,1,-0.17082661098984755,-0.07592293821772174,-0.1992977128214853
2010-04-19,20:00:00,1.064,1.0642,1.0624,1.0628,4179,1.0662,1.0633,BEARISH_NEWYORK_BREAKOUT,0,1,0.1317275122318468,-0.03763643206623597,0.47986450884457144
2010-04-26,20:00:00,1.076,1.0762,1.0699,1.0712,6236,1.078,1.0743,BEARISH_NEWYORK_BREAKOUT,0,1,0.15870052277819593,0.6254667662434793,1.6243465272591562
2010-04-27,20:00:00,1.0836,1.0897,1.0835,1.0886,7716,1.0846,1.0759,BULLISH_NEWYORK_BREAKOUT,1,0,-0.27558331802315944,-0.19290832261620344,-0.2939555392247007
2010-05-04,20:00:00,1.1,1.1048,1.1,1.1042,6513,1.1007,1.0965,BULLISH_NEWYORK_BREAKOUT,1,0,0.10867596449917295,0.00905633037493108,1.2044919398659542
2010-05-05,20:00:00,1.1139,1.1195,1.1137,1.1175,7408,1.1153,1.1105,BULLISH_NEWYORK_BREAKOUT,1,0,-0.07158836689037243,-0.3668903803131984,-0.4026845637583847
2010-05-06,20:00:00,1.1106,1.1179,1.1083,1.113,16970,1.1122,1.1018,BULLISH_NEWYORK_BREAKOUT,1,0,0.017969451931714103,-0.14375561545373278,-0.4582210242587496
2010-05-11,20:00:00,1.1078,1.1124,1.1077,1.1123,8737,1.1104,1.1036,BULLISH_NEWYORK_BREAKOUT,1,0,-0.06293266205161781,-0.19778836644789893,-0.1887979861548135
2010-05-13,20:00:00,1.113,1.1191,1.1124,1.1184,6948,1.1162,1.1117,BULLISH_NEWYORK_BREAKOUT,1,0,-0.10729613733906382,0.6348354792560698,1.3412017167381887
2010-05-14,20:00:00,1.1298,1.1335,1.1291,1.1334,6163,1.1329,1.1252,BULLISH_NEWYORK_BREAKOUT,1,0,0.07940709370038142,0.4587965413799271,-0.22057526027880245
2010-05-17,20:00:00,1.1337,1.1348,1.1303,1.1309,9334,1.1402,1.1315,BEARISH_NEWYORK_BREAKOUT,0,1,0.282960473958802,-0.15032275179061233,1.7066053585639642
2010-05-18,20:00:00,1.1418,1.1514,1.1407,1.1502,14043,1.1418,1.1297,BULLISH_NEWYORK_BREAKOUT,1,0,-0.06955312119630602,-0.06085898104676778,0.05216484089724882
2010-05-25,20:00:00,1.1613,1.1616,1.1521,1.1549,7730,1.1674,1.1581,BEARISH_NEWYORK_BREAKOUT,0,1,0.4415966750367895,-0.12988137501082836,0.4935492250411324
2010-05-28,20:00:00,1.1573,1.1594,1.1561,1.1589,4728,1.1587,1.1524,BULLISH_NEWYORK_BREAKOUT,1,0,-0.3020105272240968,-0.2070929329536593,-0.3278971438433019
2010-06-07,20:00:00,1.1619,1.1636,1.1609,1.1632,5740,1.1622,1.1584,BULLISH_NEWYORK_BREAKOUT,1,0,-0.12035763411279814,-0.3696698762035738,-0.8596973865199458
2010-06-09,20:00:00,1.1469,1.1487,1.1469,1.1481,7039,1.1479,1.1416,BULLISH_NEWYORK_BREAKOUT,1,0,0.06097029875447653,-0.45292221931886345,-0.42679209128123896
2010-06-16,20:00:00,1.127,1.1318,1.1266,1.1315,5583,1.129,1.125,BULLISH_NEWYORK_BREAKOUT,1,0,-0.044189129474144495,-1.5731330092797207,-1.7322138753866407
2010-06-23,20:00:00,1.1057,1.1063,1.102,1.1052,8128,1.1136,1.1055,BEARISH_NEWYORK_BREAKOUT,0,1,-0.09048136083965706,-0.04524068041982853,-0.2985884907708884
2010-07-01,20:00:00,1.0651,1.0652,1.0578,1.0595,6579,1.0748,1.0599,BEARISH_NEWYORK_BREAKOUT,0,1,0.15101462954222025,0.4624823029730915,0.29259084473807273
2010-07-02,20:00:00,1.0648,1.0683,1.0622,1.0626,3775,1.066,1.0628,BEARISH_NEWYORK_BREAKOUT,0,1,0.2729154903067855,0.00941087897609533,0.19762845849802282
2010-07-14,20:00:00,1.0546,1.056,1.051,1.0511,4834,1.0566,1.0532,BEARISH_NEWYORK_BREAKOUT,0,1,0.1331937969746045,-0.2759014365902296,-0.9038150508990431
2010-07-19,20:00:00,1.0522,1.0558,1.0522,1.0542,3557,1.0538,1.051,BULLISH_NEWYORK_BREAKOUT,1,0,0.0,-0.1233162587744336,-0.2181749193701355
2010-07-20,20:00:00,1.0477,1.053,1.0477,1.0519,4176,1.0505,1.0452,BULLISH_NEWYORK_BREAKOUT,1,0,0.04753303545963922,-0.02851982127578353,-0.12358589219508306
2010-08-06,20:00:00,1.0356,1.0389,1.0356,1.0388,3081,1.037,1.0331,BULLISH_NEWYORK_BREAKOUT,1,0,0.0,-0.009626492106275412,0.9433962264150975
2010-08-10,20:00:00,1.0559,1.0559,1.0461,1.0481,6965,1.0616,1.0546,BEARISH_NEWYORK_BREAKOUT,0,1,0.3148554527239632,0.5056769392233432,1.1735521419711838
2010-08-11,20:00:00,1.0568,1.0623,1.0566,1.0604,4756,1.06,1.051,BULLISH_NEWYORK_BREAKOUT,1,0,-0.25462089777441765,-0.4055073557148218,-0.9996227838551437
2010-08-18,20:00:00,1.0416,1.043,1.041,1.0423,4252,1.0418,1.0395,BULLISH_NEWYORK_BREAKOUT,1,0,0.1055358342128083,-0.2206658351722123,-0.9690108414084235
2010-08-23,20:00:00,1.0397,1.0414,1.039,1.0412,3251,1.0404,1.0361,BULLISH_NEWYORK_BREAKOUT,1,0,0.01920860545526316,0.21129466000770286,-0.9220130618516934
2010-09-21,20:00:00,1.0042,1.0057,0.9961,0.9971,7056,1.0058,1.0023,BEARISH_NEWYORK_BREAKOUT,0,1,-0.020058168689196465,-0.6318323137097556,-1.053053856182926
2010-09-27,20:00:00,0.9838,0.986,0.9835,0.9859,3749,0.9851,0.9822,BULLISH_NEWYORK_BREAKOUT,1,0,-0.05071508266557916,-0.213003347195455,-1.0143016533116958
2010-09-30,20:00:00,0.982,0.9838,0.9813,0.9833,5824,0.9824,0.9751,BULLISH_NEWYORK_BREAKOUT,1,0,-0.22373639784399268,-0.4678124682192553,-0.9864741177666969
2010-10-01,20:00:00,0.9766,0.9773,0.9721,0.9736,3720,0.9804,0.9748,BEARISH_NEWYORK_BREAKOUT,0,1,0.43138866064091835,-0.04108463434676119,-0.2567789646672204
2010-10-04,20:00:00,0.9724,0.9732,0.9708,0.9711,3944,0.9747,0.9715,BEARISH_NEWYORK_BREAKOUT,0,1,0.1544640098857025,-0.4016064257028128,-0.49428483163422055
2010-10-18,20:00:00,0.9565,0.9595,0.9557,0.9586,4596,0.9578,0.9541,BULLISH_NEWYORK_BREAKOUT,1,0,0.19820571667014528,0.05215939912371635,1.2205299394951015
2010-10-29,20:00:00,0.9836,0.9854,0.9818,0.9822,7532,0.9859,0.9826,BEARISH_NEWYORK_BREAKOUT,0,1,0.1425371614742484,0.447973936061909,0.9875789045001061
2010-11-01,20:00:00,0.9921,0.9931,0.9911,0.9919,8700,0.997,0.992,BEARISH_NEWYORK_BREAKOUT,0,1,-0.03024498437342141,-0.8166145780824675,-1.2702893436838447
2010-11-09,20:00:00,0.9663,0.9695,0.9657,0.9676,13021,0.9675,0.9586,BULLISH_NEWYORK_BREAKOUT,1,0,0.1756924348904542,0.36171971889209875,0.26870607689127074
2010-11-12,20:00:00,0.9783,0.9811,0.9772,0.9807,7446,0.9799,0.9737,BULLISH_NEWYORK_BREAKOUT,1,0,-0.24472315692873137,0.1529519730804472,0.4180687264199034
2010-11-19,20:00:00,0.996,0.9962,0.9905,0.9922,7297,0.9995,0.996,BEARISH_NEWYORK_BREAKOUT,0,1,-0.07055029227977454,-0.413223140495867,-0.4434589800443418
2010-11-22,20:00:00,0.9918,0.9918,0.9877,0.9878,10167,0.9939,0.9886,BEARISH_NEWYORK_BREAKOUT,0,1,0.23284065600323636,-0.10123506782749553,0.8807450900992145
2010-11-24,20:00:00,0.9942,0.9973,0.9942,0.996,8759,0.9952,0.9912,BULLISH_NEWYORK_BREAKOUT,1,0,0.0,0.3413654618473854,0.4317269076305192
2010-11-30,20:00:00,1.0026,1.0041,1.0017,1.0035,11304,1.0029,0.9934,BULLISH_NEWYORK_BREAKOUT,1,0,-0.13951170901844223,0.07972097658195434,-0.06975585450923218
2010-12-03,20:00:00,0.9772,0.9784,0.9727,0.9735,8583,0.981,0.975,BEARISH_NEWYORK_BREAKOUT,0,1,0.3287108371854115,1.0169491525423748,0.8628659476117064
2010-12-07,20:00:00,0.9851,0.9882,0.9845,0.9874,11997,0.9857,0.9795,BULLISH_NEWYORK_BREAKOUT,1,0,0.10127607859022583,-0.09114847073121449,-0.1620417257443838
2010-12-08,20:00:00,0.9876,0.988,0.9848,0.9858,9682,0.9902,0.9861,BEARISH_NEWYORK_BREAKOUT,0,1,-0.2028809089064721,0.16230472712518215,-0.2840332724690632
2010-12-15,20:00:00,0.966,0.9694,0.966,0.9672,10901,0.9665,0.9585,BULLISH_NEWYORK_BREAKOUT,1,0,0.07237386269644686,0.27915632754342806,-0.27915632754341657
2010-12-16,20:00:00,0.9662,0.967,0.9638,0.9645,8032,0.9732,0.9646,BEARISH_NEWYORK_BREAKOUT,0,1,-0.300673924313117,-0.5391394504924812,0.4250907205806109
2010-12-29,20:00:00,0.9473,0.9473,0.9438,0.9441,6982,0.9518,0.9455,BEARISH_NEWYORK_BREAKOUT,0,1,-0.021184196589353776,-0.5401970130282919,-0.9850651414045213
2010-12-30,20:00:00,0.9369,0.9369,0.9344,0.9348,6349,0.9395,0.9363,BEARISH_NEWYORK_BREAKOUT,0,1,0.2246469833119374,0.07488232777064976,0.1390671801454941
2011-02-08,20:00:00,0.9613,0.9641,0.9602,0.9628,9997,0.9615,0.9554,BULLISH_NEWYORK_BREAKOUT,1,0,0.05193186539261071,0.2388865808059793,-0.5400914000830892
2011-03-16,20:00:00,0.9093,0.9098,0.8922,0.9004,16902,0.9158,0.9071,BEARISH_NEWYORK_BREAKOUT,0,1,0.0,-0.03331852509995191,-0.233229675699688
2011-03-17,20:00:00,0.9002,0.9002,0.8964,0.8983,10216,0.9021,0.899,BEARISH_NEWYORK_BREAKOUT,0,1,0.8460425247690138,0.44528553935210996,0.26717132361126106
2011-03-31,20:00:00,0.9161,0.9195,0.9154,0.918,8447,0.9167,0.9134,BULLISH_NEWYORK_BREAKOUT,1,0,0.18518518518517688,0.4357298474945538,0.610021786492368
2011-04-01,20:00:00,0.9255,0.9255,0.9228,0.9236,7492,0.9336,0.924,BEARISH_NEWYORK_BREAKOUT,0,1,0.1190991771329569,0.021654395842353614,-0.06496318752706084
2011-04-08,20:00:00,0.9106,0.9108,0.9058,0.9062,6325,0.912,0.9098,BEARISH_NEWYORK_BREAKOUT,0,1,0.12138600750386117,0.23173692341646335,0.03310527477377698
2011-04-15,20:00:00,0.89307,0.8935,0.89179,0.89203,4480,0.89584,0.89246,BEARISH_NEWYORK_BREAKOUT,0,1,0.24999159221103162,0.4315998340862998,0.4147842561348875
2011-04-20,20:00:00,0.89028,0.89052,0.88749,0.88825,8179,0.89313,0.88904,BEARISH_NEWYORK_BREAKOUT,0,1,-0.18463270475654092,-0.7216436813960064,-0.22966507177032713
2011-04-21,20:00:00,0.88415,0.88661,0.88402,0.88621,6004,0.88433,0.88016,BULLISH_NEWYORK_BREAKOUT,1,0,0.10494126674264412,-0.0902720574130311,-0.06093363875380507
2011-04-26,20:00:00,0.87744,0.87828,0.87321,0.87321,7634,0.88078,0.87668,BEARISH_NEWYORK_BREAKOUT,0,1,-0.1282623881998614,0.26110557597828116,0.2737027748193451
2011-04-27,20:00:00,0.87762,0.87901,0.87315,0.8756,10389,0.88323,0.87659,BEARISH_NEWYORK_BREAKOUT,0,1,-0.5207857469164011,-0.43398812243033635,-0.23184102329831968
2011-05-04,20:00:00,0.85921,0.86207,0.8591,0.86093,7258,0.86028,0.85529,BULLISH_NEWYORK_BREAKOUT,1,0,-0.08246895798729147,-0.21372236999523225,1.0384119498681728
2011-05-06,20:00:00,0.87736,0.87951,0.87594,0.87858,7897,0.87833,0.87284,BULLISH_NEWYORK_BREAKOUT,1,0,-0.25268046165403263,-0.2663388649866841,-0.7364155796853986
2011-05-09,20:00:00,0.87233,0.87298,0.87089,0.87211,7439,0.87869,0.8723,BEARISH_NEWYORK_BREAKOUT,0,1,0.08141174851796085,0.5985483482588208,0.8737429911364346
2011-05-17,20:00:00,0.88162,0.88183,0.87933,0.88004,2365,0.88685,0.88152,BEARISH_NEWYORK_BREAKOUT,0,1,0.030680423617107454,0.10340439070950938,0.09545020680877594
2011-05-19,20:00:00,0.88205,0.88218,0.88002,0.88065,1808,0.88421,0.88133,BEARISH_NEWYORK_BREAKOUT,0,1,0.20893658093453163,0.010219724067441488,-0.41560211207630693
2011-05-26,20:00:00,0.86614,0.86637,0.86415,0.86496,5251,0.86887,0.86509,BEARISH_NEWYORK_BREAKOUT,0,1,-0.2890307066222654,-0.9329911209766824,-1.8544210136884878
2011-05-27,20:00:00,0.85369,0.85396,0.84651,0.84892,6148,0.85795,0.85117,BEARISH_NEWYORK_BREAKOUT,0,1,0.2803562173114001,0.08010177637468949,0.3628139282853474
2011-06-01,20:00:00,0.84172,0.84349,0.84123,0.84229,7543,0.84219,0.83826,BULLISH_NEWYORK_BREAKOUT,1,0,0.09854088259388066,0.002374479098650109,0.029680988733093407
2011-06-03,20:00:00,0.83666,0.83686,0.83299,0.83355,5254,0.83732,0.83428,BEARISH_NEWYORK_BREAKOUT,0,1,0.0959750464879159,0.45348209465539024,0.1751544598404435
2011-06-06,20:00:00,0.83683,0.83734,0.83428,0.83501,7587,0.8377,0.8358,BEARISH_NEWYORK_BREAKOUT,0,1,0.06107711284894917,-0.17604579585874208,0.15688434869042553
2011-06-07,20:00:00,0.83794,0.83798,0.83559,0.83632,6371,0.83904,0.83636,BEARISH_NEWYORK_BREAKOUT,0,1,0.05739429883298689,-0.02511000573942181,-0.021522862062363448
2011-06-16,20:00:00,0.84945,0.85042,0.84699,0.8475,7199,0.85181,0.8477,BEARISH_NEWYORK_BREAKOUT,0,1,0.14395280235988187,-0.09321533923304641,0.1486725663716729
2011-06-17,20:00:00,0.84788,0.84893,0.84763,0.84876,3613,0.84851,0.84422,BULLISH_NEWYORK_BREAKOUT,1,0,0.048305763702344774,-0.20853951647107996,-0.35345680757811426
2011-06-22,20:00:00,0.83735,0.84036,0.83556,0.83966,8897,0.83865,0.83397,BULLISH_NEWYORK_BREAKOUT,1,0,0.37396088893123786,0.13338732344044135,-0.18936236095562256
2011-06-24,20:00:00,0.83671,0.83825,0.83185,0.83272,6580,0.8394,0.83584,BEARISH_NEWYORK_BREAKOUT,0,1,0.48635795945816096,0.23777500240176552,0.26779709866461165
2011-07-04,20:00:00,0.84791,0.84838,0.847,0.8471,8126,0.85028,0.84746,BEARISH_NEWYORK_BREAKOUT,0,1,0.30456852791878486,-0.4249793412820136,-0.7437138472435335
2011-07-05,20:00:00,0.84477,0.84538,0.83859,0.8408,8036,0.84572,0.84408,BEARISH_NEWYORK_BREAKOUT,0,1,-0.0856327307326288,0.15699333967649712,-0.1296384395813553
2011-07-08,20:00:00,0.83707,0.83727,0.83589,0.83593,4222,0.83928,0.83607,BEARISH_NEWYORK_BREAKOUT,0,1,0.16149677604584994,0.16508559329131003,0.031103082794018397
2011-07-12,20:00:00,0.83309,0.83309,0.82814,0.82948,8588,0.83424,0.83246,BEARISH_NEWYORK_BREAKOUT,0,1,0.26160968317500183,0.13622992718329127,-2.5305010367941305
2011-07-13,20:00:00,0.81894,0.82036,0.80849,0.80849,10461,0.82615,0.81825,BEARISH_NEWYORK_BREAKOUT,0,1,0.43785328204430324,0.8707590693762365,0.8287053643211328
2011-07-15,20:00:00,0.81499,0.81586,0.81237,0.81437,5872,0.81776,0.81496,BEARISH_NEWYORK_BREAKOUT,0,1,-0.1436693394894218,0.24558861451183145,0.45311099377432507
2011-07-19,20:00:00,0.8188,0.8277,0.81864,0.82424,8181,0.82189,0.81634,BULLISH_NEWYORK_BREAKOUT,1,0,0.0703678540231031,-0.29239056585460826,-0.5192662331359738
2011-07-22,20:00:00,0.81669,0.81991,0.81667,0.81862,4452,0.81828,0.8155,BULLISH_NEWYORK_BREAKOUT,1,0,-0.6364369304439237,-1.898316679289536,-1.5794874300652313
2011-07-28,20:00:00,0.80252,0.80252,0.80053,0.80107,4923,0.80449,0.80159,BEARISH_NEWYORK_BREAKOUT,0,1,0.17601458049858595,-0.14106133047049127,-1.9411537069169926
2011-07-29,20:00:00,0.78911,0.78946,0.785,0.78552,5624,0.79176,0.78616,BEARISH_NEWYORK_BREAKOUT,0,1,1.003157144312048,0.3284448518179075,-0.2469701598940755
2011-08-01,20:00:00,0.78152,0.78392,0.78092,0.78358,6756,0.78233,0.77292,BULLISH_NEWYORK_BREAKOUT,1,0,-0.045942979657473,-0.5360014293371567,-2.3481967380484545
2011-08-09,20:00:00,0.72952,0.73056,0.70674,0.7211,18192,0.74033,0.72678,BEARISH_NEWYORK_BREAKOUT,0,1,0.41325752322839865,0.5713493274164488,0.8057134932741621
2011-08-12,20:00:00,0.77538,0.77844,0.77373,0.77809,10231,0.77544,0.76802,BULLISH_NEWYORK_BREAKOUT,1,0,1.2774871801462635,2.034469020293284,0.7428446580729745
2011-08-16,20:00:00,0.79231,0.79756,0.79217,0.79723,9103,0.7939,0.78554,BULLISH_NEWYORK_BREAKOUT,1,0,-0.3988811258984183,-1.388557881665269,-0.9407573724019356
2011-08-18,20:00:00,0.79177,0.79405,0.79057,0.79386,8463,0.79362,0.7862,BULLISH_NEWYORK_BREAKOUT,1,0,0.039049706497371384,-0.4648174741138199,-1.1651928551633766
2011-08-23,20:00:00,0.79047,0.79316,0.79026,0.79222,7532,0.79109,0.78792,BULLISH_NEWYORK_BREAKOUT,1,0,0.15147307566079862,-0.44810784882987714,0.4127641311756829
2011-08-31,20:00:00,0.80496,0.80799,0.80403,0.80668,9269,0.80641,0.80096,BULLISH_NEWYORK_BREAKOUT,1,0,0.021074031834184992,-0.9136212624584703,-1.423116973273161
2011-09-19,20:00:00,0.8828,0.88313,0.8799,0.88212,9826,0.88742,0.88268,BEARISH_NEWYORK_BREAKOUT,0,1,0.2584682356141963,-0.30041264227089753,0.5010656146556001
2011-09-21,20:00:00,0.88985,0.90079,0.88885,0.89908,17557,0.8972,0.88851,BULLISH_NEWYORK_BREAKOUT,1,0,0.11122480758108298,1.7195355252035447,0.9821150509409624
2011-09-28,20:00:00,0.89893,0.90098,0.89738,0.90085,10857,0.89926,0.89524,BULLISH_NEWYORK_BREAKOUT,1,0,-0.12321696175834548,-0.8059055336626567,-0.3574401953710385
2011-10-03,20:00:00,0.91618,0.92158,0.91534,0.92039,13364,0.91782,0.90973,BULLISH_NEWYORK_BREAKOUT,1,0,-0.08800617129695981,-0.05758428492269912,-0.331381262290985
2011-10-04,20:00:00,0.92379,0.92474,0.91468,0.91734,16519,0.92605,0.91893,BEARISH_NEWYORK_BREAKOUT,0,1,0.4077005254322242,0.4229620424270167,0.6246320884295792
2011-10-07,20:00:00,0.92397,0.92847,0.92362,0.92691,9402,0.92498,0.91459,BULLISH_NEWYORK_BREAKOUT,1,0,-0.4153585569257015,-1.4607674963049269,-2.4867570745811367
2011-10-17,20:00:00,0.89732,0.8996,0.89709,0.8991,9660,0.89881,0.89656,BULLISH_NEWYORK_BREAKOUT,1,0,-0.41374708041375335,0.31475920364809246,0.018907796685574848
2011-10-19,20:00:00,0.90169,0.90369,0.90142,0.90255,12262,0.90239,0.89899,BULLISH_NEWYORK_BREAKOUT,1,0,0.05983048030579857,-0.7589607223976413,-0.9473159381751645
2011-10-21,20:00:00,0.88471,0.88521,0.88059,0.8819,7566,0.8857,0.88237,BEARISH_NEWYORK_BREAKOUT,0,1,0.236988320671282,0.40594171674793367,-0.1973012813244091
2011-10-25,20:00:00,0.87797,0.87918,0.87749,0.87776,9748,0.88281,0.87781,BEARISH_NEWYORK_BREAKOUT,0,1,0.011392635800217484,-0.28709442216550846,0.4203882610280682
2011-10-31,20:00:00,0.87197,0.87857,0.87181,0.87638,12149,0.8745,0.86965,BULLISH_NEWYORK_BREAKOUT,1,0,0.1916976653962783,1.3567174056915898,1.2129441566443684
2011-11-09,20:00:00,0.90866,0.91093,0.90832,0.91007,10840,0.90952,0.90477,BULLISH_NEWYORK_BREAKOUT,1,0,0.009889349170934484,-0.43842781324514035,-0.48018284307801545
2011-11-16,20:00:00,0.9155,0.92034,0.91481,0.91962,11396,0.91785,0.91401,BULLISH_NEWYORK_BREAKOUT,1,0,-0.0021748113351188537,0.18159674648224922,0.1728975011417738
2011-11-17,20:00:00,0.91938,0.92199,0.91888,0.92121,9845,0.92045,0.91512,BULLISH_NEWYORK_BREAKOUT,1,0,-0.26812561739451074,-0.7880939199530979,-0.5764158009574284
2011-11-30,20:00:00,0.91332,0.91411,0.91215,0.91384,7333,0.91359,0.90856,BULLISH_NEWYORK_BREAKOUT,1,0,0.06893985818086529,-0.5340103300358919,0.20900814146896252
2011-12-06,20:00:00,0.92688,0.92723,0.9242,0.92548,8338,0.9279,0.92583,BEARISH_NEWYORK_BREAKOUT,0,1,0.014046764921994479,0.2107014738297972,-0.25824437048882776
2011-12-09,20:00:00,0.92516,0.92595,0.92199,0.92199,5815,0.92574,0.9221,BEARISH_NEWYORK_BREAKOUT,0,1,0.4945823707415491,0.8232193407737596,1.749476675452009
2011-12-13,20:00:00,0.9407,0.94765,0.94034,0.94535,12429,0.94361,0.93517,BULLISH_NEWYORK_BREAKOUT,1,0,0.0,0.15655577299412132,0.8219178082191722
2011-12-19,20:00:00,0.93644,0.93774,0.93606,0.93735,8194,0.93726,0.93502,BULLISH_NEWYORK_BREAKOUT,1,0,0.004267349442569903,-0.7115805195498015,-0.5952952472395615
2011-12-20,20:00:00,0.93066,0.93216,0.93061,0.93177,6362,0.93168,0.92714,BULLISH_NEWYORK_BREAKOUT,1,0,-0.28440494971935576,-0.08371164557777165,0.4142653229874298
2011-12-29,20:00:00,0.9413,0.94171,0.93956,0.94035,5944,0.94454,0.94058,BEARISH_NEWYORK_BREAKOUT,0,1,0.09145530919338245,-0.09039187536555723,-0.2265114053277998
2012-01-09,20:00:00,0.95107,0.95116,0.94903,0.94919,7078,0.95394,0.95092,BEARISH_NEWYORK_BREAKOUT,0,1,-0.04530178362603172,-0.15381535835818086,-0.011588828369445895
2012-01-11,20:00:00,0.95439,0.95515,0.95368,0.95382,7921,0.95661,0.9539,BEARISH_NEWYORK_BREAKOUT,0,1,-0.10798683189700105,-0.47912604055272096,-0.9886561405716014
2012-01-13,20:00:00,0.95376,0.95384,0.95102,0.95209,8536,0.95735,0.95218,BEARISH_NEWYORK_BREAKOUT,0,1,0.2919892027014258,0.25627829301851696,0.4999527355607124
2012-01-16,20:00:00,0.95424,0.95685,0.95359,0.95685,5526,0.95469,0.95284,BULLISH_NEWYORK_BREAKOUT,1,0,-0.6364633955165312,-1.0795840518367508,-0.8099493128494459
2012-01-19,20:00:00,0.9335,0.9344,0.9314,0.9321,3511,0.9377,0.9329,BEARISH_NEWYORK_BREAKOUT,0,1,0.021456925222613235,0.36476772878446073,0.33258234095054084
2012-01-20,20:00:00,0.9348,0.9355,0.9345,0.9352,723,0.935,0.9324,BULLISH_NEWYORK_BREAKOUT,1,0,0.19247219846022495,-0.48118049615056235,-0.8233532934131779
2012-01-24,20:00:00,0.9279,0.9285,0.9272,0.9277,4269,0.9308,0.9279,BEARISH_NEWYORK_BREAKOUT,0,1,0.07545542740110316,0.46351191117819146,-0.6252021127519582
2012-02-07,20:00:00,0.9132,0.9137,0.9108,0.9113,3382,0.9174,0.9114,BEARISH_NEWYORK_BREAKOUT,0,1,0.08778667837155962,0.13168001755733336,0.18654669153956271
2012-02-13,20:00:00,0.9153,0.9174,0.915,0.9171,2563,0.9156,0.9134,BULLISH_NEWYORK_BREAKOUT,1,0,0.0763275542470748,-0.22898266274124857,0.30531021698833544
2012-02-16,20:00:00,0.9213,0.9213,0.9174,0.919,6237,0.9266,0.92,BEARISH_NEWYORK_BREAKOUT,0,1,-0.021762785636571164,-0.04352557127313025,-0.07616974972796886
2012-02-23,20:00:00,0.9037,0.9043,0.9007,0.901,9183,0.9071,0.9035,BEARISH_NEWYORK_BREAKOUT,0,1,0.09988901220865835,-0.12208657047724637,-0.6992230854605963
2012-02-29,20:00:00,0.9025,0.9052,0.9018,0.9045,10489,0.903,0.8945,BULLISH_NEWYORK_BREAKOUT,1,0,-0.08844665561083725,-0.13156440022111934,0.1370923161967959
2012-03-13,20:00:00,0.91976,0.92472,0.91902,0.92295,11804,0.9228,0.91875,BULLISH_NEWYORK_BREAKOUT,1,0,0.1495205590768662,0.4214746194268323,0.8093612871769842
2012-03-26,20:00:00,0.90354,0.90384,0.9021,0.90267,6853,0.90511,0.90326,BEARISH_NEWYORK_BREAKOUT,0,1,0.08530249149745184,-0.016617368473526704,0.24150575514862252
2012-03-29,20:00:00,0.90752,0.9076,0.9058,0.9061,6380,0.90886,0.90683,BEARISH_NEWYORK_BREAKOUT,0,1,-0.36199095022625105,-0.41055071184196623,-0.3962035095464057
2012-04-03,20:00:00,0.9018,0.91126,0.9018,0.9095,11685,0.90488,0.90147,BULLISH_NEWYORK_BREAKOUT,1,0,0.36063771302914355,0.4716877405167692,0.6794942275975893
2012-04-11,20:00:00,0.91633,0.91835,0.91632,0.9173,7721,0.91649,0.9133,BULLISH_NEWYORK_BREAKOUT,1,0,-0.0010901558922876366,-0.10247465387550984,-0.7009702387441455
2012-04-23,20:00:00,0.91491,0.915,0.91311,0.91322,5651,0.91701,0.91442,BEARISH_NEWYORK_BREAKOUT,0,1,0.039420950044886875,-0.06570158340816507,-0.3087974420183575
2012-04-25,20:00:00,0.91012,0.91204,0.90772,0.90865,8239,0.91174,0.90882,BEARISH_NEWYORK_BREAKOUT,0,1,0.018709073900842293,-0.012105871347597368,0.20469927915039718
2012-04-26,20:00:00,0.90792,0.91126,0.90744,0.91051,6761,0.90931,0.90641,BULLISH_NEWYORK_BREAKOUT,1,0,-0.030751996134041136,-0.2405245411912033,-0.46237822758674224
2012-04-30,20:00:00,0.90766,0.908,0.90683,0.90693,4212,0.90826,0.90698,BEARISH_NEWYORK_BREAKOUT,0,1,0.0011026209299454743,-0.04410483719802708,0.05513104649751855
2012-05-10,20:00:00,0.92684,0.9289,0.92649,0.92856,5553,0.9276,0.92551,BULLISH_NEWYORK_BREAKOUT,1,0,0.13354010510897601,-0.06677005255449997,0.13354010510897601
2012-05-11,20:00:00,0.92939,0.9298,0.92902,0.9298,4574,0.92951,0.92696,BULLISH_NEWYORK_BREAKOUT,1,0,0.2548935254893627,0.3441600344160133,0.6893955689395598
2012-05-18,20:00:00,0.94425,0.94439,0.9385,0.9397,10640,0.94532,0.94262,BEARISH_NEWYORK_BREAKOUT,0,1,-0.23730977971692604,0.04256677663084676,-0.20964137490688808
2012-05-21,20:00:00,0.93975,0.94024,0.9366,0.93773,9230,0.94265,0.93865,BEARISH_NEWYORK_BREAKOUT,0,1,0.12476938990967597,0.3295191579665829,0.9970887142354495
2012-05-22,20:00:00,0.94406,0.94864,0.94366,0.94708,11476,0.94457,0.93969,BULLISH_NEWYORK_BREAKOUT,1,0,0.025341048274698862,0.35055116779997353,0.7274992608860869
2012-05-30,20:00:00,0.96943,0.97126,0.96897,0.97084,8309,0.96989,0.9659,BULLISH_NEWYORK_BREAKOUT,1,0,-0.0494417205718796,-0.38420337027728674,0.06489225825057768
2012-06-01,20:00:00,0.96846,0.96861,0.96482,0.9659,9541,0.9713,0.96613,BEARISH_NEWYORK_BREAKOUT,0,1,0.3230148048452233,-0.013458950201880471,-0.5093694999482385
2012-06-06,20:00:00,0.95637,0.95709,0.95385,0.9546,8427,0.96138,0.95472,BEARISH_NEWYORK_BREAKOUT,0,1,0.011523151058028857,-0.05971087366435779,0.12151686570291743
2012-06-08,20:00:00,0.96017,0.9609,0.9593,0.9594,5219,0.96455,0.96006,BEARISH_NEWYORK_BREAKOUT,0,1,-0.9141129872837248,-0.4721701063164513,0.3950385657702689
2012-06-11,20:00:00,0.96054,0.9633,0.96054,0.96319,7706,0.96186,0.95592,BULLISH_NEWYORK_BREAKOUT,1,0,-0.17130576521766633,-0.33845866339974884,-0.30627394387400286
2012-06-14,20:00:00,0.95354,0.95398,0.95028,0.95083,11737,0.95399,0.95165,BEARISH_NEWYORK_BREAKOUT,0,1,0.03680994499543267,0.034706519567120564,-0.06625790099175546
2012-06-21,20:00:00,0.95556,0.95816,0.95516,0.95699,10621,0.95651,0.95036,BULLISH_NEWYORK_BREAKOUT,1,0,-0.07941566787531562,-0.06374152289992575,-0.1870447967063353
2012-07-17,20:00:00,0.9792,0.9793,0.9767,0.9774,5469,0.9852,0.9777,BEARISH_NEWYORK_BREAKOUT,0,1,-0.0716185799058762,0.38878657663187177,0.04092490280335133
2012-07-18,20:00:00,0.9794,0.98,0.9773,0.9778,4712,0.9808,0.9782,BEARISH_NEWYORK_BREAKOUT,0,1,-0.04090816117815054,-0.2045408058907754,0.34771937001431363
2012-08-01,20:00:00,0.977,0.9833,0.9767,0.9825,8759,0.9773,0.9747,BULLISH_NEWYORK_BREAKOUT,1,0,-0.06106870229008091,-0.3969465648854977,0.34605597964376167
2012-08-07,20:00:00,0.9672,0.9695,0.9672,0.9687,2718,0.9678,0.9664,BULLISH_NEWYORK_BREAKOUT,1,0,0.01032311345101569,0.2993702900794894,0.2890471766284737
2012-08-17,20:00:00,0.9749,0.9751,0.9727,0.9735,2666,0.9773,0.9739,BEARISH_NEWYORK_BREAKOUT,0,1,0.07190549563430126,-0.07190549563431267,-0.09244992295839875
2012-08-22,20:00:00,0.9627,0.9628,0.9576,0.9586,10111,0.9639,0.9615,BEARISH_NEWYORK_BREAKOUT,0,1,-0.1356144377216741,-0.25036511579386167,-0.31295639474233283
2012-08-27,20:00:00,0.9597,0.9611,0.9596,0.9609,3608,0.96,0.9588,BULLISH_NEWYORK_BREAKOUT,1,0,0.18732438339057383,-0.3954625871578755,-0.541159329794982
2012-09-13,20:00:00,0.9365,0.937,0.9345,0.9353,10583,0.9421,0.936,BEARISH_NEWYORK_BREAKOUT,0,1,-0.08553405324495059,-0.36351972629103707,-0.9194910723831982
2012-09-24,20:00:00,0.9367,0.9368,0.9352,0.9353,4633,0.9382,0.936,BEARISH_NEWYORK_BREAKOUT,0,1,-0.02138351331123468,0.22452688976798788,0.21383513311237054
2012-09-25,20:00:00,0.9354,0.938,0.9349,0.9373,6602,0.9355,0.9328,BULLISH_NEWYORK_BREAKOUT,1,0,-0.010668942707776484,0.24538568227888283,0.2027099114477769
2012-09-26,20:00:00,0.9401,0.9407,0.939,0.9392,4805,0.9417,0.9393,BEARISH_NEWYORK_BREAKOUT,0,1,-0.085178875638844,0.10647359454855204,-0.23424190800681216
2012-10-02,20:00:00,0.9354,0.9368,0.9352,0.9363,3795,0.9362,0.933,BULLISH_NEWYORK_BREAKOUT,1,0,0.07476236249065833,0.0,0.20292641247463555
2012-10-16,20:00:00,0.9264,0.9269,0.9225,0.9231,6070,0.9286,0.9257,BEARISH_NEWYORK_BREAKOUT,0,1,0.054165312533847355,-0.03249918752032044,-0.08666450005416779
2012-10-18,20:00:00,0.9237,0.9256,0.9232,0.9243,5392,0.924,0.9218,BULLISH_NEWYORK_BREAKOUT,1,0,0.021637996321538244,0.23801795953694468,0.4111219301092746
2012-10-25,20:00:00,0.9343,0.9357,0.9341,0.9347,5980,0.9346,0.9319,BULLISH_NEWYORK_BREAKOUT,1,0,-0.06419171926820733,0.07489033914625376,-0.010698619878034556
2012-11-26,20:00:00,0.9289,0.9289,0.9274,0.9275,4834,0.9294,0.9277,BEARISH_NEWYORK_BREAKOUT,0,1,0.0,0.1832884097035078,0.31266846361186135
2012-11-28,20:00:00,0.9299,0.931,0.9289,0.9292,5044,0.934,0.9295,BEARISH_NEWYORK_BREAKOUT,0,1,-0.02152389151958437,-0.21523891519586758,-0.21523891519586758
2012-12-19,20:00:00,0.9121,0.9134,0.9116,0.9132,6123,0.9129,0.9086,BULLISH_NEWYORK_BREAKOUT,1,0,-0.021901007446340118,-0.07665352606220258,-0.18615856329391534
2013-01-03,20:00:00,0.92195,0.92677,0.92174,0.92662,13939,0.92358,0.9213,BULLISH_NEWYORK_BREAKOUT,1,0,0.08633528307181185,0.2956983445209433,-0.29893591763614535
2013-01-04,20:00:00,0.92625,0.92646,0.92306,0.92385,9670,0.92757,0.92533,BEARISH_NEWYORK_BREAKOUT,0,1,0.1991665313633235,0.35287113708935874,-0.29442008984141854
2013-01-07,20:00:00,0.9221,0.9222,0.921,0.92113,9916,0.92612,0.9218,BEARISH_NEWYORK_BREAKOUT,0,1,0.05536677776209769,0.06730863178921041,0.30831695851833657
2013-01-14,20:00:00,0.91771,0.92277,0.91757,0.92173,15771,0.9198,0.91676,BULLISH_NEWYORK_BREAKOUT,1,0,0.302691677606236,0.09764247664716358,1.0838314907836288
2013-01-15,20:00:00,0.92952,0.9332,0.92845,0.93172,15255,0.93085,0.92702,BULLISH_NEWYORK_BREAKOUT,1,0,-0.10303524664061746,-0.21894989911132545,-0.0955222599064039
2013-01-28,20:00:00,0.92624,0.92704,0.92593,0.92602,10565,0.92914,0.9261,BEARISH_NEWYORK_BREAKOUT,0,1,0.025917366795535517,-0.13498628539340116,-0.5302261290252878
2013-02-01,20:00:00,0.90469,0.90851,0.90446,0.90713,11021,0.90686,0.90214,BULLISH_NEWYORK_BREAKOUT,1,0,0.12236393901646461,0.3516585274436989,0.11134016072668255
2013-02-11,20:00:00,0.91846,0.92027,0.91745,0.92009,13645,0.91983,0.9172,BULLISH_NEWYORK_BREAKOUT,1,0,0.04564770837636394,-0.14455107652511628,-0.35213946461758194
2013-02-20,20:00:00,0.9238,0.928,0.9232,0.927,6839,0.9249,0.9222,BULLISH_NEWYORK_BREAKOUT,1,0,0.07551240560948466,0.47464940668823724,0.40992448759438127
2013-02-28,20:00:00,0.9337,0.9374,0.9335,0.9365,4887,0.9352,0.9301,BULLISH_NEWYORK_BREAKOUT,1,0,-0.01067805659369877,0.22423918846769791,0.6940736785904912
2013-03-04,20:00:00,0.94126,0.94155,0.94057,0.94069,5683,0.9429,0.94116,BEARISH_NEWYORK_BREAKOUT,0,1,-0.003189148391071925,-0.10949409476022658,0.0
2013-03-06,20:00:00,0.9473,0.94875,0.94711,0.94854,6928,0.94784,0.94371,BULLISH_NEWYORK_BREAKOUT,1,0,-0.0010542517975062214,-0.2899192443123147,-0.6409850928795923
2013-03-11,20:00:00,0.94877,0.94881,0.94659,0.94679,12365,0.95192,0.94784,BEARISH_NEWYORK_BREAKOUT,0,1,0.16687966708562887,0.11512584628058221,0.044360417832885427
2013-04-04,20:00:00,0.94485,0.94496,0.9382,0.9398,5843,0.95126,0.94372,BEARISH_NEWYORK_BREAKOUT,0,1,-0.03830602255798212,0.1202383485848133,-0.7044051925941647
2013-04-19,20:00:00,0.93235,0.9338,0.93155,0.93336,4363,0.93308,0.92759,BULLISH_NEWYORK_BREAKOUT,1,0,-0.03857032656208922,0.0707122653638461,0.07285506128396481
2013-04-22,20:00:00,0.93524,0.93536,0.93386,0.93404,3422,0.93708,0.9345,BEARISH_NEWYORK_BREAKOUT,0,1,0.09742623442250507,0.6230996531197858,1.21193953149758
2013-04-23,20:00:00,0.94304,0.94564,0.94252,0.94536,4841,0.94341,0.93886,BULLISH_NEWYORK_BREAKOUT,1,0,-0.037022933062532945,-0.061352289075063994,0.13434035711263365
2013-05-09,20:00:00,0.94073,0.94984,0.94073,0.94782,9576,0.9417,0.93541,BULLISH_NEWYORK_BREAKOUT,1,0,0.25321263531049754,1.1025300162478064,1.0181258044776484
2013-05-14,20:00:00,0.96332,0.96733,0.96322,0.9669,6814,0.96443,0.95629,BULLISH_NEWYORK_BREAKOUT,1,0,-0.2585582790360892,0.2709690764298342,-0.2347709173647734
2013-05-15,20:00:00,0.96796,0.96819,0.9646,0.96463,5277,0.97037,0.96532,BEARISH_NEWYORK_BREAKOUT,0,1,0.11196002612400296,0.42607009941636254,-0.015550003628332466
2013-05-28,20:00:00,0.97462,0.97804,0.9719,0.97676,8157,0.97627,0.96782,BULLISH_NEWYORK_BREAKOUT,1,0,-0.1934968671935734,-0.6408943855194656,-1.5541176952373124
2013-06-10,20:00:00,0.93541,0.93618,0.93182,0.93346,6505,0.94182,0.93436,BEARISH_NEWYORK_BREAKOUT,0,1,0.027853362757915494,-0.29460287532405455,-0.9545133160499618
2013-06-19,20:00:00,0.9192,0.93215,0.91802,0.92765,14314,0.92058,0.91854,BULLISH_NEWYORK_BREAKOUT,1,0,-0.14229504662318632,0.49048671373902375,-0.031261790546004684
2013-07-10,20:00:00,0.96661,0.96705,0.95792,0.95792,12510,0.97159,0.96655,BEARISH_NEWYORK_BREAKOUT,0,1,-0.9040420911975948,-0.7558042425254744,-1.148321362953066
2013-07-11,20:00:00,0.95045,0.95053,0.94449,0.94692,8106,0.95351,0.94827,BEARISH_NEWYORK_BREAKOUT,0,1,0.029569551810085117,0.4013010602796462,-0.11299793013137492
2013-07-15,20:00:00,0.95015,0.95023,0.9476,0.94813,4581,0.95209,0.94816,BEARISH_NEWYORK_BREAKOUT,0,1,0.04113359982280926,0.0210941537552844,-0.9650575343043666
2013-07-16,20:00:00,0.94135,0.94158,0.93786,0.93898,5664,0.9449,0.93949,BEARISH_NEWYORK_BREAKOUT,0,1,0.20554218407207686,0.06070416835288925,0.2087371403011738
2013-07-23,20:00:00,0.93639,0.9366,0.93421,0.93475,5175,0.93954,0.93541,BEARISH_NEWYORK_BREAKOUT,0,1,0.007488633324419845,0.15512169029152847,0.26210216635464706
2013-07-25,20:00:00,0.93395,0.93407,0.92831,0.92953,8162,0.93524,0.93248,BEARISH_NEWYORK_BREAKOUT,0,1,0.051639000355021995,-0.19364625133130858,-0.14200725097629854
2013-07-31,20:00:00,0.92841,0.92856,0.92281,0.92589,10170,0.93367,0.92726,BEARISH_NEWYORK_BREAKOUT,0,1,-0.028081089546278498,0.43525688796725076,1.1675252999816377
2013-08-01,20:00:00,0.93607,0.9372,0.9353,0.9367,5509,0.9362,0.92978,BULLISH_NEWYORK_BREAKOUT,1,0,0.07473043663926913,0.061919504643965506,-0.7814668517134615
2013-08-05,20:00:00,0.92879,0.92911,0.92691,0.92721,4700,0.93326,0.92864,BEARISH_NEWYORK_BREAKOUT,0,1,-0.09275137239675715,0.10785043301948867,-0.1682466755104028
2013-08-07,20:00:00,0.92182,0.92191,0.92072,0.92152,5499,0.92583,0.92162,BEARISH_NEWYORK_BREAKOUT,0,1,0.03146974563764351,0.021703272853543926,-0.16060421911624673
2013-08-15,20:00:00,0.93373,0.93373,0.92469,0.92591,11063,0.93938,0.93281,BEARISH_NEWYORK_BREAKOUT,0,1,-0.02376040867902906,0.11124191336090714,0.012960222915835123
2013-08-21,20:00:00,0.9203,0.92348,0.91989,0.92218,9532,0.92207,0.91866,BULLISH_NEWYORK_BREAKOUT,1,0,0.16048927541261326,0.2342275911427325,0.10626992561105
2013-08-30,20:00:00,0.93098,0.93123,0.9296,0.93035,4093,0.93321,0.93058,BEARISH_NEWYORK_BREAKOUT,0,1,0.27194066749073276,0.20959853818455498,0.42134680496587673
2013-09-16,20:00:00,0.92674,0.92769,0.92635,0.92724,3968,0.92686,0.9244,BULLISH_NEWYORK_BREAKOUT,1,0,-0.0107846943617606,-0.11431776023466955,-0.1585350071178952
2013-09-17,20:00:00,0.92642,0.92644,0.92556,0.92577,2808,0.92784,0.92583,BEARISH_NEWYORK_BREAKOUT,0,1,0.07453255128163241,0.024844183760552137,-1.510094299880099
2013-09-18,20:00:00,0.92438,0.92448,0.91089,0.91179,11380,0.92662,0.92429,BEARISH_NEWYORK_BREAKOUT,0,1,0.029612081729344746,-0.24238037267352505,-0.150253896182233
2013-10-07,20:00:00,0.90373,0.90398,0.90269,0.90276,3609,0.90625,0.90323,BEARISH_NEWYORK_BREAKOUT,0,1,0.06867827551065112,0.24591253489299478,0.11077141211396173
2013-10-14,20:00:00,0.90833,0.91038,0.90829,0.91016,4097,0.90848,0.90657,BULLISH_NEWYORK_BREAKOUT,1,0,0.12415399490200353,0.17579326711787444,0.24281445020656206
2013-10-15,20:00:00,0.9151,0.91587,0.91178,0.91237,6086,0.9167,0.91425,BEARISH_NEWYORK_BREAKOUT,0,1,0.227977684492034,0.03178535024167963,0.09535605072503889
2022-11-02,20:00:00,0.99892,1.00407,0.99106,1.00336,10551,0.99977,0.99428,BULLISH_NEWYORK_BREAKOUT,1,0,-0.10763833519374601,0.7564583001116235,1.000637856801153
2022-11-10,20:00:00,0.96934,0.9694,0.96305,0.96345,8753,0.97629,0.96594,BEARISH_NEWYORK_BREAKOUT,0,1,0.47329908142612576,-0.44008511079973234,-2.3177123877731147
2022-11-11,20:00:00,0.94233,0.94274,0.93973,0.94112,8121,0.95438,0.94188,BEARISH_NEWYORK_BREAKOUT,0,1,0.35064603876233436,0.5047177830669874,0.20613736824210013
2022-11-28,20:00:00,0.94774,0.94978,0.94751,0.94889,6462,0.9478,0.94297,BULLISH_NEWYORK_BREAKOUT,1,0,-0.07482426835565645,0.30667411396473443,0.5279853302279462
2022-11-30,20:00:00,0.95146,0.95262,0.94314,0.94538,7973,0.95451,0.94768,BEARISH_NEWYORK_BREAKOUT,0,1,-0.23588398316020587,-0.16078190780426554,-0.9139182127821597
2022-12-01,20:00:00,0.93806,0.93837,0.93651,0.93674,7606,0.94164,0.9368,BEARISH_NEWYORK_BREAKOUT,0,1,0.1024830796165383,-0.1718726647735765,0.0032025962380142292
2022-12-05,20:00:00,0.94253,0.94351,0.94155,0.9426,6734,0.94259,0.93628,BULLISH_NEWYORK_BREAKOUT,1,0,-0.12200297050710635,0.07638446849141248,-0.05092297899427498
2022-12-16,20:00:00,0.93212,0.9342,0.93163,0.93388,5874,0.93353,0.92912,BULLISH_NEWYORK_BREAKOUT,1,0,-0.200239859510862,-0.3726388829399964,-0.5589583244099886
2022-12-19,20:00:00,0.92953,0.93068,0.92861,0.92866,5466,0.93408,0.92911,BEARISH_NEWYORK_BREAKOUT,0,1,0.125987982684729,-0.3025865225163235,-0.27458919303082424
2023-01-06,20:00:00,0.92821,0.92864,0.92702,0.92804,5877,0.93995,0.92807,BEARISH_NEWYORK_BREAKOUT,0,1,-0.1573208051377114,-0.3879143140381812,-0.7165639412094236
2023-01-09,20:00:00,0.91958,0.92158,0.91938,0.92139,6340,0.92072,0.91667,BULLISH_NEWYORK_BREAKOUT,1,0,-0.08031343947731948,-0.1671387794527938,0.14326181095952722
2023-01-30,20:00:00,0.92347,0.92563,0.92335,0.92493,4682,0.92388,0.92202,BULLISH_NEWYORK_BREAKOUT,1,0,-0.10271047538732729,0.19028467019125597,-0.9568291654503611
2023-01-31,20:00:00,0.91756,0.9178,0.91504,0.91608,5855,0.92404,0.91652,BEARISH_NEWYORK_BREAKOUT,0,1,0.06440485547113564,-0.007641254038950145,-0.8339882979652411
2023-02-01,20:00:00,0.91602,0.91828,0.90698,0.90844,11467,0.91721,0.91365,BEARISH_NEWYORK_BREAKOUT,0,1,-0.11338118092553996,-0.06934965435251854,0.511866496411423
2023-02-09,20:00:00,0.92022,0.92283,0.92005,0.92222,6883,0.92108,0.91604,BULLISH_NEWYORK_BREAKOUT,1,0,0.032530198867945496,0.08132549716986373,0.15722929452841528
2023-02-13,20:00:00,0.92026,0.9206,0.9191,0.91933,4771,0.9234,0.9199,BEARISH_NEWYORK_BREAKOUT,0,1,-0.104423873908168,-0.3241491085899495,0.25779643871079844
2023-02-17,20:00:00,0.92656,0.92676,0.92401,0.92419,5576,0.93113,0.92535,BEARISH_NEWYORK_BREAKOUT,0,1,0.16446834525368992,-0.0454452006621989,-0.10603880154513477
2023-02-22,20:00:00,0.9294,0.93183,0.92878,0.93126,7262,0.93044,0.92599,BULLISH_NEWYORK_BREAKOUT,1,0,-0.14711251422803326,0.1954341429890733,0.28241307475893107
2023-02-24,20:00:00,0.94004,0.94119,0.93948,0.94096,5773,0.94059,0.937,BULLISH_NEWYORK_BREAKOUT,1,0,-0.09245876551607267,0.017003910899500294,-0.552627104233972
2023-02-28,20:00:00,0.93729,0.94229,0.93721,0.94207,6291,0.93831,0.93412,BULLISH_NEWYORK_BREAKOUT,1,0,-0.09022684089292912,-0.49359389429659495,-0.25794261572918487
2023-03-03,20:00:00,0.93765,0.93828,0.93588,0.93619,5451,0.94077,0.93698,BEARISH_NEWYORK_BREAKOUT,0,1,0.01602238861769336,-0.2157681667182967,-0.587487582648816
2023-03-07,20:00:00,0.94107,0.94244,0.93977,0.94204,7813,0.94167,0.93418,BULLISH_NEWYORK_BREAKOUT,1,0,0.03609188569487569,0.06156851089125993,-0.07324529743959582
2023-03-09,20:00:00,0.93637,0.93687,0.93233,0.93252,8720,0.93845,0.93542,BEARISH_NEWYORK_BREAKOUT,0,1,-0.06863123579118667,-0.23806459915068842,-1.195684811049628
2023-03-15,20:00:00,0.92787,0.93378,0.9263,0.93345,12744,0.9285,0.92036,BULLISH_NEWYORK_BREAKOUT,1,0,-0.18961915474851887,-0.7788312175263805,-0.44994375703036926
2023-03-17,20:00:00,0.92862,0.92895,0.92493,0.92582,8943,0.92932,0.92632,BEARISH_NEWYORK_BREAKOUT,0,1,0.07560864962952128,0.2873128685921665,0.35752090039100853
2023-03-20,20:00:00,0.92609,0.92942,0.92582,0.92913,6214,0.92744,0.92401,BULLISH_NEWYORK_BREAKOUT,1,0,-0.05596633409748527,-0.10655128991637838,-0.7383250998245646
2023-03-22,20:00:00,0.92321,0.92424,0.91473,0.91731,11144,0.92454,0.92182,BEARISH_NEWYORK_BREAKOUT,0,1,-0.16570188921956217,-0.37173910673599037,-0.09048195266594689
2023-03-29,20:00:00,0.92053,0.92059,0.91818,0.91829,5394,0.92124,0.91839,BEARISH_NEWYORK_BREAKOUT,0,1,0.10672009931502911,-0.2363087913404268,-0.5379564189961837
2023-03-31,20:00:00,0.91378,0.91542,0.9136,0.91516,5800,0.91509,0.91156,BULLISH_NEWYORK_BREAKOUT,1,0,0.17592552122033311,0.26552733948162544,-0.27754709558984075
2023-04-10,20:00:00,0.91029,0.9103,0.90927,0.90938,4834,0.91202,0.90961,BEARISH_NEWYORK_BREAKOUT,0,1,-0.09456992676328618,-0.5806153643141427,-0.6806835426334336
2023-04-18,20:00:00,0.89693,0.89722,0.89612,0.89616,4223,0.89868,0.89692,BEARISH_NEWYORK_BREAKOUT,0,1,-0.023433315479371147,0.23656489912515744,0.1450633815390197
2023-04-24,20:00:00,0.88848,0.88856,0.88757,0.88761,3742,0.88989,0.88792,BEARISH_NEWYORK_BREAKOUT,0,1,-0.058584288144564046,-0.12956140647356207,0.48444699811853975
2023-04-27,20:00:00,0.8955,0.89576,0.8936,0.89427,4971,0.89761,0.89492,BEARISH_NEWYORK_BREAKOUT,0,1,-0.07939436635467906,0.1453699665649041,0.039138067921316994
2023-05-03,20:00:00,0.88686,0.88772,0.88323,0.8841,12736,0.88909,0.8863,BEARISH_NEWYORK_BREAKOUT,0,1,-0.14251781472684524,0.4298156317158721,0.20925234701957
2023-05-09,20:00:00,0.89149,0.89159,0.88962,0.89039,4620,0.89425,0.8906,BEARISH_NEWYORK_BREAKOUT,0,1,-0.04717034108648749,0.024708273902447012,-0.07637102842574758
2023-05-29,20:00:00,0.90382,0.90451,0.90371,0.90438,2471,0.90427,0.90327,BULLISH_NEWYORK_BREAKOUT,1,0,-0.05860368429199224,0.039806276122871694,0.16033083438378365
2023-06-01,20:00:00,0.907,0.90733,0.90537,0.90549,5057,0.91012,0.90666,BEARISH_NEWYORK_BREAKOUT,0,1,-0.03202685838606859,-0.12258556140874613,0.37659167964306883
2023-06-07,20:00:00,0.90968,0.91068,0.90937,0.91017,4766,0.90988,0.9043,BULLISH_NEWYORK_BREAKOUT,1,0,-0.10986958480283912,-0.17139655229242953,-1.22614456639969
2023-06-08,20:00:00,0.90018,0.90035,0.89894,0.89901,4687,0.90295,0.8997,BEARISH_NEWYORK_BREAKOUT,0,1,0.02002202422665699,0.16017619381319417,0.43714752894850883
2023-06-14,20:00:00,0.89671,0.90295,0.89653,0.90107,9691,0.89972,0.89652,BULLISH_NEWYORK_BREAKOUT,1,0,-0.038842709223486795,0.2319464636487648,-1.03987481549713
2023-06-21,20:00:00,0.89408,0.8944,0.89196,0.89306,5943,0.89977,0.89346,BEARISH_NEWYORK_BREAKOUT,0,1,-0.0638254988466575,0.10637583141110411,0.1858777685709801
2023-06-26,20:00:00,0.89484,0.89573,0.8947,0.89567,3678,0.89541,0.89271,BULLISH_NEWYORK_BREAKOUT,1,0,0.08596916274967883,-0.10494936751258176,-0.22664597452186366
2023-07-04,20:00:00,0.89631,0.89749,0.896,0.89707,3022,0.89646,0.89498,BULLISH_NEWYORK_BREAKOUT,1,0,-0.06019597132888012,0.10144135909126004,0.19842375734335152
2023-07-05,20:00:00,0.89834,0.89903,0.89773,0.89885,4962,0.89882,0.89621,BULLISH_NEWYORK_BREAKOUT,1,0,-0.01446292484842571,-0.1513044445680623,-0.4005117650331031
2023-07-06,20:00:00,0.89637,0.89649,0.8951,0.89525,4860,0.89979,0.89579,BEARISH_NEWYORK_BREAKOUT,0,1,0.13739179000279972,0.05473331471655855,-0.6824909243228092
2023-07-10,20:00:00,0.8865,0.88666,0.88518,0.88531,3832,0.89148,0.88628,BEARISH_NEWYORK_BREAKOUT,0,1,-0.03388643525997424,-0.400989483909597,-0.6619150354113347
2023-07-11,20:00:00,0.87994,0.88017,0.87929,0.87945,4018,0.88347,0.87987,BEARISH_NEWYORK_BREAKOUT,0,1,-0.1273523224742622,-0.16828699755528181,-1.3576667235203765
2023-07-24,20:00:00,0.86749,0.86997,0.86741,0.8696,3828,0.86764,0.86392,BULLISH_NEWYORK_BREAKOUT,1,0,-0.0160993560257623,-0.18054277828887666,-0.6646734130634783
2023-07-26,20:00:00,0.8632,0.86404,0.85972,0.86078,8884,0.86396,0.86201,BEARISH_NEWYORK_BREAKOUT,0,1,0.004646948116828923,-0.5669276702525612,0.9816677896791233
2023-07-28,20:00:00,0.86828,0.87054,0.86828,0.87052,4755,0.86972,0.86606,BULLISH_NEWYORK_BREAKOUT,1,0,-0.0827091853145181,-0.00344621605476893,0.13784864219088475
2023-08-07,20:00:00,0.87393,0.87425,0.87272,0.87278,2612,0.87572,0.87334,BEARISH_NEWYORK_BREAKOUT,0,1,0.08707807236645923,0.10884759045807722,0.32195971493388703
2023-08-10,20:00:00,0.87385,0.87725,0.87379,0.8768,6197,0.87522,0.8716,BULLISH_NEWYORK_BREAKOUT,1,0,-0.044479927007299434,-0.03193430656934968,-0.038777372262774515
2023-08-15,20:00:00,0.87832,0.87887,0.87719,0.87845,4103,0.87834,0.87543,BULLISH_NEWYORK_BREAKOUT,1,0,0.05122659229325078,-0.058056804598998174,0.17303204507940997
2023-08-18,20:00:00,0.88173,0.88276,0.88097,0.88259,4196,0.88194,0.87922,BULLISH_NEWYORK_BREAKOUT,1,0,-0.1201010661802139,-0.263995739811231,-0.46567488867990203
2023-08-21,20:00:00,0.87858,0.87894,0.87798,0.87848,3388,0.88141,0.8785,BEARISH_NEWYORK_BREAKOUT,0,1,-0.025043256534013063,-0.10472634550587742,0.22425097896365498
2023-08-24,20:00:00,0.88317,0.88515,0.88306,0.88438,3966,0.8833,0.88069,BULLISH_NEWYORK_BREAKOUT,1,0,0.0995047377824003,0.1311653361677038,0.016961034849271066
2023-08-29,20:00:00,0.87901,0.87952,0.87747,0.87837,5086,0.88586,0.87875,BEARISH_NEWYORK_BREAKOUT,0,1,0.01707708596604887,0.12750890854651342,0.0056923619886829575
2023-09-20,20:00:00,0.89356,0.89957,0.89346,0.89858,8893,0.89682,0.8932,BULLISH_NEWYORK_BREAKOUT,1,0,0.20254178815463647,0.9459369227002551,0.6588172449865259
2023-09-22,20:00:00,0.90639,0.9075,0.90618,0.90704,3882,0.90656,0.90442,BULLISH_NEWYORK_BREAKOUT,1,0,-0.0011024872111433332,0.30208149585465643,0.5534485799964748
2023-09-26,20:00:00,0.91461,0.91587,0.914,0.91578,4867,0.91472,0.91219,BULLISH_NEWYORK_BREAKOUT,1,0,0.06005809255497384,0.0895411561728725,0.5983969949114338
2023-09-27,20:00:00,0.92048,0.92251,0.91972,0.92126,7015,0.92067,0.91698,BULLISH_NEWYORK_BREAKOUT,1,0,-0.08575212209364973,-0.2985042224779019,-0.6947007359485879
2023-10-05,20:00:00,0.91362,0.91425,0.9121,0.91235,5114,0.91697,0.91308,BEARISH_NEWYORK_BREAKOUT,0,1,0.09206992930344188,0.0602838822820245,-0.256480517345318
2023-10-12,20:00:00,0.90699,0.90877,0.90696,0.90836,5909,0.90717,0.90223,BULLISH_NEWYORK_BREAKOUT,1,0,-0.1255009027257826,-0.20476463076313056,-0.6484213307499176
2023-10-16,20:00:00,0.90059,0.901,0.89954,0.90006,3887,0.90335,0.90026,BEARISH_NEWYORK_BREAKOUT,0,1,0.017776592671605116,0.2810923716196734,0.017776592671605116
2023-10-19,20:00:00,0.89335,0.89378,0.89085,0.89144,7807,0.89762,0.89281,BEARISH_NEWYORK_BREAKOUT,0,1,0.09422956115946693,0.006730682939956586,0.09759490262945766
2023-10-23,20:00:00,0.89142,0.89218,0.89056,0.89109,4101,0.89477,0.89117,BEARISH_NEWYORK_BREAKOUT,0,1,-0.03142219080003793,0.06059993940005891,0.2177108934002112
2023-11-06,20:00:00,0.89779,0.89942,0.89777,0.89937,3841,0.89857,0.89674,BULLISH_NEWYORK_BREAKOUT,1,0,-0.024461567541723423,0.09006304413088911,0.07560848149260192
2023-11-09,20:00:00,0.90047,0.90409,0.9,0.90283,7976,0.90064,0.89911,BULLISH_NEWYORK_BREAKOUT,1,0,0.03876698824806015,-0.06202718119690362,-0.03765936001240621
2023-11-14,20:00:00,0.89023,0.89027,0.88795,0.88902,3344,0.89623,0.89018,BEARISH_NEWYORK_BREAKOUT,0,1,0.05286720208768873,0.010123506782740937,-0.11585791095814338
2023-11-16,20:00:00,0.88788,0.88912,0.88756,0.88863,3204,0.88854,0.88541,BULLISH_NEWYORK_BREAKOUT,1,0,0.025882538289271402,-0.11028211966735096,-0.3443502920225586
2023-11-17,20:00:00,0.8864,0.88655,0.88521,0.88557,4510,0.88838,0.88608,BEARISH_NEWYORK_BREAKOUT,0,1,-0.07226983750578429,-0.32973113362014556,-0.06549454023960996
2023-11-22,20:00:00,0.88458,0.8848,0.88356,0.88381,3296,0.88743,0.88403,BEARISH_NEWYORK_BREAKOUT,0,1,-0.06788789445694594,-0.11540942057682317,0.0407327366741751
2023-12-01,20:00:00,0.87038,0.87052,0.8679,0.86929,5041,0.87683,0.86973,BEARISH_NEWYORK_BREAKOUT,0,1,0.1219385935648575,0.35776323206294175,0.3945748829504589
2023-12-11,20:00:00,0.87999,0.8801,0.87786,0.87842,4145,0.88138,0.87875,BEARISH_NEWYORK_BREAKOUT,0,1,-0.0671660481318708,-0.08082693927733754,-0.36315202295030014
2023-12-13,20:00:00,0.87711,0.87799,0.86901,0.87154,11298,0.87779,0.87489,BEARISH_NEWYORK_BREAKOUT,0,1,-0.30061729811597354,-0.06081189618377016,-0.4509259471739667
2023-12-15,20:00:00,0.86857,0.87111,0.86842,0.87013,6112,0.86935,0.86643,BULLISH_NEWYORK_BREAKOUT,1,0,0.06550745290934348,-0.16204475193360893,-0.35282084286255
2023-12-18,20:00:00,0.8677,0.86864,0.86705,0.86706,3800,0.86916,0.86715,BEARISH_NEWYORK_BREAKOUT,0,1,0.028833068069103917,-0.11071898138537956,-0.7104467972228051
2023-12-21,20:00:00,0.8581,0.85883,0.85599,0.85619,5524,0.85916,0.85626,BEARISH_NEWYORK_BREAKOUT,0,1,0.02219133603522857,-0.06540604305119249,-0.05606232261531154
2023-12-26,20:00:00,0.85515,0.85516,0.8531,0.85362,4079,0.85578,0.85378,BEARISH_NEWYORK_BREAKOUT,0,1,0.02928703638621078,-0.20149481033715877,-1.246456268597279
2023-12-28,20:00:00,0.84083,0.84506,0.84052,0.84477,5729,0.84105,0.83326,BULLISH_NEWYORK_BREAKOUT,1,0,-0.2769984729571373,-0.5397918960190358,-0.4107626928039553
2024-01-03,20:00:00,0.85163,0.8531,0.84899,0.84903,7445,0.85472,0.85064,BEARISH_NEWYORK_BREAKOUT,0,1,0.1590049821561162,0.04593477262287569,0.13309305913808409
2024-01-17,20:00:00,0.86537,0.86642,0.86424,0.86431,4543,0.86848,0.86513,BEARISH_NEWYORK_BREAKOUT,0,1,-0.042808714465872366,-0.006941953697175782,0.42577316009302413
2024-01-29,20:00:00,0.86386,0.86438,0.86068,0.86125,5340,0.8649,0.86257,BEARISH_NEWYORK_BREAKOUT,0,1,0.016255442670540375,0.20551523947750935,0.052249637155304667
2024-02-06,20:00:00,0.87016,0.87072,0.86954,0.86971,5077,0.87409,0.86989,BEARISH_NEWYORK_BREAKOUT,0,1,-0.06208966207126341,0.17937013487254438,0.5622563843120191
2024-02-07,20:00:00,0.87379,0.87531,0.87322,0.8746,4870,0.87445,0.87039,BULLISH_NEWYORK_BREAKOUT,1,0,-0.16007317630917767,-0.2069517493711513,-0.10747770409330572
2024-02-20,20:00:00,0.8812,0.8821,0.8811,0.88187,4230,0.88128,0.87858,BULLISH_NEWYORK_BREAKOUT,1,0,-0.04989397530248176,-0.14741401793916098,-0.26534523229047463
2024-02-27,20:00:00,0.87975,0.88017,0.87847,0.87852,4671,0.88102,0.87865,BEARISH_NEWYORK_BREAKOUT,0,1,0.07512634885944475,0.3221326776851977,0.025042116286481578
2024-02-29,20:00:00,0.88384,0.88466,0.8832,0.88463,4407,0.8844,0.8779,BULLISH_NEWYORK_BREAKOUT,1,0,-0.04973830867142149,0.05199914088376111,-0.18199699309315762
2024-03-01,20:00:00,0.88395,0.88476,0.88298,0.88302,4763,0.88925,0.88372,BEARISH_NEWYORK_BREAKOUT,0,1,0.05549138184865467,-0.05775633620982656,0.21290570994994368
2024-03-08,20:00:00,0.87672,0.87786,0.87662,0.87736,4624,0.87701,0.87427,BULLISH_NEWYORK_BREAKOUT,1,0,-0.011397829853194697,-0.1629889669007069,0.0034193489559558783
2024-03-11,20:00:00,0.87832,0.87878,0.87734,0.87739,3778,0.87945,0.87749,BEARISH_NEWYORK_BREAKOUT,0,1,0.0,-0.1014372172010232,-0.02165513625639949
2024-03-13,20:00:00,0.87775,0.87894,0.87684,0.87881,4265,0.87832,0.87659,BULLISH_NEWYORK_BREAKOUT,1,0,-0.04210238845711604,0.1274450677620885,0.5564342690684063
2024-03-18,20:00:00,0.88692,0.88844,0.88657,0.88777,4238,0.88703,0.88368,BULLISH_NEWYORK_BREAKOUT,1,0,0.06645865483177969,-0.05519447604672274,0.029286864841123035
2024-03-20,20:00:00,0.89073,0.89163,0.88591,0.88674,9526,0.89161,0.89022,BEARISH_NEWYORK_BREAKOUT,0,1,-0.190585741028934,0.9112028328484083,1.212305749148571
2024-03-25,20:00:00,0.899,0.89954,0.89848,0.8994,3739,0.89904,0.89688,BULLISH_NEWYORK_BREAKOUT,1,0,-0.004447409384025904,0.17122526128529975,0.5003335557038091
2024-03-27,20:00:00,0.90484,0.90596,0.90368,0.90372,3467,0.90712,0.90469,BEARISH_NEWYORK_BREAKOUT,0,1,0.2146682600805618,0.25561014473509874,-0.2279467091576983
2024-04-03,20:00:00,0.90382,0.9043,0.90269,0.90282,4068,0.909,0.90295,BEARISH_NEWYORK_BREAKOUT,0,1,-0.014399326554569403,0.3333997917635928,-0.16614607562968764
2024-04-04,20:00:00,0.90445,0.90501,0.90085,0.90132,6907,0.90566,0.90382,BEARISH_NEWYORK_BREAKOUT,0,1,0.006656903208621686,0.2318821284338566,0.0987440642612997
2024-04-12,20:00:00,0.91245,0.91442,0.9121,0.91437,5221,0.91277,0.91032,BULLISH_NEWYORK_BREAKOUT,1,0,-0.010936491792161706,-0.1662346752408725,-0.3171582619727259
2024-04-15,20:00:00,0.91333,0.91347,0.91135,0.91147,5539,0.91518,0.91275,BEARISH_NEWYORK_BREAKOUT,0,1,0.1459181322479009,0.20077457294260898,0.16237506445632185
2024-04-18,20:00:00,0.91176,0.91253,0.91129,0.9123,4218,0.91218,0.90932,BULLISH_NEWYORK_BREAKOUT,1,0,-0.03726844239833464,-0.42201030362819464,-0.2378603529540727
2024-04-19,20:00:00,0.90991,0.91061,0.90929,0.91013,4642,0.91009,0.9074,BULLISH_NEWYORK_BREAKOUT,1,0,0.0966894839198787,0.0780108336171743,0.20326766505883975
2024-04-24,20:00:00,0.91389,0.91522,0.9131,0.9151,4328,0.91428,0.91201,BULLISH_NEWYORK_BREAKOUT,1,0,-0.07758714894546917,-0.27975084690197866,-0.3212763632389961
2024-04-25,20:00:00,0.91289,0.913,0.91169,0.91216,5374,0.91566,0.9127,BEARISH_NEWYORK_BREAKOUT,0,1,0.06797053148571139,-0.06687423259077349,0.2455709524644821
2024-04-30,20:00:00,0.91768,0.91949,0.91726,0.91943,4550,0.91845,0.91293,BULLISH_NEWYORK_BREAKOUT,1,0,0.05438151898459437,0.17184559999130178,-0.40242324048594513
2024-05-01,20:00:00,0.92009,0.92076,0.91455,0.91573,13835,0.92019,0.91867,BEARISH_NEWYORK_BREAKOUT,0,1,0.11793869371976126,-0.3374357070315527,-0.5580247452851888
2024-05-02,20:00:00,0.9115,0.91193,0.90976,0.91062,5200,0.91381,0.91096,BEARISH_NEWYORK_BREAKOUT,0,1,-0.12079681974918076,-0.30748281390701115,-0.6248490039753105
2024-05-07,20:00:00,0.90761,0.90934,0.90752,0.90832,3789,0.90799,0.90577,BULLISH_NEWYORK_BREAKOUT,1,0,0.04073454289237069,-0.002201867183373701,-0.04293641007574439
2024-05-09,20:00:00,0.90671,0.90681,0.90557,0.90589,2852,0.9082,0.90599,BEARISH_NEWYORK_BREAKOUT,0,1,0.04305158462948056,0.044155471414859086,0.061817659980792916
2024-05-13,20:00:00,0.9073,0.90871,0.9073,0.90822,3064,0.90769,0.90453,BULLISH_NEWYORK_BREAKOUT,1,0,0.012111602915586914,-0.08037700116711903,-0.19268459183898495
2024-05-15,20:00:00,0.90292,0.90352,0.90195,0.90216,4158,0.9063,0.90273,BEARISH_NEWYORK_BREAKOUT,0,1,-0.356921166977033,-0.009976057462082499,0.4345127250155222
2024-05-16,20:00:00,0.90464,0.90625,0.90433,0.90608,2972,0.90571,0.90391,BULLISH_NEWYORK_BREAKOUT,1,0,0.07394490552710008,0.3145417623167953,0.32888928129966255
2024-05-22,20:00:00,0.91377,0.91574,0.91375,0.91571,4852,0.91459,0.91324,BULLISH_NEWYORK_BREAKOUT,1,0,-0.06115473239344388,-0.12340151357963497,-0.15507092856908594
2024-05-28,20:00:00,0.91099,0.91247,0.91092,0.91244,5132,0.91165,0.90929,BULLISH_NEWYORK_BREAKOUT,1,0,-0.005479812371223806,0.02739906185611903,0.0854850729911011
2024-06-06,20:00:00,0.89153,0.89187,0.88921,0.88924,3710,0.89291,0.89112,BEARISH_NEWYORK_BREAKOUT,0,1,0.11245558004588196,0.014619225405960537,0.8231748459358544
2024-06-12,20:00:00,0.89132,0.89493,0.89076,0.89435,8878,0.89288,0.89024,BULLISH_NEWYORK_BREAKOUT,1,0,-0.038016436518142446,0.11852183149774259,-0.06485156817800916
2024-06-17,20:00:00,0.89093,0.89099,0.88953,0.88954,3783,0.89291,0.89081,BEARISH_NEWYORK_BREAKOUT,0,1,-0.15626053915506918,-0.07307147514446112,-0.6081795085100193
2024-06-19,20:00:00,0.8842,0.88475,0.8842,0.88447,1327,0.8844,0.88358,BULLISH_NEWYORK_BREAKOUT,1,0,-0.04974730629642565,0.5596571958347949,0.7778669711804808
2024-06-27,20:00:00,0.89804,0.89885,0.89783,0.89882,3825,0.89839,0.8957,BULLISH_NEWYORK_BREAKOUT,1,0,0.073429607707883,0.06897932845286765,-0.023363966088864565
2024-07-05,20:00:00,0.89755,0.89756,0.89536,0.89574,3876,0.89906,0.89698,BEARISH_NEWYORK_BREAKOUT,0,1,-0.02679348918213075,-0.03125907071247761,0.2065331457789111
2024-07-08,20:00:00,0.89712,0.89766,0.89674,0.89759,2971,0.89726,0.89558,BULLISH_NEWYORK_BREAKOUT,1,0,0.06573157009324741,0.10138259116077121,0.0233959825755683
2024-07-11,20:00:00,0.89429,0.89656,0.89416,0.89643,5220,0.89437,0.89151,BULLISH_NEWYORK_BREAKOUT,1,0,-0.05019912318864278,-0.07139430853496358,-0.21976060595918437
2024-07-15,20:00:00,0.89471,0.89597,0.89471,0.8957,4625,0.89546,0.8935,BULLISH_NEWYORK_BREAKOUT,1,0,-0.0022328904767243496,-0.05470581667970318,-0.21547393100369525
2024-07-16,20:00:00,0.89509,0.89513,0.89349,0.89377,3872,0.89725,0.89506,BEARISH_NEWYORK_BREAKOUT,0,1,0.03804110677243664,-0.7149490361054865,-1.1647291808854539
2024-07-17,20:00:00,0.8844,0.885,0.8827,0.88336,5262,0.88653,0.88358,BEARISH_NEWYORK_BREAKOUT,0,1,0.027168991124798265,0.1007516754211133,0.4969661293243983
2024-07-18,20:00:00,0.886,0.88785,0.8859,0.88775,4843,0.88643,0.88331,BULLISH_NEWYORK_BREAKOUT,1,0,0.025908194874677833,0.059701492537304356,0.12390875809630976
2024-07-24,20:00:00,0.88417,0.88604,0.88398,0.88516,5113,0.88482,0.88283,BULLISH_NEWYORK_BREAKOUT,1,0,-0.0824709657011046,-0.5072529260246729,-0.4021871751999522
2024-07-26,20:00:00,0.88309,0.88386,0.88291,0.88382,3730,0.88342,0.88192,BULLISH_NEWYORK_BREAKOUT,1,0,-0.08146455160553663,0.15387748636599272,0.25570817587290723
2024-07-30,20:00:00,0.88314,0.88416,0.88254,0.88269,5422,0.88632,0.88309,BEARISH_NEWYORK_BREAKOUT,0,1,-0.10989135483578906,-0.16766928366696415,-0.5335961662644861
2024-08-09,20:00:00,0.86445,0.86537,0.86432,0.8652,5063,0.86505,0.86319,BULLISH_NEWYORK_BREAKOUT,1,0,-0.021960240406845064,0.38141470180306064,-0.005779010633378929
2024-08-12,20:00:00,0.86675,0.86675,0.86444,0.86515,8008,0.87116,0.86598,BEARISH_NEWYORK_BREAKOUT,0,1,0.1294573195399653,0.245044211986362,-0.05085823267641403
2024-08-16,20:00:00,0.86839,0.8684,0.86593,0.86617,4449,0.86966,0.86658,BEARISH_NEWYORK_BREAKOUT,0,1,0.07273398986342397,-0.1858757518731889,-0.3821420737268706
2024-08-20,20:00:00,0.85616,0.85646,0.85396,0.85401,4789,0.85932,0.8558,BEARISH_NEWYORK_BREAKOUT,0,1,-0.06088921675391107,0.1393426306483429,-0.27634336834463635
2024-08-27,20:00:00,0.84315,0.84328,0.84088,0.84151,5507,0.84556,0.84214,BEARISH_NEWYORK_BREAKOUT,0,1,0.023766800156858264,0.18538104122351556,0.07605376050195173
2024-09-04,20:00:00,0.84793,0.84814,0.84628,0.84647,5545,0.85123,0.84713,BEARISH_NEWYORK_BREAKOUT,0,1,0.04371094073033805,-0.043710940730324936,-0.2906186870178396
2024-09-05,20:00:00,0.84544,0.84557,0.8436,0.84401,7904,0.84909,0.84493,BEARISH_NEWYORK_BREAKOUT,0,1,-0.08767668629519483,-0.36492458620159507,-0.09715524697575181
2024-09-09,20:00:00,0.84825,0.84939,0.8477,0.8493,5702,0.84896,0.84691,BULLISH_NEWYORK_BREAKOUT,1,0,0.04827505004119986,-0.1412928293889191,-0.2802307782880076
2024-09-11,20:00:00,0.8501,0.85294,0.85002,0.85223,8824,0.85155,0.84739,BULLISH_NEWYORK_BREAKOUT,1,0,0.052802647172705774,0.23819860835689616,-0.1290731375332938
2024-09-12,20:00:00,0.85314,0.85332,0.85063,0.85113,9038,0.85483,0.85222,BEARISH_NEWYORK_BREAKOUT,0,1,-0.19151011008894298,-0.3418984173980566,-0.25378026858412356
2024-09-13,20:00:00,0.84789,0.84942,0.84774,0.84897,5254,0.84846,0.84435,BULLISH_NEWYORK_BREAKOUT,1,0,-0.21791111582270495,-0.5430109426717085,-0.4982508215837964
2024-09-24,20:00:00,0.84509,0.84546,0.84304,0.84334,5768,0.84856,0.84488,BEARISH_NEWYORK_BREAKOUT,0,1,-0.2015794341546617,0.3794436407617308,0.8359617710531934
2024-09-25,20:00:00,0.84991,0.85065,0.84905,0.85039,6545,0.8501,0.84657,BULLISH_NEWYORK_BREAKOUT,1,0,-0.047037241736139414,-0.09525041451569015,-0.5009466244899318
2024-09-27,20:00:00,0.84214,0.8425,0.84017,0.84036,6492,0.843,0.84063,BEARISH_NEWYORK_BREAKOUT,0,1,0.09400733019181748,0.359369793897856,0.6164024941691612
2024-10-09,20:00:00,0.85996,0.861,0.85962,0.86073,5334,0.8602,0.85798,BULLISH_NEWYORK_BREAKOUT,1,0,-0.0267215038397584,-0.03253052641361948,-0.530944663250957
2024-10-18,20:00:00,0.86506,0.86576,0.86457,0.86475,5175,0.86605,0.86498,BEARISH_NEWYORK_BREAKOUT,0,1,0.0612893899971125,0.017346053772764783,0.15495808037005004
2024-10-21,20:00:00,0.86543,0.86636,0.86536,0.86609,4604,0.86596,0.86338,BULLISH_NEWYORK_BREAKOUT,1,0,-0.09467838215428453,-0.07389532265699568,-0.08890531007170714
2024-10-31,20:00:00,0.86546,0.86567,0.86326,0.86341,6239,0.86598,0.86367,BEARISH_NEWYORK_BREAKOUT,0,1,0.004632793226860936,0.5455114024623287,0.7354559247634341
2024-11-04,20:00:00,0.86294,0.86432,0.86286,0.86408,5330,0.86372,0.86148,BULLISH_NEWYORK_BREAKOUT,1,0,-0.005786501249883633,-0.2303027497453866,-0.1064716229978614
2024-11-11,20:00:00,0.88019,0.88095,0.87985,0.88083,3807,0.88075,0.87911,BULLISH_NEWYORK_BREAKOUT,1,0,0.07947049941532804,0.18845861289919677,0.09763518499596652
2024-11-13,20:00:00,0.88509,0.88633,0.88503,0.88598,5506,0.88531,0.88071,BULLISH_NEWYORK_BREAKOUT,1,0,0.05530598884850566,0.37359759813991683,0.4954965123366221
2024-11-14,20:00:00,0.8877,0.89176,0.88763,0.89037,8646,0.89021,0.8865,BULLISH_NEWYORK_BREAKOUT,1,0,-0.03481698619675331,-0.23024136033334414,-0.22125633163741226
2024-11-18,20:00:00,0.88423,0.88442,0.8829,0.88316,4667,0.88649,0.8839,BEARISH_NEWYORK_BREAKOUT,0,1,-0.020381357851347204,0.043027311019526136,-0.09737759862312287
2024-12-05,20:00:00,0.87962,0.88047,0.87789,0.87851,5506,0.88167,0.87883,BEARISH_NEWYORK_BREAKOUT,0,1,0.0728506220760121,0.03642531103800605,0.003414872909810303
2024-12-12,20:00:00,0.88911,0.89275,0.88906,0.8923,7088,0.89015,0.88673,BULLISH_NEWYORK_BREAKOUT,1,0,0.02241398632746587,0.240950353020283,0.03810377675669696
2024-12-18,20:00:00,0.89278,0.90202,0.89171,0.90107,14633,0.89401,0.89212,BULLISH_NEWYORK_BREAKOUT,1,0,-0.13206521135983046,-0.5482370958971062,-0.2552520891828692
2024-12-24,20:00:00,0.901,0.90118,0.89909,0.8994,2078,0.90116,0.89956,BEARISH_NEWYORK_BREAKOUT,0,1,0.02557260395820141,0.020013342228159772,-0.08338892595063692
2024-12-26,20:00:00,0.8997,0.8997,0.89844,0.89865,5490,0.901,0.89957,BEARISH_NEWYORK_BREAKOUT,0,1,0.06231569576587158,0.1301952929394096,0.39837534078896436
2024-12-30,20:00:00,0.9051,0.90513,0.90339,0.90366,4711,0.90738,0.90419,BEARISH_NEWYORK_BREAKOUT,0,1,-0.10180820219994598,0.015492552508690104,0.4271518048823644
2025-01-07,20:00:00,0.90757,0.90975,0.90744,0.90972,4947,0.90959,0.90664,BULLISH_NEWYORK_BREAKOUT,1,0,-0.07254979554148462,0.2319394978674819,0.15938970232599728
2025-01-14,20:00:00,0.9141,0.91415,0.91215,0.91229,4318,0.91695,0.91328,BEARISH_NEWYORK_BREAKOUT,0,1,0.004384570695713971,-0.06248013241404273,0.03288428021790954
2025-01-20,20:00:00,0.90811,0.90871,0.90551,0.90667,4272,0.91056,0.90673,BEARISH_NEWYORK_BREAKOUT,0,1,0.17646993944875708,0.429042540284785,-0.11470546064168109
2025-01-21,20:00:00,0.90725,0.90734,0.90549,0.90563,4492,0.90981,0.90634,BEARISH_NEWYORK_BREAKOUT,0,1,0.11594138886741774,-0.1501717036758972,0.11262877775691064
2025-01-30,20:00:00,0.90871,0.91035,0.90815,0.90967,7627,0.90918,0.90587,BULLISH_NEWYORK_BREAKOUT,1,0,0.012092297206685337,0.1066320753679935,0.1582991634328929
2025-01-31,20:00:00,0.90794,0.91144,0.90777,0.91111,11898,0.91094,0.90712,BULLISH_NEWYORK_BREAKOUT,1,0,0.5180494122553871,0.6793910724281403,-0.08451229818572263
2025-02-13,20:00:00,0.90432,0.9063,0.90278,0.90303,9092,0.90845,0.90359,BEARISH_NEWYORK_BREAKOUT,0,1,-0.001107382921935538,-0.13731548232063373,-0.37208066177203747
2025-02-14,20:00:00,0.89802,0.89975,0.89791,0.89967,4402,0.8991,0.89719,BULLISH_NEWYORK_BREAKOUT,1,0,-0.0489068213900648,0.07669478808897479,0.11670946013538246
2025-02-20,20:00:00,0.89832,0.89867,0.89755,0.89784,4793,0.90265,0.89809,BEARISH_NEWYORK_BREAKOUT,0,1,0.1548160028512878,0.12028869286287991,0.007796489352224728
2025-03-11,20:00:00,0.88101,0.88351,0.87997,0.88261,8035,0.88159,0.87867,BULLISH_NEWYORK_BREAKOUT,1,0,0.10763530891333732,-0.10310329590645544,-0.10197029265474128
2025-03-12,20:00:00,0.88284,0.88291,0.88163,0.88171,4808,0.88522,0.88232,BEARISH_NEWYORK_BREAKOUT,0,1,-0.06011046716040767,-0.022683195154867015,0.034024792732300524
2025-03-13,20:00:00,0.88448,0.88493,0.8819,0.88201,5549,0.88547,0.88311,BEARISH_NEWYORK_BREAKOUT,0,1,0.13832042720604062,0.17913629097176062,0.3480686160020881
2025-03-19,20:00:00,0.8797,0.88093,0.87692,0.87748,7080,0.88089,0.87885,BEARISH_NEWYORK_BREAKOUT,0,1,-0.12763823676893032,0.37949582896475637,0.48434152345352327
2025-03-25,20:00:00,0.88151,0.88275,0.88107,0.88256,3410,0.88213,0.88003,BULLISH_NEWYORK_BREAKOUT,1,0,0.07025018129078521,0.09970993473531453,0.12010514865844248
2025-04-02,20:00:00,0.8835,0.88402,0.88127,0.88145,7877,0.88383,0.88153,BEARISH_NEWYORK_BREAKOUT,0,1,-0.3732486244256514,-1.7425832435191932,-2.5299222871405056
2025-04-04,20:00:00,0.85853,0.86256,0.85808,0.86063,11978,0.8591,0.85033,BULLISH_NEWYORK_BREAKOUT,1,0,-0.7761755922986672,-1.0980328364105316,-0.01975297166029577
2025-04-08,20:00:00,0.85269,0.85324,0.84557,0.8474,13626,0.85858,0.85249,BEARISH_NEWYORK_BREAKOUT,0,1,-0.47321217842814123,-0.5381165919282521,1.2143025725749244
2025-04-09,20:00:00,0.84178,0.85835,0.84028,0.85769,16847,0.84269,0.83669,BULLISH_NEWYORK_BREAKOUT,1,0,-0.6354277186395965,-1.3501381618067045,-3.9687999160535816
2025-04-10,20:00:00,0.82653,0.82876,0.8231,0.82365,13286,0.84001,0.82495,BEARISH_NEWYORK_BREAKOUT,0,1,-0.6386207733867593,-1.2808838705760879,-1.0356340678686382
2025-04-15,20:00:00,0.82095,0.82392,0.82086,0.82335,5061,0.82209,0.81668,BULLISH_NEWYORK_BREAKOUT,1,0,-0.6072751563733533,-0.7493775429647184,-1.2169794133722025
2025-04-18,20:00:00,0.81727,0.81746,0.81556,0.81571,8869,0.81857,0.81694,BEARISH_NEWYORK_BREAKOUT,0,1,-0.460948131076007,-1.2982555074720303,-0.834855524634992
2025-04-21,20:00:00,0.80707,0.80925,0.8065,0.8089,5342,0.80838,0.80466,BULLISH_NEWYORK_BREAKOUT,1,0,0.275683026332064,0.20274446779578267,1.2350105080974232
2025-04-22,20:00:00,0.81782,0.81913,0.81576,0.81889,6899,0.81806,0.81177,BULLISH_NEWYORK_BREAKOUT,1,0,0.4603792939222533,0.31383946561808806,1.4238786650221646
2025-04-23,20:00:00,0.82944,0.8311,0.82862,0.83055,6422,0.82994,0.82205,BULLISH_NEWYORK_BREAKOUT,1,0,-0.19505147191620803,-0.47558846547468653,-0.4671603154536144
2025-04-28,20:00:00,0.82104,0.82209,0.81975,0.81991,5399,0.83067,0.81996,BEARISH_NEWYORK_BREAKOUT,0,1,0.2427095656840307,0.6098230293568812,0.47932090107450687
2025-04-30,20:00:00,0.82223,0.82728,0.82185,0.8263,6524,0.82447,0.8214,BULLISH_NEWYORK_BREAKOUT,1,0,-0.01694299891081072,0.04598813990075468,0.3449110492557206
2025-05-06,20:00:00,0.82359,0.82363,0.82128,0.8218,4561,0.82537,0.82257,BEARISH_NEWYORK_BREAKOUT,0,1,0.5512290094913646,0.45388172304697144,0.2263324409832043
2025-05-07,20:00:00,0.82025,0.82439,0.81857,0.82366,8458,0.82249,0.81938,BULLISH_NEWYORK_BREAKOUT,1,0,0.031566423038637055,0.3945802879829161,0.9639899958720903
2025-05-08,20:00:00,0.83086,0.83322,0.83043,0.8316,6067,0.83139,0.82394,BULLISH_NEWYORK_BREAKOUT,1,0,-0.08537758537758398,-0.16714766714766743,-0.00962000962000589
2025-05-09,20:00:00,0.83133,0.83168,0.83055,0.83152,3617,0.83148,0.82691,BULLISH_NEWYORK_BREAKOUT,1,0,0.2802097363863699,1.2050221281508464,1.6620165480084597
2025-05-12,20:00:00,0.84507,0.84761,0.84468,0.84534,5422,0.8451,0.84102,BULLISH_NEWYORK_BREAKOUT,1,0,-0.1892729552605975,-0.649442827737951,-0.6967610665530971
2025-05-13,20:00:00,0.84143,0.84169,0.8387,0.83945,4621,0.84342,0.84045,BEARISH_NEWYORK_BREAKOUT,0,1,-0.04288522246709476,-0.4574423729823176,0.30496158198820733
2025-05-20,20:00:00,0.83213,0.83236,0.82821,0.82824,4825,0.83475,0.83075,BEARISH_NEWYORK_BREAKOUT,0,1,-0.253549695740364,-0.33565150198010296,-0.36825074857529183
2025-06-12,20:00:00,0.81219,0.81282,0.81017,0.81024,4455,0.81422,0.81061,BEARISH_NEWYORK_BREAKOUT,0,1,-0.4035841232227482,0.26411927330174156,0.14687006319115625
2025-06-16,20:00:00,0.81167,0.81467,0.81159,0.8138,4400,0.81207,0.80886,BULLISH_NEWYORK_BREAKOUT,1,0,0.08601622020152788,-0.11550749569918173,0.33054804620300826
2025-06-17,20:00:00,0.81515,0.81716,0.81458,0.81649,6308,0.81644,0.81325,BULLISH_NEWYORK_BREAKOUT,1,0,0.048990189714504265,0.08205856777179737,0.23025389165819454
2025-06-18,20:00:00,0.81771,0.81991,0.8156,0.81837,9254,0.8183,0.81653,BULLISH_NEWYORK_BREAKOUT,1,0,0.07576035289660593,-0.28837811747742814,-0.25660764690787674
2025-06-19,20:00:00,0.81884,0.81888,0.81573,0.81627,3644,0.81945,0.81706,BEARISH_NEWYORK_BREAKOUT,0,1,-0.037977629950878077,-0.035527460276625684,0.21438984649685988
2025-06-25,20:00:00,0.80521,0.80575,0.80396,0.80463,4230,0.80748,0.80475,BEARISH_NEWYORK_BREAKOUT,0,1,-0.13298037607346289,-0.6388029280538785,-0.551806420342269
2025-06-30,20:00:00,0.79417,0.79417,0.79295,0.79304,4968,0.79823,0.79381,BEARISH_NEWYORK_BREAKOUT,0,1,-0.14627257137091934,-0.42242509835569003,-0.26480379299909096
2025-07-04,20:00:00,0.79334,0.79524,0.79325,0.79447,10377,0.79438,0.79263,BULLISH_NEWYORK_BREAKOUT,1,0,-0.07552204614397585,0.3360731053406611,0.45187357609475276
2025-07-08,20:00:00,0.79691,0.79703,0.7953,0.7957,4961,0.79947,0.79673,BEARISH_NEWYORK_BREAKOUT,0,1,0.06660801809727668,0.08294583385698051,-0.18851325876585975
2025-07-18,20:00:00,0.80079,0.80195,0.8007,0.80151,3902,0.80103,0.79848,BULLISH_NEWYORK_BREAKOUT,1,0,0.03742935209792492,-0.15720327881123478,-0.461628675874278
2025-07-23,20:00:00,0.79435,0.79475,0.79193,0.79225,5046,0.79493,0.79296,BEARISH_NEWYORK_BREAKOUT,0,1,0.05175134111707434,0.2082675923004153,0.39002840012622747
2025-07-25,20:00:00,0.79543,0.79565,0.79469,0.79528,3641,0.79793,0.79542,BEARISH_NEWYORK_BREAKOUT,0,1,-0.04778191328839352,0.4765617141132633,1.0134795292224208
2025-07-28,20:00:00,0.80288,0.8037,0.80259,0.80334,3577,0.80326,0.80006,BULLISH_NEWYORK_BREAKOUT,1,0,0.06224014738466215,0.21908531879403287,0.3062215251325599
2025-07-30,20:00:00,0.8105,0.81503,0.80864,0.81488,9755,0.81243,0.80989,BULLISH_NEWYORK_BREAKOUT,1,0,-0.21720989593560389,-0.26138817985471186,-0.32274690752012825
2025-08-07,20:00:00,0.80713,0.8084,0.80562,0.80644,5416,0.80877,0.80696,BEARISH_NEWYORK_BREAKOUT,0,1,-0.038440553543975055,0.2591637319577309,0.21948316055750436
2025-08-08,20:00:00,0.80798,0.80863,0.80734,0.80821,4543,0.80811,0.80672,BULLISH_NEWYORK_BREAKOUT,1,0,-0.07547543336509069,0.01361032404944934,0.5060565942020067
2025-08-12,20:00:00,0.80735,0.80786,0.80615,0.80621,5278,0.81113,0.80663,BEARISH_NEWYORK_BREAKOUT,0,1,0.03100929038339545,-0.3510251671400751,-0.08806638468885135
2025-08-13,20:00:00,0.80496,0.80581,0.80474,0.8055,3739,0.805,0.80345,BULLISH_NEWYORK_BREAKOUT,1,0,-0.07324643078832768,0.14649286157665536,0.24705152079454343
2025-08-15,20:00:00,0.80622,0.80693,0.80576,0.80671,4011,0.80669,0.80455,BULLISH_NEWYORK_BREAKOUT,1,0,-0.013635631143788289,0.05206331891261741,0.07065736138140837
2025-08-19,20:00:00,0.8072,0.80791,0.80695,0.80757,3732,0.80734,0.80522,BULLISH_NEWYORK_BREAKOUT,1,0,0.12258999219881067,0.04581646173086933,-0.4433052243149235
2025-08-25,20:00:00,0.80412,0.80711,0.80406,0.80568,4976,0.80453,0.80195,BULLISH_NEWYORK_BREAKOUT,1,0,-0.2755436401549002,0.12908350709959795,-0.3140204547711153
2025-09-09,20:00:00,0.79686,0.79793,0.79669,0.79721,4376,0.79698,0.79287,BULLISH_NEWYORK_BREAKOUT,1,0,0.08027997641775365,0.04264873747193424,0.24962055167396888
2025-09-10,20:00:00,0.79875,0.79945,0.79849,0.7992,3575,0.79894,0.79635,BULLISH_NEWYORK_BREAKOUT,1,0,-0.003753753753750562,0.01001001001000613,-0.4341841841841808
2025-09-16,20:00:00,0.78629,0.78663,0.78556,0.78571,4789,0.79094,0.78626,BEARISH_NEWYORK_BREAKOUT,0,1,0.11709154777208282,0.15145537157475714,0.4021840119127847
2025-09-17,20:00:00,0.78697,0.78933,0.78289,0.78887,10364,0.7872,0.78585,BULLISH_NEWYORK_BREAKOUT,1,0,-0.03422617161255878,0.029155627669966346,0.45381368286283263
2025-09-22,20:00:00,0.79289,0.7931,0.79221,0.79237,3508,0.79449,0.79273,BEARISH_NEWYORK_BREAKOUT,0,1,-0.04543332029229109,-0.06688794376364961,-0.1413481075760074
2025-09-23,20:00:00,0.79186,0.79199,0.79093,0.79125,4848,0.79317,0.79157,BEARISH_NEWYORK_BREAKOUT,0,1,0.09352290679304429,0.3412322274881562,0.47772511848341304
2025-10-10,20:00:00,0.80139,0.80209,0.79953,0.79966,5578,0.80616,0.79998,BEARISH_NEWYORK_BREAKOUT,0,1,0.18883025285746582,0.5539854438136125,0.5339769401995843
2025-10-16,20:00:00,0.7943,0.79434,0.79238,0.79267,7510,0.79785,0.79419,BEARISH_NEWYORK_BREAKOUT,0,1,-0.16652579257446198,-0.4188375995054675,0.09840160470309246
2025-10-17,20:00:00,0.79215,0.79362,0.79181,0.79345,5195,0.79331,0.79055,BULLISH_NEWYORK_BREAKOUT,1,0,-0.0794000882223227,-0.12225092948516308,-0.12099061062448306
2025-10-21,20:00:00,0.79583,0.79643,0.79559,0.79636,4065,0.79623,0.79396,BULLISH_NEWYORK_BREAKOUT,1,0,-0.0426942588778953,-0.03139283741021303,-0.04394997237429824
2025-10-27,20:00:00,0.79561,0.79611,0.79505,0.79535,4963,0.79681,0.79552,BEARISH_NEWYORK_BREAKOUT,0,1,-0.1458477399886905,-0.1697365939523433,-0.25774816118689836
2025-10-29,20:00:00,0.79644,0.80203,0.79635,0.80005,15422,0.79794,0.79562,BULLISH_NEWYORK_BREAKOUT,1,0,-0.0412474220361293,-0.15624023498532397,0.22748578213860793
2025-11-04,20:00:00,0.80953,0.81083,0.8095,0.81045,5226,0.81039,0.80833,BULLISH_NEWYORK_BREAKOUT,1,0,-0.21716330433709466,0.0160404713430765,-0.02961317786415176
2025-11-06,20:00:00,0.80715,0.80738,0.80602,0.80618,5829,0.80879,0.80665,BEARISH_NEWYORK_BREAKOUT,0,1,0.09675258627105646,0.2493239723138699,-0.1302438661341134
2025-11-11,20:00:00,0.79985,0.80066,0.79965,0.80051,2857,0.80014,0.7986,BULLISH_NEWYORK_BREAKOUT,1,0,0.04996814530736105,-0.15490125045283867,-0.34478020262084114
2025-12-01,20:00:00,0.80373,0.80489,0.80353,0.80471,6034,0.80377,0.80075,BULLISH_NEWYORK_BREAKOUT,1,0,-0.0323097761926704,-0.060891501286176444,-0.2336245355469663
2025-12-02,20:00:00,0.80404,0.8045,0.80271,0.80283,5693,0.80505,0.80304,BEARISH_NEWYORK_BREAKOUT,0,1,-0.09840190326720082,-0.12331377751205688,-0.407309143903441
2025-12-04,20:00:00,0.80252,0.80397,0.80233,0.80363,5556,0.80271,0.79962,BULLISH_NEWYORK_BREAKOUT,1,0,-0.05599591851971062,-0.11821360576384735,0.12816843572291806
2025-12-10,20:00:00,0.80224,0.80303,0.79923,0.79997,14768,0.80349,0.80212,BEARISH_NEWYORK_BREAKOUT,0,1,-0.12375464079902188,-0.2387589534607507,-0.591272172706478
2025-12-23,20:00:00,0.78927,0.78937,0.78737,0.78752,5149,0.79084,0.78898,BEARISH_NEWYORK_BREAKOUT,0,1,-0.1498374644453422,-0.1561865095489579,0.050792360828925735
2025-12-30,20:00:00,0.79123,0.79242,0.79086,0.79176,4566,0.79169,0.78987,BULLISH_NEWYORK_BREAKOUT,1,0,0.016419116904107744,0.2159745377387073,0.08967363847630448
2026-01-05,20:00:00,0.7926,0.79276,0.79125,0.79154,5100,0.79595,0.79228,BEARISH_NEWYORK_BREAKOUT,0,1,-0.022740480582165018,0.13644288349293401,0.5242944134219353
2026-01-07,20:00:00,0.7969,0.7979,0.79672,0.79782,6697,0.79728,0.79514,BULLISH_NEWYORK_BREAKOUT,1,0,0.0,-0.032588804492232205,0.11782106239503295
2026-01-21,20:00:00,0.79336,0.79687,0.79299,0.79538,9142,0.79428,0.78999,BULLISH_NEWYORK_BREAKOUT,1,0,0.01885891020644013,-0.2690537856119126,-0.8033895747944388
2026-01-22,20:00:00,0.79003,0.79033,0.78893,0.78899,7267,0.7925,0.7894,BEARISH_NEWYORK_BREAKOUT,0,1,0.0937907958275864,0.2560235237455509,-1.1102802316886133
2026-01-23,20:00:00,0.78579,0.78719,0.77885,0.78023,13425,0.79096,0.78553,BEARISH_NEWYORK_BREAKOUT,0,1,-0.34605180523690765,-0.561372928495436,-0.41269881957884225
2026-01-27,20:00:00,0.76641,0.76711,0.76043,0.76126,12311,0.77136,0.76599,BEARISH_NEWYORK_BREAKOUT,0,1,0.5990069095972331,0.7645219767227932,0.9300370438483533
2026-01-29,20:00:00,0.76654,0.76715,0.76397,0.76429,8456,0.77059,0.76576,BEARISH_NEWYORK_BREAKOUT,0,1,0.5325203783904039,0.7052296903008028,1.1356945661986968
2026-01-30,20:00:00,0.77187,0.7732,0.77068,0.77297,11348,0.77228,0.76798,BULLISH_NEWYORK_BREAKOUT,1,0,-0.1060843241005528,0.24192400740001904,0.8616117054995663
2026-02-05,20:00:00,0.77689,0.77843,0.77673,0.77802,7440,0.77799,0.77455,BULLISH_NEWYORK_BREAKOUT,1,0,-0.09254260815918021,0.051412560088423945,-0.2814837664841553
2026-02-10,20:00:00,0.76763,0.76879,0.76733,0.76804,6006,0.76794,0.76291,BULLISH_NEWYORK_BREAKOUT,1,0,-0.0052080620800907486,-0.29946356960574566,0.4713296182490584
2026-02-17,20:00:00,0.77111,0.7712,0.76998,0.77004,5720,0.774,0.77087,BEARISH_NEWYORK_BREAKOUT,0,1,0.04155628279051712,0.18440600488287465,0.3869928834865843
2026-02-18,20:00:00,0.77267,0.77322,0.77233,0.77302,6606,0.77297,0.77091,BULLISH_NEWYORK_BREAKOUT,1,0,-0.11254560037256957,0.018110786266838885,0.2703681664122436
2026-03-04,20:00:00,0.77984,0.78039,0.77872,0.77909,7809,0.78196,0.77911,BEARISH_NEWYORK_BREAKOUT,0,1,0.02952162137879622,-0.01796968257838221,0.22975522725231606
2026-03-06,20:00:00,0.77751,0.7777,0.77598,0.77601,9812,0.78248,0.77677,BEARISH_NEWYORK_BREAKOUT,0,1,0.7409698328629828,0.5631370729758618,0.15721446888571008
2026-03-09,20:00:00,0.77896,0.78036,0.77693,0.77723,15085,0.78076,0.77795,BEARISH_NEWYORK_BREAKOUT,0,1,-0.009006343038742006,-0.13380852514698738,0.16597403599964147
2026-03-10,20:00:00,0.77569,0.77924,0.77542,0.77852,17702,0.77666,0.7748,BULLISH_NEWYORK_BREAKOUT,1,0,0.0012844885166810758,-0.10404356985048265,0.24662179520115513
2026-03-12,20:00:00,0.78446,0.78635,0.78365,0.78605,10343,0.78507,0.78154,BULLISH_NEWYORK_BREAKOUT,1,0,-0.12594618662935517,0.3205902932383394,0.6857070160931246
2026-03-13,20:00:00,0.78974,0.7917,0.78924,0.79144,9365,0.78995,0.78613,BULLISH_NEWYORK_BREAKOUT,1,0,-0.30198119882745417,-0.24385929445062005,-0.48013747093905107
2026-03-17,20:00:00,0.78501,0.78536,0.78437,0.78474,5967,0.78689,0.7848,BEARISH_NEWYORK_BREAKOUT,0,1,0.06371537069603384,0.18604888243240014,1.0869842240742205
2026-03-18,20:00:00,0.78947,0.79362,0.78931,0.79327,14746,0.78962,0.78736,BULLISH_NEWYORK_BREAKOUT,1,0,-0.16009681445157303,-0.09706657254151152,-0.6517327013501087
2026-03-19,20:00:00,0.79186,0.79187,0.78574,0.7881,11733,0.79435,0.79023,BEARISH_NEWYORK_BREAKOUT,0,1,0.068519223448799,0.08501459205683902,-0.026646364674539205
2026-03-24,20:00:00,0.79113,0.79247,0.78712,0.78812,13843,0.79169,0.78884,BEARISH_NEWYORK_BREAKOUT,0,1,-0.08247475003807027,0.1395726539105707,0.4402882809724373
2026-03-26,20:00:00,0.7944,0.79592,0.79314,0.79507,8625,0.7946,0.7924,BULLISH_NEWYORK_BREAKOUT,1,0,0.0,0.18614713169908634,0.484234092595609
2026-03-27,20:00:00,0.79684,0.79934,0.79636,0.79892,8594,0.79795,0.79525,BULLISH_NEWYORK_BREAKOUT,1,0,-0.035047313873722896,0.15020277374456642,0.06759124818504793
2026-04-07,20:00:00,0.79935,0.79965,0.7973,0.79756,11822,0.80111,0.79883,BEARISH_NEWYORK_BREAKOUT,0,1,-0.7874015748031575,-1.0945884949094757,-0.78614775063945
2026-04-08,20:00:00,0.78999,0.79264,0.7898,0.79129,11988,0.79046,0.78693,BULLISH_NEWYORK_BREAKOUT,1,0,0.06824299561475375,-0.034121497807390905,-0.11247456684654897
2026-04-13,20:00:00,0.78584,0.78591,0.78301,0.78378,8396,0.78994,0.78569,BEARISH_NEWYORK_BREAKOUT,0,1,-0.0944142488963834,-0.40827783306539855,-0.36234657684555166
2026-04-17,20:00:00,0.77943,0.78183,0.77939,0.78178,5434,0.77986,0.77751,BULLISH_NEWYORK_BREAKOUT,1,0,0.10744710788200668,0.02558264473380976,-0.4464171506050286
2026-04-22,20:00:00,0.78391,0.785,0.78341,0.78473,4451,0.78394,0.78171,BULLISH_NEWYORK_BREAKOUT,1,0,-0.05479591706702196,-0.07900806646873,0.21026340269900845
2026-04-23,20:00:00,0.78461,0.78735,0.78459,0.78638,12821,0.78632,0.7832,BULLISH_NEWYORK_BREAKOUT,1,0,-0.01017319870799982,-0.03560619547800643,-0.2174521223835791
2026-04-27,20:00:00,0.78537,0.78599,0.78512,0.78558,5010,0.78536,0.78307,BULLISH_NEWYORK_BREAKOUT,1,0,0.03182362076428671,0.4213447389190198,0.4671707528195807
2026-05-01,20:00:00,0.78057,0.78188,0.78036,0.78162,5019,0.78145,0.77789,BULLISH_NEWYORK_BREAKOUT,1,0,-0.08827819144852593,0.1113072848698904,0.281466697372122
2026-05-07,20:00:00,0.7783,0.78075,0.77825,0.78062,11476,0.77835,0.77659,BULLISH_NEWYORK_BREAKOUT,1,0,-0.012810330250312443,-0.31129102508261797,-0.5598114319387134
2026-05-08,20:00:00,0.7772,0.77729,0.77616,0.77625,6483,0.7782,0.77654,BEARISH_NEWYORK_BREAKOUT,0,1,0.20611916264090768,0.2808373590982235,0.22930756843800368
2026-05-13,20:00:00,0.78244,0.78249,0.78161,0.78163,5735,0.78308,0.78166,BEARISH_NEWYORK_BREAKOUT,0,1,-0.019190665660234956,0.040940086741807116,0.2571549198469808
2026-05-14,20:00:00,0.78318,0.78403,0.78297,0.78364,5845,0.78356,0.78179,BULLISH_NEWYORK_BREAKOUT,1,0,0.13781838599356463,0.2603236179878569,0.39941810014802287
2026-05-18,20:00:00,0.78481,0.78611,0.78401,0.7844,9701,0.78644,0.78443,BEARISH_NEWYORK_BREAKOUT,0,1,0.10453850076492133,0.31234064252932986,0.5673125956144908
2026-05-21,20:00:00,0.78883,0.78903,0.78576,0.78661,14612,0.79041,0.78853,BEARISH_NEWYORK_BREAKOUT,0,1,0.03432450642630941,-0.05466495467894401,-0.21611726268418083
